LAT,LON,YEAR,DOY,rain,WS2M,RH,T2MDEW,T2M_MAX,T2M_MIN,SRAD,T,date,month
6.82701,-73.42699,2018,1,1.99,0.57,87.86,16.4,22.74,14.96,12,18.61,01 January 2018,1
6.82701,-73.42699,2018,2,3.76,0.7,86.35,16.56,23.1,16.18,11.22,18.88,02 January 2018,1
6.82701,-73.42699,2018,3,8.61,0.67,87.66,16.77,22.77,16.14,20.71,18.87,03 January 2018,1
6.82701,-73.42699,2018,4,1.44,0.66,86.29,17.14,24.25,16.2,17.15,19.49,04 January 2018,1
6.82701,-73.42699,2018,5,4.37,0.71,88.57,17.45,23.07,16.61,20.41,19.39,05 January 2018,1
6.82701,-73.42699,2018,6,6.9,0.68,85.59,16.79,24.46,15.17,16.68,19.25,06 January 2018,1
6.82701,-73.42699,2018,7,4.38,0.72,83.52,16.62,24.48,15.43,16.98,19.47,07 January 2018,1
6.82701,-73.42699,2018,8,1.08,0.79,84.14,16.66,24.38,15.78,19.29,19.39,08 January 2018,1
6.82701,-73.42699,2018,9,0.69,0.47,86.3,16.1,21.94,16.46,12.88,18.42,09 January 2018,1
6.82701,-73.42699,2018,10,0.74,0.73,83.5,16.05,23.27,15.33,19.86,18.89,10 January 2018,1
6.82701,-73.42699,2018,11,0.67,0.59,79.91,16.37,24.8,15.84,17.44,19.9,11 January 2018,1
6.82701,-73.42699,2018,12,12.09,0.53,86.63,16.63,22.96,16.5,18.095,18.91,12 January 2018,1
6.82701,-73.42699,2018,13,1.93,0.58,83.49,16.16,22.38,15.94,18.75,19,13 January 2018,1
6.82701,-73.42699,2018,14,2.95,0.62,83.21,16.43,23.78,15.9,19.26,19.33,14 January 2018,1
6.82701,-73.42699,2018,15,12.6,0.64,83.51,16.6,24.4,15.99,17.91,19.44,15 January 2018,1
6.82701,-73.42699,2018,16,7.77,0.63,80.89,16.37,25.13,15.22,18.28,19.71,16 January 2018,1
6.82701,-73.42699,2018,17,1.97,0.56,84.77,16.85,24.82,16.32,11.91,19.47,17 January 2018,1
6.82701,-73.42699,2018,18,4.09,0.42,87.27,16.91,22.79,16.45,16.03,19.08,18 January 2018,1
6.82701,-73.42699,2018,19,0.3,0.36,81.06,16.32,24.43,16.31,16.88,19.62,19 January 2018,1
6.82701,-73.42699,2018,20,0.03,0.45,76.55,16.02,25.68,15.57,21.33,20.21,20 January 2018,1
6.82701,-73.42699,2018,21,0.01,0.54,75.36,15.68,25.44,16.06,21.35,20.1,21 January 2018,1
6.82701,-73.42699,2018,22,0,0.63,73.4,15.27,26.1,14.87,19.56,20.09,22 January 2018,1
6.82701,-73.42699,2018,23,0,0.68,74.76,15.32,25.89,15.12,21.16,19.86,23 January 2018,1
6.82701,-73.42699,2018,24,0,0.66,73.95,15.15,26.58,13.69,21.89,19.86,24 January 2018,1
6.82701,-73.42699,2018,25,0,0.77,72.99,15.24,26.27,14.08,20.46,20.15,25 January 2018,1
6.82701,-73.42699,2018,26,0.01,0.68,75.13,16.08,25.81,16.11,21.28,20.56,26 January 2018,1
6.82701,-73.42699,2018,27,0.05,0.7,75.33,16.78,26.69,17.29,21.53,21.25,27 January 2018,1
6.82701,-73.42699,2018,28,0.06,0.73,75.46,16.89,26.29,17.8,20.7,21.34,28 January 2018,1
6.82701,-73.42699,2018,29,0.05,0.79,75.32,16.94,26.37,17.08,19.87,21.41,29 January 2018,1
6.82701,-73.42699,2018,30,0,0.69,76.87,17.21,26.62,17.47,21.33,21.37,30 January 2018,1
6.82701,-73.42699,2018,31,0,0.55,75.09,17.16,27.48,17.72,20.61,21.69,31 January 2018,1
6.82701,-73.42699,2018,32,0,0.76,77.08,17.52,26.32,18.01,20.12,21.65,01 February 2018,2
6.82701,-73.42699,2018,33,0,0.79,79.83,17.38,25.78,18.04,18.65,20.95,02 February 2018,2
6.82701,-73.42699,2018,34,0.35,0.71,83.66,17.38,24.07,17.71,15.51,20.22,03 February 2018,2
6.82701,-73.42699,2018,35,0.05,0.79,80.82,17.21,25.31,17.17,18.77,20.58,04 February 2018,2
6.82701,-73.42699,2018,36,0,0.86,78.97,17.12,25.84,17.31,15.04,20.85,05 February 2018,2
6.82701,-73.42699,2018,37,0,0.93,72.26,15.93,26.91,16.45,21.43,21.02,06 February 2018,2
6.82701,-73.42699,2018,38,0,0.97,73.32,16.11,26.93,15.81,20.92,20.98,07 February 2018,2
6.82701,-73.42699,2018,39,0,1,68.66,15.34,27.39,16.45,22.075,21.23,08 February 2018,2
6.82701,-73.42699,2018,40,0,0.9,68.03,15.06,27.73,14.78,23.23,21.09,09 February 2018,2
6.82701,-73.42699,2018,41,0.24,0.57,74.47,16.53,25.92,17.73,22.47,21.17,10 February 2018,2
6.82701,-73.42699,2018,42,0.15,0.71,75.33,16.69,26.62,17.4,23.04,21.16,11 February 2018,2
6.82701,-73.42699,2018,43,0.02,0.74,73.46,16.21,26.74,17.29,18.89,21.06,12 February 2018,2
6.82701,-73.42699,2018,44,0,1.05,75.26,16.24,25.48,17.56,19.025,20.7,13 February 2018,2
6.82701,-73.42699,2018,45,0,1.06,70.82,14.88,25.43,15.97,19.16,20.26,14 February 2018,2
6.82701,-73.42699,2018,46,0.04,0.79,70.69,15.67,26.55,16.57,20.9,21.11,15 February 2018,2
6.82701,-73.42699,2018,47,0.06,0.74,70.96,16.34,27.16,17.14,19.91,21.74,16 February 2018,2
6.82701,-73.42699,2018,48,0,0.54,77.59,16.75,24.49,18.25,18.8,20.75,17 February 2018,2
6.82701,-73.42699,2018,49,0.01,0.74,75.32,16.35,25.66,17.23,22.11,20.81,18 February 2018,2
6.82701,-73.42699,2018,50,2.99,0.89,72.53,15.88,26.81,16.83,20.76,20.92,19 February 2018,2
6.82701,-73.42699,2018,51,0.29,1.15,62.16,13.54,28.19,14.9,24.39,20.96,20 February 2018,2
6.82701,-73.42699,2018,52,0.25,1.14,64.14,13.51,27.33,13.58,22.61,20.41,21 February 2018,2
6.82701,-73.42699,2018,53,0.05,0.99,70.91,15.16,25.41,16.07,21.93,20.53,22 February 2018,2
6.82701,-73.42699,2018,54,0.25,0.99,75.9,15.6,24.78,16.3,21.25,19.91,23 February 2018,2
6.82701,-73.42699,2018,55,0.36,1.03,76.37,14.98,23.96,15.67,17.56,19.17,24 February 2018,2
6.82701,-73.42699,2018,56,0.55,1.09,76.86,14.7,23.75,15.37,17.9,18.79,25 February 2018,2
6.82701,-73.42699,2018,57,0.05,0.92,74.42,14.69,25.07,15.33,21.79,19.28,26 February 2018,2
6.82701,-73.42699,2018,58,0.07,1.01,74.13,15.41,25.49,15.94,21.98,20.08,27 February 2018,2
6.82701,-73.42699,2018,59,0.11,1.01,73.39,15.72,26.48,16.07,20.05,20.56,28 February 2018,2
6.82701,-73.42699,2018,60,0.05,0.88,70.72,15.55,26.94,16.02,18.935,20.98,01 March 2018,3
6.82701,-73.42699,2018,61,32.92,0.69,75.68,16.19,25.83,17.22,17.82,20.56,02 March 2018,3
6.82701,-73.42699,2018,62,6.17,0.84,79.01,16.89,25.56,16.94,19.28,20.6,03 March 2018,3
6.82701,-73.42699,2018,63,0.3,0.83,83.31,16.93,24.24,16.56,15.28,19.82,04 March 2018,3
6.82701,-73.42699,2018,64,26.62,0.7,85.9,16.98,23.45,16.49,14.24,19.39,05 March 2018,3
6.82701,-73.42699,2018,65,1.94,0.5,83.77,16.73,23.52,16.82,14.37,19.53,06 March 2018,3
6.82701,-73.42699,2018,66,0.16,0.53,74.78,16.29,26.74,15.87,18.71,20.86,07 March 2018,3
6.82701,-73.42699,2018,67,0.97,0.46,76.27,17.05,27.44,17.14,17.14,21.33,08 March 2018,3
6.82701,-73.42699,2018,68,0.32,0.67,73.69,16.9,28.23,17.16,20.29,21.72,09 March 2018,3
6.82701,-73.42699,2018,69,0,0.57,67.91,16.08,29.06,16.32,22.69,22.18,10 March 2018,3
6.82701,-73.42699,2018,70,0,0.69,66.17,15.98,29.78,16.19,22.83,22.5,11 March 2018,3
6.82701,-73.42699,2018,71,0,0.81,68.72,16.21,28.79,16.08,22.74,22.12,12 March 2018,3
6.82701,-73.42699,2018,72,1.86,0.72,74.03,16.95,27.82,17.22,21.13,21.69,13 March 2018,3
6.82701,-73.42699,2018,73,5.74,0.72,76.52,17.29,26.93,16.87,22.64,21.53,14 March 2018,3
6.82701,-73.42699,2018,74,7.37,0.67,82.91,17.69,25.65,18.15,19.91,20.67,15 March 2018,3
6.82701,-73.42699,2018,75,0.96,0.59,71.54,16.45,27.82,17.64,19.19,21.73,16 March 2018,3
6.82701,-73.42699,2018,76,5.63,0.96,71.1,15.89,28.16,14.74,19.975,21.24,17 March 2018,3
6.82701,-73.42699,2018,77,15.41,0.83,80.39,17.3,25.57,16.93,20.76,20.75,18 March 2018,3
6.82701,-73.42699,2018,78,13.11,0.6,81.15,16.86,23.74,17.09,18.61,20.16,19 March 2018,3
6.82701,-73.42699,2018,79,4.05,0.79,77.37,17.06,26.74,16.81,19.72,21.11,20 March 2018,3
6.82701,-73.42699,2018,80,1.03,0.62,75.03,16.74,27.02,17.04,18.15,21.27,21 March 2018,3
6.82701,-73.42699,2018,81,4.9,0.6,81.41,17.28,25.08,17.53,20.25,20.54,22 March 2018,3
6.82701,-73.42699,2018,82,6.93,0.63,85.29,17.37,23.88,17.19,14.93,19.9,23 March 2018,3
6.82701,-73.42699,2018,83,1.93,0.62,79.15,17.04,25.12,17.58,12.45,20.73,24 March 2018,3
6.82701,-73.42699,2018,84,0.85,0.81,75.13,16.71,26.97,17.24,21.07,21.21,25 March 2018,3
6.82701,-73.42699,2018,85,0.23,0.78,73.38,16.52,25.85,17.37,20.47,21.39,26 March 2018,3
6.82701,-73.42699,2018,86,2.66,0.58,82.07,17.98,24.8,18.12,14.07,21.12,27 March 2018,3
6.82701,-73.42699,2018,87,12.56,0.43,85.37,18.15,24.92,18.27,16.66,20.68,28 March 2018,3
6.82701,-73.42699,2018,88,5.62,0.61,80.77,17.17,25.46,17.14,15.09,20.55,29 March 2018,3
6.82701,-73.42699,2018,89,23.95,0.66,81.27,17.25,24.89,17.76,14.9,20.54,30 March 2018,3
6.82701,-73.42699,2018,90,17.32,0.83,84.49,17.53,25.52,16.93,15.03,20.21,31 March 2018,3
6.82701,-73.42699,2018,91,5.78,0.62,87.83,17.49,23.1,17.41,16.12,19.57,01 April 2018,4
6.82701,-73.42699,2018,92,30.22,0.69,88.9,17.41,22.91,17.3,15.62,19.3,02 April 2018,4
6.82701,-73.42699,2018,93,5.67,0.77,85.07,17.03,24.34,16.11,15.12,19.59,03 April 2018,4
6.82701,-73.42699,2018,94,7.65,0.82,85.73,17.23,24.62,16.36,17.43,19.68,04 April 2018,4
6.82701,-73.42699,2018,95,24.31,0.61,88.04,16.4,21.56,16.34,16.51,18.42,05 April 2018,4
6.82701,-73.42699,2018,96,24.02,0.94,86.1,15.06,20.27,15.28,11.08,17.41,06 April 2018,4
6.82701,-73.42699,2018,97,0.37,0.66,81.39,15.1,22.64,14.42,18.1,18.32,07 April 2018,4
6.82701,-73.42699,2018,98,0.06,0.73,81.98,16.53,24.44,16.16,20.64,19.66,08 April 2018,4
6.82701,-73.42699,2018,99,5.29,0.72,85.36,17.34,23.95,17.18,21.16,19.86,09 April 2018,4
6.82701,-73.42699,2018,100,3.45,0.81,89,17.02,21.72,16.83,15.82,18.88,10 April 2018,4
6.82701,-73.42699,2018,101,13.45,0.88,91.43,16.88,21.59,16.53,15.81,18.32,11 April 2018,4
6.82701,-73.42699,2018,102,5.8,0.77,86.88,16.01,21.86,15.78,15.8,18.23,12 April 2018,4
6.82701,-73.42699,2018,103,9.38,0.55,89.14,17.11,22.59,15.9,20.15,18.94,13 April 2018,4
6.82701,-73.42699,2018,104,5.7,0.61,87.53,17.48,23.75,16.58,16.55,19.61,14 April 2018,4
6.82701,-73.42699,2018,105,1.18,0.71,85.96,17.78,24.11,17.54,19.14,20.2,15 April 2018,4
6.82701,-73.42699,2018,106,2.09,0.49,89.23,18.09,23.51,17.85,10.79,19.93,16 April 2018,4
6.82701,-73.42699,2018,107,3.44,0.55,88.12,17.8,22.59,17.26,16.94,19.83,17 April 2018,4
6.82701,-73.42699,2018,108,1.76,0.6,83.9,17.92,24.77,17.36,19.045,20.72,18 April 2018,4
6.82701,-73.42699,2018,109,2.31,0.51,83.43,17.37,24.88,17.61,21.15,20.24,19 April 2018,4
6.82701,-73.42699,2018,110,0.54,0.56,79.57,16.52,25.07,16.64,11.49,20.12,20 April 2018,4
6.82701,-73.42699,2018,111,20.18,0.6,81.32,17.22,25.89,16.62,21.31,20.5,21 April 2018,4
6.82701,-73.42699,2018,112,5.01,0.75,82.57,17.1,25.53,16.31,16.35,20.13,22 April 2018,4
6.82701,-73.42699,2018,113,14.2,0.5,81.87,17.09,24.83,16.8,22.06,20.26,23 April 2018,4
6.82701,-73.42699,2018,114,3.92,0.61,80.34,17.65,25.95,17.43,18.63,21.13,24 April 2018,4
6.82701,-73.42699,2018,115,2.14,0.54,80.5,17.65,25.25,18.22,20.6,21.09,25 April 2018,4
6.82701,-73.42699,2018,116,10.86,0.52,86.64,17.93,23.64,17.7,18.83,20.23,26 April 2018,4
6.82701,-73.42699,2018,117,3.78,0.49,91.12,17.94,22.17,17.45,17.64,19.44,27 April 2018,4
6.82701,-73.42699,2018,118,0.25,0.37,88.81,17.56,22.26,17.2,16.45,19.46,28 April 2018,4
6.82701,-73.42699,2018,119,0.01,0.55,81.79,17.37,25.48,16.73,10.73,20.56,29 April 2018,4
6.82701,-73.42699,2018,120,0,0.54,81.72,17.71,25.36,17.51,21.29,20.91,30 April 2018,4
6.82701,-73.42699,2018,121,4.17,0.49,86.21,17.64,23.89,17.53,16.07,20.01,01 May 2018,5
6.82701,-73.42699,2018,122,0.77,0.53,86.73,16.93,21.65,16.74,21.02,19.2,02 May 2018,5
6.82701,-73.42699,2018,123,21.7,0.78,84.62,17.93,25.7,17.17,19.76,20.6,03 May 2018,5
6.82701,-73.42699,2018,124,20.55,0.54,93.31,18.03,21,17.88,15.415,19.15,04 May 2018,5
6.82701,-73.42699,2018,125,1.72,0.7,84.33,16.94,23.79,16.8,11.07,19.65,05 May 2018,5
6.82701,-73.42699,2018,126,18.06,0.5,86.14,17.76,24.03,17.29,17.25,20.15,06 May 2018,5
6.82701,-73.42699,2018,127,13.36,0.66,88.06,17.57,23.71,16.89,19.82,19.6,07 May 2018,5
6.82701,-73.42699,2018,128,15.39,0.61,89.65,17.34,22.41,17.03,18.22,19.09,08 May 2018,5
6.82701,-73.42699,2018,129,9.17,0.54,87.43,17.21,22.57,16.83,18.42,19.36,09 May 2018,5
6.82701,-73.42699,2018,130,2.71,0.67,84.35,17.54,25.08,16.63,19.67,20.24,10 May 2018,5
6.82701,-73.42699,2018,131,1.7,0.63,87.06,17.45,22.66,17.42,16.16,19.66,11 May 2018,5
6.82701,-73.42699,2018,132,1.36,0.68,82.58,17.3,25.27,16.55,20.34,20.33,12 May 2018,5
6.82701,-73.42699,2018,133,1.3,0.53,84.32,17.39,24.21,17.62,19.055,20.11,13 May 2018,5
6.82701,-73.42699,2018,134,23.45,0.7,88.63,17.49,22.94,17.19,17.77,19.43,14 May 2018,5
6.82701,-73.42699,2018,135,6.53,0.62,86.01,17.09,24.07,16.42,16.96,19.49,15 May 2018,5
6.82701,-73.42699,2018,136,0.66,0.67,79.39,16.92,25.89,16.43,21.29,20.56,16 May 2018,5
6.82701,-73.42699,2018,137,6.09,0.58,79.67,17.3,25.94,16.88,21.7,20.9,17 May 2018,5
6.82701,-73.42699,2018,138,6.89,0.7,86.57,17.69,23.74,17.54,19.41,20,18 May 2018,5
6.82701,-73.42699,2018,139,0.94,0.56,89.2,17.28,22.46,16.53,16.6,19.11,19 May 2018,5
6.82701,-73.42699,2018,140,2.29,0.61,87.4,17.36,22.96,17.23,16.37,19.51,20 May 2018,5
6.82701,-73.42699,2018,141,1.76,0.58,87.13,16.98,22.01,17.05,16.14,19.17,21 May 2018,5
6.82701,-73.42699,2018,142,1.62,0.45,84.01,17.65,25.04,17.31,19.95,20.42,22 May 2018,5
6.82701,-73.42699,2018,143,3.11,0.33,86.02,17.45,23.12,17.41,14.6,19.85,23 May 2018,5
6.82701,-73.42699,2018,144,2.23,0.63,85.25,17.22,23.65,16.15,18.65,19.76,24 May 2018,5
6.82701,-73.42699,2018,145,3.65,0.57,84.67,17.64,24.62,16.67,21.3,20.3,25 May 2018,5
6.82701,-73.42699,2018,146,2.23,0.61,84.11,17.79,25.28,17.29,14.82,20.55,26 May 2018,5
6.82701,-73.42699,2018,147,20.07,0.49,85.22,17.95,24.95,16.91,16.28,20.51,27 May 2018,5
6.82701,-73.42699,2018,148,5.25,0.4,85.66,17.22,22.63,17.39,12.91,19.69,28 May 2018,5
6.82701,-73.42699,2018,149,0.49,0.64,84.1,17.03,24.18,16.34,15.245,19.78,29 May 2018,5
6.82701,-73.42699,2018,150,1.89,0.59,82.15,17.1,24.97,17.02,17.58,20.21,30 May 2018,5
6.82701,-73.42699,2018,151,0.39,0.51,81.77,17.56,25.48,17.2,22.2,20.76,31 May 2018,5
6.82701,-73.42699,2018,152,1.45,0.53,82.96,17.25,24.32,17.17,19.26,20.21,01 June 2018,6
6.82701,-73.42699,2018,153,1.23,0.46,79.26,17.13,25.62,17.15,22.14,20.81,02 June 2018,6
6.82701,-73.42699,2018,154,3.74,0.48,79.12,16.91,25.61,16.33,20.11,20.61,03 June 2018,6
6.82701,-73.42699,2018,155,1.18,0.5,79.91,17.08,24.93,17.14,18.02,20.63,04 June 2018,6
6.82701,-73.42699,2018,156,2.29,0.44,79.31,16.93,25.74,16.7,18.22,20.59,05 June 2018,6
6.82701,-73.42699,2018,157,0.29,0.65,81.03,17.1,24.96,16.32,18.42,20.43,06 June 2018,6
6.82701,-73.42699,2018,158,0.11,0.65,75.18,16.74,26.54,16.75,21.63,21.24,07 June 2018,6
6.82701,-73.42699,2018,159,1.19,0.53,78.35,17.15,26.19,16.24,16.89,21,08 June 2018,6
6.82701,-73.42699,2018,160,2.29,0.6,80.49,17.47,25.61,16.82,17.38,20.92,09 June 2018,6
6.82701,-73.42699,2018,161,1.67,0.49,79.05,17.06,26.28,16,14.64,20.78,10 June 2018,6
6.82701,-73.42699,2018,162,3.91,0.6,83.29,17.26,24.9,17.04,14.95,20.17,11 June 2018,6
6.82701,-73.42699,2018,163,0.73,0.53,78.36,16.69,25.53,16.37,19.73,20.54,12 June 2018,6
6.82701,-73.42699,2018,164,0.88,0.53,76.76,16.73,26.02,16.67,11.84,20.9,13 June 2018,6
6.82701,-73.42699,2018,165,1.09,0.57,80.03,16.63,23.82,17.09,13.66,20.14,14 June 2018,6
6.82701,-73.42699,2018,166,5.2,0.56,82.39,16.97,24.53,15.95,15.48,20.03,15 June 2018,6
6.82701,-73.42699,2018,167,0.64,0.54,80.72,16.69,24.63,15.94,21.71,20.07,16 June 2018,6
6.82701,-73.42699,2018,168,0.63,0.6,77.68,16.75,25.93,16.39,20.95,20.73,17 June 2018,6
6.82701,-73.42699,2018,169,2,0.43,82.6,17.46,25.66,16.83,17.84,20.49,18 June 2018,6
6.82701,-73.42699,2018,170,4.8,0.53,84.84,17.11,24.4,16.59,17.32,19.72,19 June 2018,6
6.82701,-73.42699,2018,171,1.9,0.63,84.56,16.77,23.64,16.18,16.29,19.43,20 June 2018,6
6.82701,-73.42699,2018,172,2.04,0.62,82.18,16.79,24.59,15.87,18.015,19.89,21 June 2018,6
6.82701,-73.42699,2018,173,6.8,0.61,81.89,16.82,24.93,15.66,19.74,19.98,22 June 2018,6
6.82701,-73.42699,2018,174,4.16,0.61,76.89,16.14,25.26,16.39,23.44,20.26,23 June 2018,6
6.82701,-73.42699,2018,175,4.83,0.45,81.1,16.1,23.96,15.85,15.28,19.39,24 June 2018,6
6.82701,-73.42699,2018,176,1.33,0.42,78.91,16.21,25.05,15.5,18.01,19.93,25 June 2018,6
6.82701,-73.42699,2018,177,0.52,0.62,77.21,15.96,25.48,15.1,16.07,20.01,26 June 2018,6
6.82701,-73.42699,2018,178,2.62,0.58,74.81,15.72,25.7,15.33,15.32,20.26,27 June 2018,6
6.82701,-73.42699,2018,179,1.27,0.53,78.11,16.16,25.64,15.96,15.91,20.04,28 June 2018,6
6.82701,-73.42699,2018,180,0.59,0.46,74.33,15.57,25.44,14.92,14,20.21,29 June 2018,6
6.82701,-73.42699,2018,181,4.11,0.63,77.13,15.51,25.1,14.64,16.395,19.57,30 June 2018,6
6.82701,-73.42699,2018,182,4.23,0.59,80.5,15.96,24.39,15.11,18.79,19.37,01 July 2018,7
6.82701,-73.42699,2018,183,20.52,0.52,87.56,17.09,22.12,16.64,22.54,19.21,02 July 2018,7
6.82701,-73.42699,2018,184,11.13,0.5,84.94,17.09,23.76,16.73,18.12,19.68,03 July 2018,7
6.82701,-73.42699,2018,185,0.54,0.46,76.72,16.47,26.16,16.13,20.01,20.64,04 July 2018,7
6.82701,-73.42699,2018,186,1.61,0.57,75.36,16.39,26.06,16.25,16.64,20.84,05 July 2018,7
6.82701,-73.42699,2018,187,13.57,0.61,78.61,16.27,25.51,15.25,14.89,20.05,06 July 2018,7
6.82701,-73.42699,2018,188,2.8,0.59,75.78,15.8,25.78,15.16,17.58,20.14,07 July 2018,7
6.82701,-73.42699,2018,189,0.29,0.66,74.15,15.74,26.28,14.69,20.27,20.42,08 July 2018,7
6.82701,-73.42699,2018,190,12.41,0.57,80.91,17,25.44,15.98,22.8,20.35,09 July 2018,7
6.82701,-73.42699,2018,191,1.23,0.57,82.36,17.12,24.41,16.88,17.63,20.19,10 July 2018,7
6.82701,-73.42699,2018,192,0.55,0.57,79.05,16.16,24.69,15.93,18.88,19.85,11 July 2018,7
6.82701,-73.42699,2018,193,0.34,0.53,74.58,16.14,26.55,15.44,24.55,20.75,12 July 2018,7
6.82701,-73.42699,2018,194,1.7,0.51,75.76,16.38,25.39,16.98,16.77,20.74,13 July 2018,7
6.82701,-73.42699,2018,195,0.32,0.53,71.98,15.72,26.39,16.1,21.23,20.87,14 July 2018,7
6.82701,-73.42699,2018,196,0.12,0.56,72.68,15.9,26.41,16.37,22.83,20.9,15 July 2018,7
6.82701,-73.42699,2018,197,0.77,0.52,75.16,16.45,26.58,16.38,21.25,20.94,16 July 2018,7
6.82701,-73.42699,2018,198,6.01,0.47,76.61,16.65,25.95,17.17,19.67,20.85,17 July 2018,7
6.82701,-73.42699,2018,199,0.6,0.65,73.24,15.92,26.7,15.95,23.89,20.81,18 July 2018,7
6.82701,-73.42699,2018,200,0.22,0.68,72.24,15.49,26.83,15.18,17.99,20.57,19 July 2018,7
6.82701,-73.42699,2018,201,0,0.68,73.91,15.72,26.32,15.33,20.86,20.46,20 July 2018,7
6.82701,-73.42699,2018,202,9.97,0.66,74.22,16.32,26.92,16.19,18.55,21.01,21 July 2018,7
6.82701,-73.42699,2018,203,3.78,0.84,76.7,16.18,26.62,14.6,20.51,20.34,22 July 2018,7
6.82701,-73.42699,2018,204,5.7,0.52,79.89,17.02,25.62,17.22,16.895,20.57,23 July 2018,7
6.82701,-73.42699,2018,205,2.68,0.56,80.72,16.78,25.07,16.75,13.28,20.16,24 July 2018,7
6.82701,-73.42699,2018,206,7.21,0.66,80.78,16.46,24.39,16.98,21.95,19.82,25 July 2018,7
6.82701,-73.42699,2018,207,2.33,0.64,79.6,16.86,25.32,16.64,19.7,20.46,26 July 2018,7
6.82701,-73.42699,2018,208,7.85,0.53,81.55,16.72,24.16,16.3,14.4,19.94,27 July 2018,7
6.82701,-73.42699,2018,209,3.73,0.64,79.53,16.52,25.41,15.59,19.02,20.13,28 July 2018,7
6.82701,-73.42699,2018,210,1.76,0.54,76.47,16.69,26.94,16.3,14.09,20.91,29 July 2018,7
6.82701,-73.42699,2018,211,7.75,0.47,81.06,16.67,24.81,16.76,15.38,19.98,30 July 2018,7
6.82701,-73.42699,2018,212,1.51,0.62,82.54,16.46,24.04,15.54,7.47,19.48,31 July 2018,7
6.82701,-73.42699,2018,213,1.53,0.53,79.56,16.23,24.61,15.75,14.89,19.82,01 August 2018,8
6.82701,-73.42699,2018,214,1.11,0.63,79.22,16.08,24.99,14.75,22.31,19.73,02 August 2018,8
6.82701,-73.42699,2018,215,5.61,0.59,78.7,15.85,24.43,15.55,20.61,19.6,03 August 2018,8
6.82701,-73.42699,2018,216,5.18,0.61,78.06,16.14,25.51,14.97,21.01,20.02,04 August 2018,8
6.82701,-73.42699,2018,217,0.46,0.57,77.74,15.41,23.5,15.33,15.81,19.35,05 August 2018,8
6.82701,-73.42699,2018,218,0.01,0.73,68.41,15.13,27.75,15.85,25.09,21.07,06 August 2018,8
6.82701,-73.42699,2018,219,0.44,0.59,70.42,15.69,27.44,15.86,20.83,21.19,07 August 2018,8
6.82701,-73.42699,2018,220,1.77,0.46,74.9,16.35,26.58,16.35,16.97,20.9,08 August 2018,8
6.82701,-73.42699,2018,221,0.2,0.61,71.99,15.55,25.76,16.14,21.22,20.69,09 August 2018,8
6.82701,-73.42699,2018,222,0.02,0.71,68.65,15,26.96,15.39,23.97,20.88,10 August 2018,8
6.82701,-73.42699,2018,223,0.16,0.5,67.15,15.07,27.2,16.06,23.43,21.3,11 August 2018,8
6.82701,-73.42699,2018,224,0.09,0.65,67.16,14.52,27.29,14.79,20.75,20.74,12 August 2018,8
6.82701,-73.42699,2018,225,13.54,0.63,74.78,16.11,26.74,16.2,17.75,20.67,13 August 2018,8
6.82701,-73.42699,2018,226,4.4,0.62,88.89,17.37,22.61,17.18,13.91,19.26,14 August 2018,8
6.82701,-73.42699,2018,227,1.11,0.43,79.93,15.95,23.83,16.53,17.06,19.46,15 August 2018,8
6.82701,-73.42699,2018,228,1.04,0.64,69.71,14.67,27.07,13.56,23.3,20.29,16 August 2018,8
6.82701,-73.42699,2018,229,0.76,0.6,71.47,15.41,26.2,15.45,21.8,20.66,17 August 2018,8
6.82701,-73.42699,2018,230,6.56,0.64,76.36,16.03,26.38,15.58,20.3,20.26,18 August 2018,8
6.82701,-73.42699,2018,231,1.68,0.65,75.94,15.8,25.73,15.38,20.4,20.11,19 August 2018,8
6.82701,-73.42699,2018,232,2.98,0.58,71.23,15.51,27.41,14.69,22.26,20.82,20 August 2018,8
6.82701,-73.42699,2018,233,4.97,0.61,73.77,15.52,26.26,14.44,21.38,20.28,21 August 2018,8
6.82701,-73.42699,2018,234,1.52,0.62,74.74,15.95,26.07,16.3,21.17,20.52,22 August 2018,8
6.82701,-73.42699,2018,235,23.57,0.63,79.7,16.41,25.37,15.62,17.39,19.98,23 August 2018,8
6.82701,-73.42699,2018,236,1.99,0.59,75.84,16.31,26.14,15.92,19.835,20.65,24 August 2018,8
6.82701,-73.42699,2018,237,0.65,0.45,71.14,16.09,27,16.93,22.28,21.44,25 August 2018,8
6.82701,-73.42699,2018,238,1.25,0.65,75.52,15.4,24.5,15.85,20.11,19.78,26 August 2018,8
6.82701,-73.42699,2018,239,0.92,0.6,70.72,15.05,27.13,14.83,22.66,20.46,27 August 2018,8
6.82701,-73.42699,2018,240,2.7,0.62,73.12,15.61,26.75,14.51,17.57,20.5,28 August 2018,8
6.82701,-73.42699,2018,241,5.73,0.63,78.84,16.6,25.56,16.72,19.73,20.34,29 August 2018,8
6.82701,-73.42699,2018,242,2.66,0.6,79.47,17.06,25.94,16.58,21.71,20.7,30 August 2018,8
6.82701,-73.42699,2018,243,0.59,0.68,76.89,16.79,26.46,16.76,21.84,20.93,31 August 2018,8
6.82701,-73.42699,2018,244,0.15,0.61,73.37,16.59,27.68,16.93,22.89,21.46,01 September 2018,9
6.82701,-73.42699,2018,245,0.25,0.45,73.24,16.38,26.75,17.13,22.15,21.27,02 September 2018,9
6.82701,-73.42699,2018,246,22.02,0.78,72.93,15.86,26.84,15.57,21.41,20.81,03 September 2018,9
6.82701,-73.42699,2018,247,2.43,0.67,80.56,16.39,24.67,16.74,18.48,19.79,04 September 2018,9
6.82701,-73.42699,2018,248,12.35,0.63,83.55,16.72,23.46,16.43,19.25,19.56,05 September 2018,9
6.82701,-73.42699,2018,249,14.8,0.8,89.99,17.4,21.89,17.32,18.15,19.09,06 September 2018,9
6.82701,-73.42699,2018,250,6.7,0.63,83.89,17.11,24.18,16.8,15.23,19.9,07 September 2018,9
6.82701,-73.42699,2018,251,1.2,0.5,77.99,16.79,25.99,16.57,22.26,20.71,08 September 2018,9
6.82701,-73.42699,2018,252,0.09,0.61,74.96,15.84,25.71,15.42,18.85,20.36,09 September 2018,9
6.82701,-73.42699,2018,253,2.49,0.64,82.04,17.01,24.24,17.17,15.44,20.15,10 September 2018,9
6.82701,-73.42699,2018,254,0.75,0.65,81.89,17.05,23.29,17.36,14.99,20.21,11 September 2018,9
6.82701,-73.42699,2018,255,6.61,0.79,84.76,17.39,24.34,17.43,17.03,20.02,12 September 2018,9
6.82701,-73.42699,2018,256,4.16,0.74,88.41,17.45,23.27,17.29,16.99,19.43,13 September 2018,9
6.82701,-73.42699,2018,257,1.34,0.81,85.26,16.69,23.45,16.54,16.94,19.22,14 September 2018,9
6.82701,-73.42699,2018,258,14.02,0.65,88.15,16.84,22.62,15.74,15.49,18.85,15 September 2018,9
6.82701,-73.42699,2018,259,1.26,0.61,77.46,16.46,26.01,16.29,20.13,20.48,16 September 2018,9
6.82701,-73.42699,2018,260,1.98,0.56,77.58,16.41,25.57,16,14.49,20.4,17 September 2018,9
6.82701,-73.42699,2018,261,0.36,0.68,76.82,16.58,26.07,16.63,19.18,20.73,18 September 2018,9
6.82701,-73.42699,2018,262,0.3,0.73,71.33,16.03,27.7,15.53,23.87,21.34,19 September 2018,9
6.82701,-73.42699,2018,263,0,0.7,69.55,16.03,28,16.4,24.95,21.74,20 September 2018,9
6.82701,-73.42699,2018,264,0.19,0.67,72.84,16.1,27.16,15.73,22.35,21.07,21 September 2018,9
6.82701,-73.42699,2018,265,0.37,0.63,78.12,16.76,25.84,16.73,19.53,20.65,22 September 2018,9
6.82701,-73.42699,2018,266,1.17,0.62,73.09,16.16,26.87,16.31,21.09,21.09,23 September 2018,9
6.82701,-73.42699,2018,267,1.59,0.58,77.41,16.57,25.03,17.59,20.83,20.6,24 September 2018,9
6.82701,-73.42699,2018,268,2.71,0.61,74.21,16.46,26.81,16.97,20.755,21.15,25 September 2018,9
6.82701,-73.42699,2018,269,12.79,0.4,78.64,16.78,25.31,17.49,20.68,20.56,26 September 2018,9
6.82701,-73.42699,2018,270,13.25,0.72,77.82,16.34,25.45,16.86,19.15,20.28,27 September 2018,9
6.82701,-73.42699,2018,271,6.09,0.58,84.28,17.29,24.37,17.06,17.4,20,28 September 2018,9
6.82701,-73.42699,2018,272,8.96,0.73,81.9,17.41,25.82,16.99,21.46,20.58,29 September 2018,9
6.82701,-73.42699,2018,273,5.34,0.63,84.4,17.84,24.9,17.55,20.78,20.55,30 September 2018,9
6.82701,-73.42699,2018,274,11.88,0.76,82.73,17.72,25.91,17.22,19.5,20.74,01 October 2018,10
6.82701,-73.42699,2018,275,4.81,0.64,84.03,17.16,24.01,17.06,22.02,19.92,02 October 2018,10
6.82701,-73.42699,2018,276,13.29,0.77,80.58,17.32,25.25,17.05,21.43,20.74,03 October 2018,10
6.82701,-73.42699,2018,277,13.77,0.55,84.22,16.5,23,17.08,18.83,19.21,04 October 2018,10
6.82701,-73.42699,2018,278,14.25,0.61,88.18,16.97,22.59,16.38,16.23,18.97,05 October 2018,10
6.82701,-73.42699,2018,279,11.14,0.48,89.99,17.36,21.82,17.29,14.5,19.05,06 October 2018,10
6.82701,-73.42699,2018,280,4.13,0.52,88.61,17.17,22.54,16.78,18.8,19.1,07 October 2018,10
6.82701,-73.42699,2018,281,2.71,0.69,81.95,17.21,25.15,17.13,21.19,20.36,08 October 2018,10
6.82701,-73.42699,2018,282,7.97,0.7,91.46,17.35,21.49,17,19.29,18.79,09 October 2018,10
6.82701,-73.42699,2018,283,1.56,0.66,88.49,17,22.41,16.39,18.17,18.96,10 October 2018,10
6.82701,-73.42699,2018,284,4.06,0.79,87.95,16.44,22.21,15.96,18.03,18.48,11 October 2018,10
6.82701,-73.42699,2018,285,5.99,0.86,89.81,17.24,22.64,16.47,17.89,18.96,12 October 2018,10
6.82701,-73.42699,2018,286,3.53,0.93,89.99,17.53,23.28,16.56,19.85,19.22,13 October 2018,10
6.82701,-73.42699,2018,287,4.39,0.71,87.87,17.15,23.51,16.36,19.54,19.21,14 October 2018,10
6.82701,-73.42699,2018,288,8.37,0.6,85.17,17.13,24.33,16.51,17.87,19.68,15 October 2018,10
6.82701,-73.42699,2018,289,0.67,0.58,84.96,17.4,24.35,17.05,22.81,19.99,16 October 2018,10
6.82701,-73.42699,2018,290,3.05,0.7,82.93,17.28,25.1,17.11,20.62,20.24,17 October 2018,10
6.82701,-73.42699,2018,291,17.8,0.81,86.93,17.41,23.2,16.8,20.58,19.65,18 October 2018,10
6.82701,-73.42699,2018,292,14.13,0.67,92.43,17.55,21.04,17.3,19.73,18.82,19 October 2018,10
6.82701,-73.42699,2018,293,12.06,0.7,91.01,17.53,22.29,16.53,18.895,19.04,20 October 2018,10
6.82701,-73.42699,2018,294,7.92,0.7,92.81,17.73,21.92,16.59,18.06,18.94,21 October 2018,10
6.82701,-73.42699,2018,295,22.47,0.79,95.13,17.87,21.09,17.24,17.11,18.69,22 October 2018,10
6.82701,-73.42699,2018,296,24.34,0.82,91.75,17.68,22.55,16.27,16.84,19.07,23 October 2018,10
6.82701,-73.42699,2018,297,17.5,0.74,93.02,18.1,22.35,17.16,19.57,19.27,24 October 2018,10
6.82701,-73.42699,2018,298,7.81,0.56,89.5,17.64,22.86,16.65,18.53,19.42,25 October 2018,10
6.82701,-73.42699,2018,299,1.86,0.6,87.79,17.83,23.44,17.41,15.36,19.91,26 October 2018,10
6.82701,-73.42699,2018,300,0.11,0.55,82.23,17.9,26.18,17.37,17.55,21.02,27 October 2018,10
6.82701,-73.42699,2018,301,3.67,0.75,87.63,17.98,23.98,16.86,19.74,20.1,28 October 2018,10
6.82701,-73.42699,2018,302,4.09,0.53,84.78,17.34,24.3,17.57,17.02,19.97,29 October 2018,10
6.82701,-73.42699,2018,303,4.36,0.66,81.2,17.42,25.81,16.81,21.04,20.72,30 October 2018,10
6.82701,-73.42699,2018,304,1.27,0.54,86.7,18.13,24.74,18.01,20.6,20.42,31 October 2018,10
6.82701,-73.42699,2018,305,0.96,0.54,81.73,17.39,25.35,17.12,21.34,20.59,01 November 2018,11
6.82701,-73.42699,2018,306,1.57,0.63,86.24,16.82,21.89,17.11,15.33,19.17,02 November 2018,11
6.82701,-73.42699,2018,307,0.91,0.56,82.57,16.44,24.14,16.59,17.61,19.46,03 November 2018,11
6.82701,-73.42699,2018,308,3.66,0.82,82.16,16.41,23.78,16.39,17.93,19.51,04 November 2018,11
6.82701,-73.42699,2018,309,12.28,0.42,89,16.72,21.12,16.71,17.715,18.58,05 November 2018,11
6.82701,-73.42699,2018,310,2.84,0.8,86.84,16.61,22.52,15.67,17.5,18.84,06 November 2018,11
6.82701,-73.42699,2018,311,0.56,0.61,85.71,17.38,24.08,16.48,17.32,19.83,07 November 2018,11
6.82701,-73.42699,2018,312,7.98,0.62,88.2,17.72,22.71,17.69,19.12,19.73,08 November 2018,11
6.82701,-73.42699,2018,313,11.34,0.59,92.68,17.99,21.81,17.44,14.61,19.23,09 November 2018,11
6.82701,-73.42699,2018,314,1.16,0.59,88.24,18.07,23.79,17.78,20.37,20.08,10 November 2018,11
6.82701,-73.42699,2018,315,0.19,0.4,84.12,17.56,23.77,18.13,16.38,20.31,11 November 2018,11
6.82701,-73.42699,2018,316,6.07,0.59,82.33,17.44,25.29,16.67,15.585,20.53,12 November 2018,11
6.82701,-73.42699,2018,317,12.4,0.52,85.86,17.77,24.06,17.92,14.79,20.21,13 November 2018,11
6.82701,-73.42699,2018,318,0.16,0.73,82.84,17.66,25.52,17.06,20.34,20.66,14 November 2018,11
6.82701,-73.42699,2018,319,0.34,0.7,88.44,18.05,23.71,17.71,19.48,20.03,15 November 2018,11
6.82701,-73.42699,2018,320,0.23,0.54,85.89,18.2,25.2,17.82,18.62,20.64,16 November 2018,11
6.82701,-73.42699,2018,321,1.69,0.44,88.95,18.32,23.67,18.27,18.53,20.21,17 November 2018,11
6.82701,-73.42699,2018,322,12.21,0.47,88.74,18.37,24.52,18.31,18.67,20.29,18 November 2018,11
6.82701,-73.42699,2018,323,5.48,0.69,83.41,17.85,25.47,17.99,14.04,20.74,19 November 2018,11
6.82701,-73.42699,2018,324,1.59,0.48,88.69,18.53,24.44,17.96,18.48,20.46,20 November 2018,11
6.82701,-73.42699,2018,325,10.59,0.59,88.28,18.16,24.02,17.92,18.555,20.16,21 November 2018,11
6.82701,-73.42699,2018,326,13.17,0.75,85.24,17.59,24.64,16.82,18.63,20.13,22 November 2018,11
6.82701,-73.42699,2018,327,9.06,0.52,90.36,17.57,21.87,17.5,17.57,19.2,23 November 2018,11
6.82701,-73.42699,2018,328,1.76,0.56,87.26,17.53,23.79,16.8,17.48,19.7,24 November 2018,11
6.82701,-73.42699,2018,329,0.59,0.57,83.97,17.74,24.89,17.32,15.96,20.52,25 November 2018,11
6.82701,-73.42699,2018,330,7.94,0.67,83.53,17.74,25.14,17.15,16.9,20.61,26 November 2018,11
6.82701,-73.42699,2018,331,11.14,0.75,86.77,17.37,23.17,17.15,11.36,19.63,27 November 2018,11
6.82701,-73.42699,2018,332,3.07,0.58,90.05,17.21,21.56,16.96,13.745,18.89,28 November 2018,11
6.82701,-73.42699,2018,333,1.26,0.8,83.86,16.96,24.67,15.19,16.13,19.75,29 November 2018,11
6.82701,-73.42699,2018,334,0.75,0.74,87.44,17.59,23.42,16.96,19.17,19.74,30 November 2018,11
6.82701,-73.42699,2018,335,0.12,0.75,80.5,15.98,25.25,14.49,20.25,19.38,01 December 2018,12
6.82701,-73.42699,2018,336,0,0.83,76.71,15.05,24.83,13.75,20.2,19.18,02 December 2018,12
6.82701,-73.42699,2018,337,1.23,0.81,83.38,16.43,24.22,15.21,20.96,19.3,03 December 2018,12
6.82701,-73.42699,2018,338,1.83,0.8,84.85,16.78,24.1,15.6,20.07,19.39,04 December 2018,12
6.82701,-73.42699,2018,339,2.71,0.79,86.99,17.21,24.07,16.01,21.27,19.43,05 December 2018,12
6.82701,-73.42699,2018,340,0.68,0.63,83.48,16.76,24.32,16.57,20.14,19.62,06 December 2018,12
6.82701,-73.42699,2018,341,3.23,0.79,79.67,15.71,24.72,13.99,20.31,19.26,07 December 2018,12
6.82701,-73.42699,2018,342,1.02,0.67,77.26,16.1,25.42,16.1,18.89,20.15,08 December 2018,12
6.82701,-73.42699,2018,343,0,0.71,77.37,16.26,25.45,15.64,19.2,20.29,09 December 2018,12
6.82701,-73.42699,2018,344,0.02,0.76,79.67,16.62,24.98,16.61,19.95,20.2,10 December 2018,12
6.82701,-73.42699,2018,345,0.09,0.7,78.88,16.99,25.8,16.69,17.2,20.74,11 December 2018,12
6.82701,-73.42699,2018,346,0.58,0.59,81.63,17.76,25.89,17.35,18.26,20.99,12 December 2018,12
6.82701,-73.42699,2018,347,0.5,0.61,82.4,17.45,25.44,16.86,19.08,20.52,13 December 2018,12
6.82701,-73.42699,2018,348,3.46,0.73,81.26,16.84,24.88,16.43,19.06,20.11,14 December 2018,12
6.82701,-73.42699,2018,349,0.53,0.73,76.76,16.23,25.96,16.05,19.04,20.38,15 December 2018,12
6.82701,-73.42699,2018,350,0,0.71,73.6,15.34,26.19,14.64,20.98,20.13,16 December 2018,12
6.82701,-73.42699,2018,351,0,0.88,72.49,14.75,25.34,14.11,19.33,19.75,17 December 2018,12
6.82701,-73.42699,2018,352,0.03,0.66,75.73,16.3,26.1,16.06,19.17,20.66,18 December 2018,12
6.82701,-73.42699,2018,353,0.02,0.6,77.36,16.99,26.26,17.25,19.5,21.04,19 December 2018,12
6.82701,-73.42699,2018,354,0.24,0.75,76.7,16.35,25.31,16.65,18.02,20.51,20 December 2018,12
6.82701,-73.42699,2018,355,0.27,0.62,76.89,16.51,25.94,16.7,17.31,20.65,21 December 2018,12
6.82701,-73.42699,2018,356,0,0.71,73.38,15.06,26.31,14.13,19.13,19.88,22 December 2018,12
6.82701,-73.42699,2018,357,0,0.79,72.37,14.79,26.39,13.39,19.99,19.82,23 December 2018,12
6.82701,-73.42699,2018,358,0,0.84,72.7,15.18,26.42,14.03,19.23,20.16,24 December 2018,12
6.82701,-73.42699,2018,359,0,0.83,70.85,14.67,26.73,13.64,20.71,20.04,25 December 2018,12
6.82701,-73.42699,2018,360,0,0.76,71.81,14.83,26.85,13.85,20.01,19.98,26 December 2018,12
6.82701,-73.42699,2018,361,0,0.88,69.53,14.09,26.71,12.93,20.01,19.73,27 December 2018,12
6.82701,-73.42699,2018,362,0,0.77,71.54,15.11,27.27,14,20.95,20.33,28 December 2018,12
6.82701,-73.42699,2018,363,0,0.77,71.32,15.37,27.47,14.13,19.92,20.65,29 December 2018,12
6.82701,-73.42699,2018,364,0,0.95,66.72,14.04,27.03,13.98,20.55,20.34,30 December 2018,12
6.82701,-73.42699,2018,365,0,0.79,67.69,14.75,27.31,15.14,21.18,20.85,31 December 2018,12
6.82701,-73.42699,2019,1,0,0.79,66.29,14.31,27.97,14.41,22.47,20.72,01 January 2019,1
6.82701,-73.42699,2019,2,0,0.98,65.5,13.87,27.97,13.45,22.5,20.45,02 January 2019,1
6.82701,-73.42699,2019,3,0,0.69,67.8,15.17,28.02,15.87,21.38,21.26,03 January 2019,1
6.82701,-73.42699,2019,4,0,0.67,68.9,15.75,28,16.11,22.28,21.6,04 January 2019,1
6.82701,-73.42699,2019,5,0.16,0.87,70.16,16.05,28.2,16.01,20.36,21.62,05 January 2019,1
6.82701,-73.42699,2019,6,1.94,0.62,77.29,17.12,26.41,17.71,18.22,21.19,06 January 2019,1
6.82701,-73.42699,2019,7,2.09,0.58,83.26,17.12,23.62,17.88,9.33,20.03,07 January 2019,1
6.82701,-73.42699,2019,8,3.19,0.83,80.14,16.69,25.32,16.82,18.32,20.18,08 January 2019,1
6.82701,-73.42699,2019,9,3.21,0.98,87.31,16.85,22.99,16.92,14.73,19.01,09 January 2019,1
6.82701,-73.42699,2019,10,5.26,1.05,84.86,16.41,23.57,16.23,15.47,19.01,10 January 2019,1
6.82701,-73.42699,2019,11,3.15,0.9,84.1,16.27,23.74,15.38,16.32,19,11 January 2019,1
6.82701,-73.42699,2019,12,1.53,0.59,82.08,16.45,24.2,16.34,16.2,19.56,12 January 2019,1
6.82701,-73.42699,2019,13,0.83,0.63,80.34,16.4,24.7,16.47,18.02,19.85,13 January 2019,1
6.82701,-73.42699,2019,14,0.15,0.8,73.47,15.4,25.8,15.42,15.07,20.22,14 January 2019,1
6.82701,-73.42699,2019,15,0.04,0.78,71.05,15.73,27.09,16.72,17.045,21.09,15 January 2019,1
6.82701,-73.42699,2019,16,0.01,0.76,72.43,16.2,27.05,17.03,19.02,21.27,16 January 2019,1
6.82701,-73.42699,2019,17,0.14,0.67,72.84,16.47,27.29,17.32,18.65,21.46,17 January 2019,1
6.82701,-73.42699,2019,18,0.06,0.55,70.78,16.48,28.36,17.08,20.03,21.93,18 January 2019,1
6.82701,-73.42699,2019,19,0.05,0.55,69.53,16.5,28.35,17.54,19.65,22.24,19 January 2019,1
6.82701,-73.42699,2019,20,0.58,0.83,69.38,16.47,29.39,16.26,20.93,22.24,20 January 2019,1
6.82701,-73.42699,2019,21,0.48,0.64,71.69,16.63,28,17.42,18.33,21.88,21 January 2019,1
6.82701,-73.42699,2019,22,0,0.67,67.31,16.1,29.31,16.55,22.02,22.34,22 January 2019,1
6.82701,-73.42699,2019,23,0,0.96,65.08,15.38,29.52,15.58,21.81,22.14,23 January 2019,1
6.82701,-73.42699,2019,24,4.35,0.84,68.68,16.33,29.46,16.78,23.47,22.25,24 January 2019,1
6.82701,-73.42699,2019,25,3.8,0.74,72.97,17.04,28.11,17.5,19.36,22.02,25 January 2019,1
6.82701,-73.42699,2019,26,0.01,0.79,68.02,16.52,29.01,17.31,21.02,22.61,26 January 2019,1
6.82701,-73.42699,2019,27,0.31,0.78,70.82,16.66,27.51,18.32,21.04,22.1,27 January 2019,1
6.82701,-73.42699,2019,28,1.39,0.7,76.05,17.13,26.81,18.17,10.5,21.46,28 January 2019,1
6.82701,-73.42699,2019,29,0.72,0.75,77.69,17.42,26.79,16.9,18.07,21.41,29 January 2019,1
6.82701,-73.42699,2019,30,1.79,0.63,76.75,17.35,26.9,18.46,17.15,21.54,30 January 2019,1
6.82701,-73.42699,2019,31,1.03,0.71,76.37,16.99,27,17.13,18.505,21.24,31 January 2019,1
6.82701,-73.42699,2019,32,11.98,0.76,73.22,16.72,28.31,17.14,19.86,21.63,01 February 2019,2
6.82701,-73.42699,2019,33,11.81,0.71,76.13,17.14,26.79,17.56,17.26,21.45,02 February 2019,2
6.82701,-73.42699,2019,34,0,0.76,68.38,15.86,28.11,16.51,20.64,21.84,03 February 2019,2
6.82701,-73.42699,2019,35,0.04,0.8,72.13,16.75,27.22,17.32,20.36,21.91,04 February 2019,2
6.82701,-73.42699,2019,36,0.05,0.64,70.43,16.95,28.84,17.87,18.79,22.49,05 February 2019,2
6.82701,-73.42699,2019,37,0.03,0.71,69.81,16.48,28.44,17.54,15.3,22.15,06 February 2019,2
6.82701,-73.42699,2019,38,0.01,0.79,71.15,16.53,27.55,17.51,15.64,21.9,07 February 2019,2
6.82701,-73.42699,2019,39,0.18,0.71,71.11,16.27,27.24,17.78,15.48,21.64,08 February 2019,2
6.82701,-73.42699,2019,40,0.19,0.74,71.63,16.47,27.31,17.62,13.79,21.73,09 February 2019,2
6.82701,-73.42699,2019,41,0.05,0.7,70.1,16.1,27.39,17.38,19,21.69,10 February 2019,2
6.82701,-73.42699,2019,42,0.04,0.84,66.48,15.85,28.46,17.31,21.44,22.29,11 February 2019,2
6.82701,-73.42699,2019,43,0.01,0.88,66.14,16.21,29.31,18.09,20.03,22.74,12 February 2019,2
6.82701,-73.42699,2019,44,0.13,0.88,68.6,16.49,28.4,17.43,20.76,22.44,13 February 2019,2
6.82701,-73.42699,2019,45,0.1,0.7,70.89,16.94,28.53,17.97,18.84,22.38,14 February 2019,2
6.82701,-73.42699,2019,46,0,0.76,66.95,16.89,29.69,18.27,19.92,23.25,15 February 2019,2
6.82701,-73.42699,2019,47,0.28,0.59,72.5,17.52,27.83,18.93,19.545,22.62,16 February 2019,2
6.82701,-73.42699,2019,48,5.4,0.56,76.76,17.8,27.7,18.11,19.17,22,17 February 2019,2
6.82701,-73.42699,2019,49,2.33,0.69,72.43,16.72,27.58,17.78,15.19,21.8,18 February 2019,2
6.82701,-73.42699,2019,50,8.3,0.71,72.05,16.62,27.58,17.67,13.7,21.79,19 February 2019,2
6.82701,-73.42699,2019,51,7.21,0.76,75.84,16.9,27.1,17.5,9.82,21.26,20 February 2019,2
6.82701,-73.42699,2019,52,0.75,0.7,69.25,16.28,28.23,16.9,21.71,22.07,21 February 2019,2
6.82701,-73.42699,2019,53,0.35,0.79,68.58,16.31,29.49,16.97,21.95,22.26,22 February 2019,2
6.82701,-73.42699,2019,54,0.5,0.81,72.31,16.78,27.64,17.75,19.35,21.9,23 February 2019,2
6.82701,-73.42699,2019,55,0.08,0.8,64.32,14.99,28.53,17.12,16.22,21.92,24 February 2019,2
6.82701,-73.42699,2019,56,0.05,1.21,55.69,12.5,29.69,14.03,22.31,21.67,25 February 2019,2
6.82701,-73.42699,2019,57,0.51,1.07,55.92,13.17,29.51,15.25,23.06,22.31,26 February 2019,2
6.82701,-73.42699,2019,58,0.94,0.88,68.15,15.51,27.18,16.99,13.65,21.53,27 February 2019,2
6.82701,-73.42699,2019,59,0.49,0.62,70.79,16.19,27.14,17.63,20.47,21.63,28 February 2019,2
6.82701,-73.42699,2019,60,3.1,0.76,70,16.66,28.13,18.44,19.44,22.3,01 March 2019,3
6.82701,-73.42699,2019,61,5.09,0.68,78.54,17.34,25.95,18.35,16.97,21.17,02 March 2019,3
6.82701,-73.42699,2019,62,0.32,0.65,76,17.02,26.02,18.19,20.98,21.35,03 March 2019,3
6.82701,-73.42699,2019,63,0.58,0.67,74.68,16.89,25.73,18.33,19.055,21.49,04 March 2019,3
6.82701,-73.42699,2019,64,2.11,0.76,78.4,17.25,25.64,18.25,17.13,21.1,05 March 2019,3
6.82701,-73.42699,2019,65,7.48,0.66,81.86,17.58,25.44,17.87,20.53,20.76,06 March 2019,3
6.82701,-73.42699,2019,66,3.6,0.81,77.48,17.39,26.77,17.35,19.42,21.43,07 March 2019,3
6.82701,-73.42699,2019,67,0.19,0.69,72.61,16.84,27.19,17.75,20.23,21.9,08 March 2019,3
6.82701,-73.42699,2019,68,1.04,0.74,69.64,16.88,29.35,18.07,20.68,22.61,09 March 2019,3
6.82701,-73.42699,2019,69,5.81,0.63,77.02,17.68,28.27,18.31,7.38,21.82,10 March 2019,3
6.82701,-73.42699,2019,70,1.14,0.66,79.41,17.56,25.4,18.36,17.77,21.21,11 March 2019,3
6.82701,-73.42699,2019,71,0.07,0.93,70.93,17.34,28.51,18.73,21.2,22.78,12 March 2019,3
6.82701,-73.42699,2019,72,0.24,0.71,68,17.02,29.31,19.11,23.79,23.13,13 March 2019,3
6.82701,-73.42699,2019,73,0.33,0.56,74.86,17.35,25.96,19.01,17.49,21.94,14 March 2019,3
6.82701,-73.42699,2019,74,1.13,0.59,83.29,17.47,23.38,18.21,16.59,20.37,15 March 2019,3
6.82701,-73.42699,2019,75,0.19,0.8,68.61,16.53,28.94,17.42,18.35,22.48,16 March 2019,3
6.82701,-73.42699,2019,76,0.04,0.66,68.03,16.56,29.17,18.34,19.33,22.65,17 March 2019,3
6.82701,-73.42699,2019,77,12.04,0.48,71.53,17.28,28.24,18.56,18.93,22.59,18 March 2019,3
6.82701,-73.42699,2019,78,3.87,0.57,83.08,17.43,23.39,18.39,11.15,20.37,19 March 2019,3
6.82701,-73.42699,2019,79,1.3,0.57,78.15,17.08,25.57,18.12,11.67,20.97,20 March 2019,3
6.82701,-73.42699,2019,80,1.18,0.74,74.22,16.81,26.56,18.02,12.19,21.51,21 March 2019,3
6.82701,-73.42699,2019,81,28.02,0.6,82.54,17.5,25.67,17.82,15.39,20.55,22 March 2019,3
6.82701,-73.42699,2019,82,8.9,0.5,83.24,17.27,25.04,17.43,15.55,20.18,23 March 2019,3
6.82701,-73.42699,2019,83,2.49,0.67,73.57,16.63,27.12,17.5,18.77,21.46,24 March 2019,3
6.82701,-73.42699,2019,84,0.41,0.88,69.23,16.44,28.51,16.94,22.25,22.24,25 March 2019,3
6.82701,-73.42699,2019,85,0.46,0.73,72.84,16.64,27.07,17.33,12.81,21.64,26 March 2019,3
6.82701,-73.42699,2019,86,0.09,0.78,69.39,16.34,28.55,16.78,18.82,22.1,27 March 2019,3
6.82701,-73.42699,2019,87,5.96,0.81,74.43,17.39,28.07,17.84,19.6,22.07,28 March 2019,3
6.82701,-73.42699,2019,88,10.98,0.86,81.88,17.9,26.68,17.85,5.41,21.08,29 March 2019,3
6.82701,-73.42699,2019,89,2.3,0.61,81.91,17.8,26.41,17.39,16.57,20.98,30 March 2019,3
6.82701,-73.42699,2019,90,1.05,0.69,76.07,17.84,28.32,18.19,19.62,22.18,31 March 2019,3
6.82701,-73.42699,2019,91,13.49,0.73,84.13,18.48,26.04,18.17,15.79,21.25,01 April 2019,4
6.82701,-73.42699,2019,92,7.78,0.45,88.32,18.32,23.48,18.61,9.44,20.32,02 April 2019,4
6.82701,-73.42699,2019,93,0.43,0.79,76.88,17.29,27.03,17.19,21.78,21.45,03 April 2019,4
6.82701,-73.42699,2019,94,0.3,0.9,76.37,17.31,26.52,17.69,22.02,21.58,04 April 2019,4
6.82701,-73.42699,2019,95,0.37,0.83,80,17.62,25.29,18.11,21.755,21.16,05 April 2019,4
6.82701,-73.42699,2019,96,8.43,0.65,80.53,17.41,25.83,17.45,21.49,20.84,06 April 2019,4
6.82701,-73.42699,2019,97,14.28,0.71,76.25,17.38,27.37,17.53,22.64,21.67,07 April 2019,4
6.82701,-73.42699,2019,98,5.29,0.75,74.69,17.11,27.16,17.19,21.18,21.73,08 April 2019,4
6.82701,-73.42699,2019,99,0.98,0.71,80.71,17.6,25.75,17.83,18.57,21,09 April 2019,4
6.82701,-73.42699,2019,100,0.76,0.74,90.55,17.58,21.68,17.48,19.02,19.18,10 April 2019,4
6.82701,-73.42699,2019,101,0.22,0.84,84.57,17.03,24.39,16.99,18.66,19.69,11 April 2019,4
6.82701,-73.42699,2019,102,0.12,0.62,77.66,17.24,26.25,17.94,18.59,21.24,12 April 2019,4
6.82701,-73.42699,2019,103,5.28,0.68,75.97,17.81,28.33,18.42,16.16,22.17,13 April 2019,4
6.82701,-73.42699,2019,104,5.07,0.84,83.08,18.35,25.24,18.52,23.05,21.31,14 April 2019,4
6.82701,-73.42699,2019,105,2.36,0.67,87.52,17.9,22.89,18.15,21.01,20.04,15 April 2019,4
6.82701,-73.42699,2019,106,1.32,0.75,84.12,17.66,23.92,17.61,20.6,20.41,16 April 2019,4
6.82701,-73.42699,2019,107,1.33,0.66,82.21,16.92,23.37,17.54,15.39,20.02,17 April 2019,4
6.82701,-73.42699,2019,108,4.8,0.76,87.24,17.94,23.5,17.93,11.94,20.13,18 April 2019,4
6.82701,-73.42699,2019,109,2.82,0.59,83.78,17.61,25.31,17.43,18.33,20.43,19 April 2019,4
6.82701,-73.42699,2019,110,12.38,0.79,85.69,17.91,25,17.92,16.54,20.38,20 April 2019,4
6.82701,-73.42699,2019,111,17.35,0.91,86.79,17.64,22.9,17.66,14.395,19.9,21 April 2019,4
6.82701,-73.42699,2019,112,30.31,0.59,90.25,16.65,20.71,16.6,12.25,18.29,22 April 2019,4
6.82701,-73.42699,2019,113,7.72,1.02,81.64,16.86,25.32,15.85,20.75,20.06,23 April 2019,4
6.82701,-73.42699,2019,114,2.13,0.89,90.52,18.21,23.54,17.13,16.31,19.82,24 April 2019,4
6.82701,-73.42699,2019,115,0.34,0.6,82.04,17.91,25.36,17.45,17.35,21.07,25 April 2019,4
6.82701,-73.42699,2019,116,0.18,0.63,79.68,18.06,26.37,17.43,19.38,21.68,26 April 2019,4
6.82701,-73.42699,2019,117,7.24,0.43,85.61,18.55,24.53,18.97,18.96,21.04,27 April 2019,4
6.82701,-73.42699,2019,118,0.6,0.39,78.54,17.59,25.94,18.39,20.22,21.43,28 April 2019,4
6.82701,-73.42699,2019,119,0,0.68,73.41,17.4,28.61,17.34,20.24,22.3,29 April 2019,4
6.82701,-73.42699,2019,120,0,0.63,74.31,17.17,26.93,17.64,21.22,21.87,30 April 2019,4
6.82701,-73.42699,2019,121,0,0.63,71.79,16.47,27.35,17.08,22.66,21.69,01 May 2019,5
6.82701,-73.42699,2019,122,0,0.82,71.46,16.52,28.55,15.72,22.64,21.82,02 May 2019,5
6.82701,-73.42699,2019,123,0,0.51,75.34,17.38,27.8,18.71,21.53,21.86,03 May 2019,5
6.82701,-73.42699,2019,124,2.97,0.54,80.8,17.68,25.54,17.92,18.12,21.07,04 May 2019,5
6.82701,-73.42699,2019,125,0.67,0.44,73.64,17.25,27.08,17.4,16.77,22.09,05 May 2019,5
6.82701,-73.42699,2019,126,2.23,0.53,75.4,17.68,26.93,18.64,15.4,22.16,06 May 2019,5
6.82701,-73.42699,2019,127,8.75,0.6,77.95,18.25,28.02,18.1,13.745,22.22,07 May 2019,5
6.82701,-73.42699,2019,128,3.89,0.62,82.97,18.38,26.17,18.34,12.09,21.37,08 May 2019,5
6.82701,-73.42699,2019,129,9.42,0.68,88.09,18.15,23.94,18.06,14.6,20.19,09 May 2019,5
6.82701,-73.42699,2019,130,7.81,0.74,84.43,18.04,25.13,17.86,18.78,20.74,10 May 2019,5
6.82701,-73.42699,2019,131,3.28,0.47,91.07,18.26,22.49,17.91,16.85,19.77,11 May 2019,5
6.82701,-73.42699,2019,132,1.43,0.53,78.04,17.15,26.07,17.03,20.2,21.07,12 May 2019,5
6.82701,-73.42699,2019,133,9.76,0.51,79.49,17.71,26.19,18.33,16.43,21.35,13 May 2019,5
6.82701,-73.42699,2019,134,4.41,0.54,80.85,17.36,25.13,17.47,17.54,20.73,14 May 2019,5
6.82701,-73.42699,2019,135,1.37,0.58,80.55,17.56,25.44,18.1,13.91,20.99,15 May 2019,5
6.82701,-73.42699,2019,136,20.7,0.77,83.12,17.76,25.12,17.1,22.48,20.7,16 May 2019,5
6.82701,-73.42699,2019,137,5.75,0.51,85.28,17.76,24.5,17.71,19.85,20.3,17 May 2019,5
6.82701,-73.42699,2019,138,5.08,0.42,86.38,17.67,23.4,17.66,18.46,20.01,18 May 2019,5
6.82701,-73.42699,2019,139,10.27,0.6,83.83,17.73,24.73,17.55,17.51,20.54,19 May 2019,5
6.82701,-73.42699,2019,140,0.72,0.52,83.91,17.52,23.72,17.71,18.54,20.31,20 May 2019,5
6.82701,-73.42699,2019,141,0.86,0.63,82.06,17.65,26.08,17.37,20.38,20.79,21 May 2019,5
6.82701,-73.42699,2019,142,6.6,0.48,87.53,18.02,23.6,17.49,20.56,20.15,22 May 2019,5
6.82701,-73.42699,2019,143,36.52,0.42,91.67,17.94,22.11,17.69,20.04,19.35,23 May 2019,5
6.82701,-73.42699,2019,144,18.85,0.42,88.94,18.08,23.4,17.57,19.52,19.97,24 May 2019,5
6.82701,-73.42699,2019,145,6.61,0.5,83.12,17.13,23.89,17.03,15.63,20.06,25 May 2019,5
6.82701,-73.42699,2019,146,13.71,0.55,86.24,18,24.37,17.47,18.87,20.37,26 May 2019,5
6.82701,-73.42699,2019,147,5.29,0.65,89.57,17.77,22.43,17.62,19.14,19.54,27 May 2019,5
6.82701,-73.42699,2019,148,0.76,0.59,83.33,17.25,24.32,16.79,13.06,20.14,28 May 2019,5
6.82701,-73.42699,2019,149,5.68,0.52,86.43,17.84,24.08,17.51,17.75,20.17,29 May 2019,5
6.82701,-73.42699,2019,150,4.89,0.65,92.5,17.6,20.94,17.36,14.57,18.86,30 May 2019,5
6.82701,-73.42699,2019,151,14.38,0.77,89.6,17.36,21.95,16.86,15.85,19.12,31 May 2019,5
6.82701,-73.42699,2019,152,2.97,0.8,84.56,17.22,23.87,16.77,14.66,19.88,01 June 2019,6
6.82701,-73.42699,2019,153,0.94,0.43,88.75,17.64,22.79,17.19,17.17,19.56,02 June 2019,6
6.82701,-73.42699,2019,154,2.09,0.5,83.23,17.44,24.26,17.47,16.95,20.35,03 June 2019,6
6.82701,-73.42699,2019,155,1.62,0.65,76.38,17.05,26.36,16.49,22.09,21.3,04 June 2019,6
6.82701,-73.42699,2019,156,3.31,0.58,84.21,17.7,24.1,18.02,21.73,20.44,05 June 2019,6
6.82701,-73.42699,2019,157,13.75,0.84,85.06,17.49,24.16,17.07,17.72,20.07,06 June 2019,6
6.82701,-73.42699,2019,158,10.66,0.57,87.39,17.64,23.71,17.45,15.52,19.8,07 June 2019,6
6.82701,-73.42699,2019,159,0.66,0.54,78.64,17.04,26.1,16.35,17.49,20.83,08 June 2019,6
6.82701,-73.42699,2019,160,1.95,0.52,82.55,17.38,24,17.75,19.46,20.42,09 June 2019,6
6.82701,-73.42699,2019,161,1.05,0.52,81.7,17.29,24.49,17.18,15.98,20.49,10 June 2019,6
6.82701,-73.42699,2019,162,33.08,0.39,84.27,17.61,25.09,17.06,18.04,20.34,11 June 2019,6
6.82701,-73.42699,2019,163,7.77,0.5,81.9,17.56,25.36,16.5,19.77,20.73,12 June 2019,6
6.82701,-73.42699,2019,164,1.04,0.52,84.65,17.9,24.27,17.22,15.42,20.56,13 June 2019,6
6.82701,-73.42699,2019,165,8.89,0.44,84.25,17.9,24.28,17.82,18.76,20.63,14 June 2019,6
6.82701,-73.42699,2019,166,4.82,0.47,78.98,17.58,26.19,17.78,20.93,21.32,15 June 2019,6
6.82701,-73.42699,2019,167,0.27,0.55,82.6,16.56,22.95,16.5,17.52,19.58,16 June 2019,6
6.82701,-73.42699,2019,168,5.79,0.5,78.82,17.44,26.4,16.95,20.5,21.21,17 June 2019,6
6.82701,-73.42699,2019,169,2.49,0.59,78.48,16.97,25.41,16.4,19.72,20.8,18 June 2019,6
6.82701,-73.42699,2019,170,3.85,0.56,79.16,17.29,25.47,16.92,14.72,20.99,19 June 2019,6
6.82701,-73.42699,2019,171,2.27,0.53,75.1,17.23,25.8,18.66,16.27,21.76,20 June 2019,6
6.82701,-73.42699,2019,172,4.95,0.39,79.04,16.86,23.77,17.97,11.28,20.57,21 June 2019,6
6.82701,-73.42699,2019,173,1.22,0.55,77.81,17.04,25.77,17.42,18.3,21,22 June 2019,6
6.82701,-73.42699,2019,174,1.19,0.54,80.25,17.21,25.13,17.02,18.84,20.69,23 June 2019,6
6.82701,-73.42699,2019,175,21.15,0.57,85.94,17.74,24.29,16.96,18.33,20.16,24 June 2019,6
6.82701,-73.42699,2019,176,2.16,0.52,81.59,17.44,25.88,16.64,17.82,20.66,25 June 2019,6
6.82701,-73.42699,2019,177,0.06,0.66,79.07,17.19,26.68,16.02,22.22,20.9,26 June 2019,6
6.82701,-73.42699,2019,178,0.05,0.76,76.21,16.53,26.41,15.88,23.15,20.81,27 June 2019,6
6.82701,-73.42699,2019,179,0.5,0.43,74.51,17.02,26.71,17.76,19.05,21.67,28 June 2019,6
6.82701,-73.42699,2019,180,0.77,0.33,80.11,17.03,24.4,17.46,15.91,20.54,29 June 2019,6
6.82701,-73.42699,2019,181,9.46,0.38,81.5,16.71,23.99,16.94,17.95,19.94,30 June 2019,6
6.82701,-73.42699,2019,182,1.8,0.52,76.73,15.91,25.13,15.85,14.61,20.06,01 July 2019,7
6.82701,-73.42699,2019,183,1.63,0.54,80.31,16.57,24.33,16.61,14.13,20.03,02 July 2019,7
6.82701,-73.42699,2019,184,0.35,0.63,78.43,16.8,25.51,16.08,22.53,20.63,03 July 2019,7
6.82701,-73.42699,2019,185,0.19,0.72,71.91,16.05,26.89,15.41,22.3,21.23,04 July 2019,7
6.82701,-73.42699,2019,186,1.06,0.47,78.65,17.28,25.12,17.87,19.17,21.08,05 July 2019,7
6.82701,-73.42699,2019,187,0.06,0.44,71.91,16.04,26.18,16.59,15.86,21.22,06 July 2019,7
6.82701,-73.42699,2019,188,0.16,0.65,69.31,15.36,26.86,15.41,23.78,21.1,07 July 2019,7
6.82701,-73.42699,2019,189,7.76,0.55,76.23,15.9,25.19,16.11,19.66,20.16,08 July 2019,7
6.82701,-73.42699,2019,190,1.38,0.54,79.69,16.58,24.89,16.42,16.36,20.15,09 July 2019,7
6.82701,-73.42699,2019,191,0.23,0.52,78.05,16.31,24.84,16.47,18.785,20.2,10 July 2019,7
6.82701,-73.42699,2019,192,0.43,0.7,75.36,15.95,25.85,14.69,21.21,20.39,11 July 2019,7
6.82701,-73.42699,2019,193,68.55,0.55,80.05,17.07,25.74,16.53,20.41,20.59,12 July 2019,7
6.82701,-73.42699,2019,194,44.81,0.45,80.47,16.56,24.77,16.67,17.45,19.99,13 July 2019,7
6.82701,-73.42699,2019,195,0.38,0.45,74.09,16.07,26.13,16.55,19.78,20.77,14 July 2019,7
6.82701,-73.42699,2019,196,0.38,0.67,77.7,16.21,24.97,15.65,21.88,20.17,15 July 2019,7
6.82701,-73.42699,2019,197,8.01,0.63,79.65,16.49,25.01,15.46,15.04,20.07,16 July 2019,7
6.82701,-73.42699,2019,198,1.17,0.4,74.08,16.14,25.62,17.29,24.99,20.85,17 July 2019,7
6.82701,-73.42699,2019,199,1.93,0.6,72.83,15.89,26.61,15.07,20.93,20.86,18 July 2019,7
6.82701,-73.42699,2019,200,0.76,0.44,73.92,16.17,26.22,16.06,24.49,20.91,19 July 2019,7
6.82701,-73.42699,2019,201,0.6,0.49,71.18,15.87,26.41,16.78,21.96,21.21,20 July 2019,7
6.82701,-73.42699,2019,202,1.09,0.58,73.72,16.08,26.57,15.38,24.96,20.86,21 July 2019,7
6.82701,-73.42699,2019,203,1.58,0.43,79.18,16.89,24.95,17.96,16.31,20.57,22 July 2019,7
6.82701,-73.42699,2019,204,0.9,0.36,77.35,16.38,25.28,17.01,17.07,20.41,23 July 2019,7
6.82701,-73.42699,2019,205,0.11,0.41,73.69,15.87,25.67,16.16,11.25,20.66,24 July 2019,7
6.82701,-73.42699,2019,206,1.94,0.58,75.08,16.1,26.26,15.34,22.81,20.6,25 July 2019,7
6.82701,-73.42699,2019,207,2.86,0.68,77.06,15.85,24.84,16.02,22.425,19.93,26 July 2019,7
6.82701,-73.42699,2019,208,0.22,0.87,69.63,14.46,26.43,14.8,22.04,20.09,27 July 2019,7
6.82701,-73.42699,2019,209,5.09,0.73,73.26,15.59,26.55,14.78,19.86,20.45,28 July 2019,7
6.82701,-73.42699,2019,210,2.3,0.73,80.54,17.21,25.96,15.93,21.92,20.63,29 July 2019,7
6.82701,-73.42699,2019,211,0.26,0.61,76.16,16.95,26.95,15.65,22.37,21.25,30 July 2019,7
6.82701,-73.42699,2019,212,5.55,0.57,73.18,16.57,27.58,16.66,20.78,21.49,31 July 2019,7
6.82701,-73.42699,2019,213,5.34,0.66,80.04,17.18,25.81,16.28,15.71,20.71,01 August 2019,8
6.82701,-73.42699,2019,214,5.05,0.54,81.46,17.52,25.74,16.78,18.25,20.78,02 August 2019,8
6.82701,-73.42699,2019,215,5.3,0.39,81.89,17.47,24.09,17.54,12.32,20.64,03 August 2019,8
6.82701,-73.42699,2019,216,3.9,0.46,78.23,17.1,25.67,18.03,24.02,20.98,04 August 2019,8
6.82701,-73.42699,2019,217,1.23,0.63,79.06,16.98,25.07,17.11,21.58,20.69,05 August 2019,8
6.82701,-73.42699,2019,218,0.85,0.59,76.83,16.74,26.08,16.96,22.56,20.89,06 August 2019,8
6.82701,-73.42699,2019,219,0.58,0.62,73.24,16,26.81,15.36,20.36,20.89,07 August 2019,8
6.82701,-73.42699,2019,220,1.21,0.65,75.74,16.71,25.85,16.65,17.41,21.08,08 August 2019,8
6.82701,-73.42699,2019,221,0.4,0.58,72.45,16.47,27.13,17.03,19.26,21.54,09 August 2019,8
6.82701,-73.42699,2019,222,0.18,0.58,69.67,15.98,27.83,15.97,20.95,21.66,10 August 2019,8
6.82701,-73.42699,2019,223,4.32,0.45,75.4,17.16,26.82,17.8,22.255,21.62,11 August 2019,8
6.82701,-73.42699,2019,224,1.03,0.59,73.74,17.11,27.72,16.85,23.56,21.92,12 August 2019,8
6.82701,-73.42699,2019,225,0.88,0.39,75.29,17.19,27.06,18.04,18.21,21.67,13 August 2019,8
6.82701,-73.42699,2019,226,7.08,0.57,77.91,16.9,26.04,16.75,22.24,20.84,14 August 2019,8
6.82701,-73.42699,2019,227,1.54,0.64,74.96,15.99,25.8,16.47,18.49,20.51,15 August 2019,8
6.82701,-73.42699,2019,228,5.3,0.58,81.95,16.33,23.51,16.37,10.62,19.47,16 August 2019,8
6.82701,-73.42699,2019,229,2.74,0.65,80.09,16.06,24.43,15.78,17.85,19.55,17 August 2019,8
6.82701,-73.42699,2019,230,2.42,0.51,78.02,16.58,25.49,16.34,21.47,20.49,18 August 2019,8
6.82701,-73.42699,2019,231,0.95,0.5,75.3,16.73,27.11,17.27,24.2,21.21,19 August 2019,8
6.82701,-73.42699,2019,232,3.9,0.47,72.68,15.87,25.88,16.54,24.44,20.87,20 August 2019,8
6.82701,-73.42699,2019,233,0.22,0.69,65.04,14.87,28.2,15.48,23.52,21.61,21 August 2019,8
6.82701,-73.42699,2019,234,0.86,0.64,70.72,16.17,27.6,15.99,22.87,21.62,22 August 2019,8
6.82701,-73.42699,2019,235,10.75,0.45,72.38,16.71,27.29,17.55,18.37,21.8,23 August 2019,8
6.82701,-73.42699,2019,236,6.08,0.58,76.7,16.63,26.33,16.15,20.32,20.81,24 August 2019,8
6.82701,-73.42699,2019,237,1.16,0.63,72.67,16.29,26.97,16.45,22.61,21.31,25 August 2019,8
6.82701,-73.42699,2019,238,2.12,0.62,70.19,15.74,27.28,16.17,22.93,21.3,26 August 2019,8
6.82701,-73.42699,2019,239,2.77,0.64,72.69,16.1,26.77,16.71,21.155,21.11,27 August 2019,8
6.82701,-73.42699,2019,240,8.33,0.73,73.1,16.29,27.17,16.52,19.38,21.21,28 August 2019,8
6.82701,-73.42699,2019,241,0.65,0.65,69.54,15.81,27.73,16.6,24.21,21.51,29 August 2019,8
6.82701,-73.42699,2019,242,0.19,0.55,65.45,14.82,27.95,15.08,22.73,21.46,30 August 2019,8
6.82701,-73.42699,2019,243,1.05,0.63,68.36,15.67,27.69,15.5,20.39,21.64,31 August 2019,8
6.82701,-73.42699,2019,244,0.64,0.56,72.28,16.48,26.85,17.06,17.84,21.59,01 September 2019,9
6.82701,-73.42699,2019,245,3.49,0.57,75.94,16.7,26.63,16.99,13.5,21.04,02 September 2019,9
6.82701,-73.42699,2019,246,0.5,0.54,67.46,15.68,28.43,17.1,24.07,21.87,03 September 2019,9
6.82701,-73.42699,2019,247,0.42,0.58,65.5,15.11,28.82,15.61,22.51,21.75,04 September 2019,9
6.82701,-73.42699,2019,248,2.7,0.63,71.27,15.95,27.35,16.23,23.4,21.27,05 September 2019,9
6.82701,-73.42699,2019,249,1.52,0.72,74.74,16.67,26.8,16.76,24.29,21.26,06 September 2019,9
6.82701,-73.42699,2019,250,0.18,0.51,67.26,15.53,28.62,16.48,23.83,21.76,07 September 2019,9
6.82701,-73.42699,2019,251,0.05,0.62,61.88,14.26,28.38,16.28,16.4,21.79,08 September 2019,9
6.82701,-73.42699,2019,252,0.22,0.68,64.32,15.09,28.85,16.23,19.53,22.03,09 September 2019,9
6.82701,-73.42699,2019,253,0.11,0.55,61.61,15.29,30.12,16.54,22.56,22.95,10 September 2019,9
6.82701,-73.42699,2019,254,0.44,0.77,65.24,15.74,28.37,16.56,21.55,22.48,11 September 2019,9
6.82701,-73.42699,2019,255,2.67,0.64,69.98,16.89,28.82,17.52,20.54,22.53,12 September 2019,9
6.82701,-73.42699,2019,256,0.48,0.46,67.33,16.12,28.69,17.74,19.53,22.36,13 September 2019,9
6.82701,-73.42699,2019,257,0.1,0.47,71.41,16.4,27.17,17.61,20.92,21.71,14 September 2019,9
6.82701,-73.42699,2019,258,11.15,0.5,67.28,16.15,28.97,17.06,21.07,22.4,15 September 2019,9
6.82701,-73.42699,2019,259,0.59,0.64,72.02,16.71,27.97,17.18,13.91,21.89,16 September 2019,9
6.82701,-73.42699,2019,260,8.14,0.66,75.79,17.3,28.02,17.84,17.22,21.69,17 September 2019,9
6.82701,-73.42699,2019,261,6.03,0.81,88.78,18.09,23.21,17.92,14.945,20.01,18 September 2019,9
6.82701,-73.42699,2019,262,2.91,0.96,85.28,16.69,23.48,16.73,12.67,19.21,19 September 2019,9
6.82701,-73.42699,2019,263,4.82,0.67,90.69,17.23,21.78,17.03,15.4,18.8,20 September 2019,9
6.82701,-73.42699,2019,264,1.09,0.52,79.42,16.67,25.2,17.09,12.69,20.3,21 September 2019,9
6.82701,-73.42699,2019,265,5.16,0.62,83.04,17.31,24.96,16.98,19.01,20.26,22 September 2019,9
6.82701,-73.42699,2019,266,14.06,0.74,80.47,17.08,25.89,17,18.82,20.52,23 September 2019,9
6.82701,-73.42699,2019,267,14.54,0.6,86.51,17.29,22.84,17.37,18.65,19.6,24 September 2019,9
6.82701,-73.42699,2019,268,11.08,0.54,81.47,17.15,25.33,17.14,21.96,20.4,25 September 2019,9
6.82701,-73.42699,2019,269,5.27,0.74,80.16,16.59,24.82,16.4,18.27,20.08,26 September 2019,9
6.82701,-73.42699,2019,270,0.04,0.67,71.27,16.14,27.8,16.2,20.41,21.47,27 September 2019,9
6.82701,-73.42699,2019,271,9.36,0.83,77.42,17.31,27.31,16.26,19.68,21.36,28 September 2019,9
6.82701,-73.42699,2019,272,19.41,0.64,85.3,17.93,25.49,17.4,18.95,20.47,29 September 2019,9
6.82701,-73.42699,2019,273,3.38,0.48,84.12,17.4,25.09,17.02,21.3,20.15,30 September 2019,9
6.82701,-73.42699,2019,274,0.87,0.64,82.17,17.56,25.36,17.37,22.27,20.68,01 October 2019,10
6.82701,-73.42699,2019,275,34.81,0.49,82.61,17.56,26.03,16.97,13.33,20.59,02 October 2019,10
6.82701,-73.42699,2019,276,4.92,0.4,78.86,16.69,25.67,16.21,6.87,20.43,03 October 2019,10
6.82701,-73.42699,2019,277,0.65,0.49,79.86,16.67,25.5,16.61,19.58,20.22,04 October 2019,10
6.82701,-73.42699,2019,278,4.85,0.73,78.65,16.35,25.54,15.86,20.18,20.13,05 October 2019,10
6.82701,-73.42699,2019,279,22.57,0.73,81.44,17.14,26.19,16.05,20.14,20.39,06 October 2019,10
6.82701,-73.42699,2019,280,5.26,0.6,81.09,17.09,25.28,16.92,17.72,20.4,07 October 2019,10
6.82701,-73.42699,2019,281,7.67,0.55,77.41,16.42,26.19,16.39,18.87,20.45,08 October 2019,10
6.82701,-73.42699,2019,282,19.13,0.72,80.37,16.93,25.32,16.02,24.08,20.38,09 October 2019,10
6.82701,-73.42699,2019,283,5.72,0.57,90.17,17.89,22.61,17.18,15.76,19.56,10 October 2019,10
6.82701,-73.42699,2019,284,7.82,0.7,93.22,17.91,21.42,17.59,17.29,19.05,11 October 2019,10
6.82701,-73.42699,2019,285,2.19,0.43,91.01,17.78,21.89,17.45,17.54,19.3,12 October 2019,10
6.82701,-73.42699,2019,286,0.88,0.43,82.56,16.92,24.06,17.09,17.08,19.95,13 October 2019,10
6.82701,-73.42699,2019,287,0.25,0.49,77.78,15.87,24.4,16.48,18.215,19.81,14 October 2019,10
6.82701,-73.42699,2019,288,10.99,0.59,81.25,16.38,24.5,15.55,19.35,19.64,15 October 2019,10
6.82701,-73.42699,2019,289,2.73,0.53,81.86,16.85,25.29,16.41,19.24,20.02,16 October 2019,10
6.82701,-73.42699,2019,290,7.07,0.6,83.41,17.24,24.41,16.42,22.84,20.11,17 October 2019,10
6.82701,-73.42699,2019,291,15.06,0.65,90.15,17.26,21.8,16.8,19.91,18.93,18 October 2019,10
6.82701,-73.42699,2019,292,7.59,0.5,86.6,16.77,22.82,16.4,17.57,19.06,19 October 2019,10
6.82701,-73.42699,2019,293,0.75,0.59,82.66,16.82,24.62,15.53,18.24,19.84,20 October 2019,10
6.82701,-73.42699,2019,294,2.13,0.65,89.26,17.63,23.41,17.13,13.09,19.46,21 October 2019,10
6.82701,-73.42699,2019,295,12.6,0.74,89.48,17.06,22.06,17.08,18.83,18.83,22 October 2019,10
6.82701,-73.42699,2019,296,5.86,0.62,81.92,16.29,24.05,16.09,17.91,19.44,23 October 2019,10
6.82701,-73.42699,2019,297,6.29,0.68,87.26,16.84,21.87,17.03,16.99,19.01,24 October 2019,10
6.82701,-73.42699,2019,298,0.9,0.56,84.1,17.47,25.14,16.88,18.77,20.22,25 October 2019,10
6.82701,-73.42699,2019,299,0.32,0.53,83.86,17.62,24.99,17.05,19.45,20.42,26 October 2019,10
6.82701,-73.42699,2019,300,1.21,0.49,87.62,17.85,23.45,17.38,15.23,19.96,27 October 2019,10
6.82701,-73.42699,2019,301,1.94,0.6,80.23,17.38,26.08,16.86,22.25,20.87,28 October 2019,10
6.82701,-73.42699,2019,302,12.83,0.42,84.2,17.58,23.68,17.63,20.79,20.31,29 October 2019,10
6.82701,-73.42699,2019,303,5.31,0.56,83.76,17.47,24.84,17.32,20.725,20.29,30 October 2019,10
6.82701,-73.42699,2019,304,0.26,0.67,81.09,17.02,25.78,16.11,20.66,20.33,31 October 2019,10
6.82701,-73.42699,2019,305,2.12,0.36,87.01,18,24.65,17.76,16.75,20.23,01 November 2019,11
6.82701,-73.42699,2019,306,0.34,0.63,85.74,17.76,24.32,17.23,17.38,20.22,02 November 2019,11
6.82701,-73.42699,2019,307,5.13,0.62,83.29,17.72,25.87,17.48,20.57,20.63,03 November 2019,11
6.82701,-73.42699,2019,308,7.69,0.59,82.81,17.54,25.23,17.42,19.84,20.53,04 November 2019,11
6.82701,-73.42699,2019,309,0.59,0.57,81.32,17.4,26.2,17.05,19.67,20.68,05 November 2019,11
6.82701,-73.42699,2019,310,1.83,0.63,78.63,17.06,26.14,16.48,22.1,20.86,06 November 2019,11
6.82701,-73.42699,2019,311,0.61,0.55,82.7,18.04,25.02,18.29,20.67,21.07,07 November 2019,11
6.82701,-73.42699,2019,312,0.85,0.55,80.87,18.31,25.91,18.57,20.37,21.69,08 November 2019,11
6.82701,-73.42699,2019,313,1.42,0.39,88.12,18.12,22.86,18.69,13.92,20.15,09 November 2019,11
6.82701,-73.42699,2019,314,13.62,0.61,90.57,18,22.57,17.83,14.12,19.6,10 November 2019,11
6.82701,-73.42699,2019,315,30.21,0.69,86.79,17.74,23.8,17.37,14.18,20,11 November 2019,11
6.82701,-73.42699,2019,316,17.12,0.66,92.22,17.6,21.42,17.06,17.45,18.91,12 November 2019,11
6.82701,-73.42699,2019,317,22.8,0.59,92.83,17.89,22.09,16.98,15.77,19.1,13 November 2019,11
6.82701,-73.42699,2019,318,22.87,0.79,88.37,17.52,23.8,16.57,18.09,19.5,14 November 2019,11
6.82701,-73.42699,2019,319,25.79,0.56,92.88,17.57,21.58,16.56,18.285,18.77,15 November 2019,11
6.82701,-73.42699,2019,320,9.47,0.79,92.18,17.94,22.27,16.75,18.48,19.26,16 November 2019,11
6.82701,-73.42699,2019,321,0.81,0.86,89.05,18.26,24.25,16.91,19.27,20.13,17 November 2019,11
6.82701,-73.42699,2019,322,1.24,0.86,91.39,18.21,22.44,17.71,20.6,19.66,18 November 2019,11
6.82701,-73.42699,2019,323,2.89,0.6,90.71,17.55,21.96,16.73,18.49,19.12,19 November 2019,11
6.82701,-73.42699,2019,324,0.95,0.65,87.41,17.07,22.83,16.51,18.88,19.22,20 November 2019,11
6.82701,-73.42699,2019,325,13.17,0.74,91.42,17.57,22.13,16.54,16.87,19.02,21 November 2019,11
6.82701,-73.42699,2019,326,2.38,0.73,88.87,16.86,22.81,15.33,18.07,18.74,22 November 2019,11
6.82701,-73.42699,2019,327,0.64,0.67,86.87,17.07,23.17,16.44,17.42,19.31,23 November 2019,11
6.82701,-73.42699,2019,328,0.33,0.62,86.64,17.52,24.2,16.73,16.25,19.81,24 November 2019,11
6.82701,-73.42699,2019,329,0.08,0.58,81.09,17.58,25.85,17.07,18.59,20.91,25 November 2019,11
6.82701,-73.42699,2019,330,0.17,0.49,81.69,17.83,25.36,17.9,18.19,21.05,26 November 2019,11
6.82701,-73.42699,2019,331,7.68,0.56,80.73,17.66,26.17,17.11,19.81,21.06,27 November 2019,11
6.82701,-73.42699,2019,332,2.15,0.56,83.05,17.77,25.36,17.08,17.06,20.73,28 November 2019,11
6.82701,-73.42699,2019,333,1.33,0.68,87.77,17.52,22.84,17.31,16.81,19.61,29 November 2019,11
6.82701,-73.42699,2019,334,2.04,0.56,86.48,17.74,24.47,17.11,17.06,20.06,30 November 2019,11
6.82701,-73.42699,2019,335,0.13,0.59,79.49,17.59,26.54,17.03,16.585,21.23,01 December 2019,12
6.82701,-73.42699,2019,336,6.93,0.54,81.45,17.81,25.77,17.32,16.11,21.07,02 December 2019,12
6.82701,-73.42699,2019,337,7.67,0.46,87.22,17.83,23.02,17.36,15.84,20.02,03 December 2019,12
6.82701,-73.42699,2019,338,0.48,0.61,78.93,17.16,26.21,17.18,19.76,20.9,04 December 2019,12
6.82701,-73.42699,2019,339,0,0.61,78.39,16.77,26.09,16.22,17.83,20.61,05 December 2019,12
6.82701,-73.42699,2019,340,2.67,0.72,77.91,15.97,25.22,15.2,20.22,19.89,06 December 2019,12
6.82701,-73.42699,2019,341,6.55,0.87,81.71,16.73,25.16,15.24,16.35,19.92,07 December 2019,12
6.82701,-73.42699,2019,342,13.46,0.86,88,17.24,22.91,17.07,16.26,19.29,08 December 2019,12
6.82701,-73.42699,2019,343,0.01,0.59,80.19,16.75,25.12,16.63,17.78,20.23,09 December 2019,12
6.82701,-73.42699,2019,344,0.01,0.59,79.52,16.85,25.66,16.41,17.19,20.47,10 December 2019,12
6.82701,-73.42699,2019,345,0.22,0.73,80.55,16.68,24.92,16.65,16.53,20.09,11 December 2019,12
6.82701,-73.42699,2019,346,0.3,0.9,83.14,16.51,24.26,15.18,18.15,19.43,12 December 2019,12
6.82701,-73.42699,2019,347,4.08,0.88,88.25,17.53,23.13,16.99,18.91,19.53,13 December 2019,12
6.82701,-73.42699,2019,348,8.73,0.53,92.05,17.8,21.89,17.27,11.02,19.14,14 December 2019,12
6.82701,-73.42699,2019,349,5.06,0.45,86.75,17.31,23.17,17.08,15.34,19.58,15 December 2019,12
6.82701,-73.42699,2019,350,2.15,0.57,81.01,17.55,25.89,17.12,18.13,20.89,16 December 2019,12
6.82701,-73.42699,2019,351,0.16,0.61,80.87,17.57,26.05,16.92,16.88,20.94,17 December 2019,12
6.82701,-73.42699,2019,352,11.32,0.57,86.06,17.86,24.26,17.43,15.63,20.26,18 December 2019,12
6.82701,-73.42699,2019,353,1.23,0.55,79.9,17.49,26.12,16.93,19.43,21.05,19 December 2019,12
6.82701,-73.42699,2019,354,0.27,0.56,80.45,17.49,25.71,17.08,18.35,20.94,20 December 2019,12
6.82701,-73.42699,2019,355,0.09,0.47,79.61,17.74,26.45,17.62,16.33,21.37,21 December 2019,12
6.82701,-73.42699,2019,356,0.02,0.38,77.37,17.3,25.72,18.17,17.78,21.36,22 December 2019,12
6.82701,-73.42699,2019,357,0,0.54,76.84,17.62,26.75,17.35,18.82,21.79,23 December 2019,12
6.82701,-73.42699,2019,358,0.09,0.43,80.29,18.15,25.43,18.83,18.62,21.65,24 December 2019,12
6.82701,-73.42699,2019,359,1.26,0.43,84.48,18.24,24.1,18.83,15.9,20.94,25 December 2019,12
6.82701,-73.42699,2019,360,4.92,0.46,82.61,18.39,25.81,18.04,16.79,21.44,26 December 2019,12
6.82701,-73.42699,2019,361,2.26,0.5,79.62,18.03,26.47,17.84,15.77,21.66,27 December 2019,12
6.82701,-73.42699,2019,362,0.38,0.47,82.26,18.2,25.83,18.41,19.37,21.31,28 December 2019,12
6.82701,-73.42699,2019,363,0.11,0.53,79.43,17.97,26.26,18.81,17.04,21.64,29 December 2019,12
6.82701,-73.42699,2019,364,7.63,0.68,81.03,17.52,25.32,17.04,14.61,20.85,30 December 2019,12
6.82701,-73.42699,2019,365,22.5,0.57,86.76,17.96,23.84,18.13,15.04,20.24,31 December 2019,12
6.82701,-73.42699,2020,1,21.89,0.68,80.27,16.68,25.48,15.89,17.44,20.15,01 January 2020,1
6.82701,-73.42699,2020,2,2.24,0.74,75.4,15.35,26.21,13.38,19.575,19.75,02 January 2020,1
6.82701,-73.42699,2020,3,0,0.78,71.41,14.82,26.34,13.71,21.71,20.07,03 January 2020,1
6.82701,-73.42699,2020,4,0.41,0.89,73.73,15.33,25.8,14.77,21.53,20.09,04 January 2020,1
6.82701,-73.42699,2020,5,0.45,0.78,81.13,16.46,25,14.94,19.8,19.76,05 January 2020,1
6.82701,-73.42699,2020,6,0.72,0.79,80.44,16.37,25.13,15.28,20.36,19.8,06 January 2020,1
6.82701,-73.42699,2020,7,0.22,0.71,73.49,15.24,26.45,14.46,22.11,20.04,07 January 2020,1
6.82701,-73.42699,2020,8,0.05,0.72,72.66,14.67,26.26,13.42,21.2,19.63,08 January 2020,1
6.82701,-73.42699,2020,9,0,0.96,68.82,13.92,26.69,14.16,23.23,19.71,09 January 2020,1
6.82701,-73.42699,2020,10,0,1.15,68.59,13.36,26.71,12.63,23.18,19.18,10 January 2020,1
6.82701,-73.42699,2020,11,0,0.77,72.32,14.87,26.46,14.49,23.16,19.92,11 January 2020,1
6.82701,-73.42699,2020,12,0,0.88,71.91,15.5,27.09,14.47,22,20.65,12 January 2020,1
6.82701,-73.42699,2020,13,0,0.96,71.73,16.03,27.44,15.36,22.78,21.25,13 January 2020,1
6.82701,-73.42699,2020,14,0,0.72,72.53,16.39,27.12,16.78,22.68,21.44,14 January 2020,1
6.82701,-73.42699,2020,15,0,0.57,72.76,16.57,27.03,17.02,19.9,21.58,15 January 2020,1
6.82701,-73.42699,2020,16,0.06,0.44,73.57,17.12,27.2,17.36,22.5,21.97,16 January 2020,1
6.82701,-73.42699,2020,17,0.09,0.84,68.82,16.55,28.82,16.98,20.05,22.46,17 January 2020,1
6.82701,-73.42699,2020,18,0.01,0.63,71.42,17.43,28.49,17.44,18.78,22.77,18 January 2020,1
6.82701,-73.42699,2020,19,0.02,0.65,73.2,17.52,28.09,18.44,17.51,22.46,19 January 2020,1
6.82701,-73.42699,2020,20,5.59,0.65,81.63,17.89,24.75,18.64,13.5,21.12,20 January 2020,1
6.82701,-73.42699,2020,21,16.26,0.58,85.81,18.16,25,18.31,16.76,20.61,21 January 2020,1
6.82701,-73.42699,2020,22,10.93,0.85,93.28,17.69,20.95,17.08,16.02,18.82,22 January 2020,1
6.82701,-73.42699,2020,23,0.17,0.88,84.34,16.66,24.09,15.44,16.75,19.35,23 January 2020,1
6.82701,-73.42699,2020,24,5.64,0.68,88.35,17.71,23.5,17.13,16.5,19.69,24 January 2020,1
6.82701,-73.42699,2020,25,3.34,0.65,87.31,18.14,24.4,17.42,18.36,20.32,25 January 2020,1
6.82701,-73.42699,2020,26,15.92,0.82,85.78,17.87,24.53,16.87,16.17,20.33,26 January 2020,1
6.82701,-73.42699,2020,27,8.83,0.73,91.08,18.07,22.19,17.89,17.675,19.58,27 January 2020,1
6.82701,-73.42699,2020,28,0.17,0.77,87.26,17.89,23.47,17.74,19.18,20.08,28 January 2020,1
6.82701,-73.42699,2020,29,4.37,0.77,85.81,18.03,24.97,17.39,21.22,20.48,29 January 2020,1
6.82701,-73.42699,2020,30,2.04,0.66,77.49,17.08,26.23,17.05,19.32,21.11,30 January 2020,1
6.82701,-73.42699,2020,31,0,0.6,73.84,16.49,27.2,15.8,20.09,21.26,31 January 2020,1
6.82701,-73.42699,2020,32,9.15,0.48,76.71,17.43,26.74,17.87,20.63,21.63,01 February 2020,2
6.82701,-73.42699,2020,33,9.07,0.65,77.38,17.04,26.51,17.15,17.62,21.09,02 February 2020,2
6.82701,-73.42699,2020,34,0.27,0.7,71.72,15.92,28.07,15.66,20.405,21.13,03 February 2020,2
6.82701,-73.42699,2020,35,0,0.86,67.25,13.95,27.56,13.57,23.19,20.12,04 February 2020,2
6.82701,-73.42699,2020,36,0,0.94,64.74,12.93,27.19,12.71,23.91,19.66,05 February 2020,2
6.82701,-73.42699,2020,37,0,0.9,64,12.67,27.51,12.02,23.89,19.56,06 February 2020,2
6.82701,-73.42699,2020,38,0,0.95,66.03,13.78,27.38,12.59,23.65,20.23,07 February 2020,2
6.82701,-73.42699,2020,39,0.16,0.85,72.92,16.2,26.63,17.5,22.4,21.17,08 February 2020,2
6.82701,-73.42699,2020,40,2.12,0.84,71.23,15.61,27.05,15.46,21.31,20.92,09 February 2020,2
6.82701,-73.42699,2020,41,1.65,0.99,67.16,15.02,28.4,15.26,23.47,21.26,10 February 2020,2
6.82701,-73.42699,2020,42,0.47,0.98,65.85,14.85,28.67,14.36,23.67,21.39,11 February 2020,2
6.82701,-73.42699,2020,43,0,0.84,66.39,15.7,28.93,15.86,22.92,22.15,12 February 2020,2
6.82701,-73.42699,2020,44,0.02,0.68,71.68,17.12,27.88,18.3,22.17,22.38,13 February 2020,2
6.82701,-73.42699,2020,45,0.09,0.66,73.48,17.19,27.68,18.4,20.37,22.07,14 February 2020,2
6.82701,-73.42699,2020,46,0.05,1.06,65.52,15.55,28.5,17.07,21.16,22.21,15 February 2020,2
6.82701,-73.42699,2020,47,0.01,1.02,65.15,15.31,28.48,16.83,21.91,22.04,16 February 2020,2
6.82701,-73.42699,2020,48,0.01,1.05,61.51,15.09,29.96,17.17,24.37,22.76,17 February 2020,2
6.82701,-73.42699,2020,49,0,0.8,65,16.3,30.44,16.93,23.72,23.12,18 February 2020,2
6.82701,-73.42699,2020,50,0.05,0.71,67.71,17.24,30.16,18.51,21.77,23.43,19 February 2020,2
6.82701,-73.42699,2020,51,0.03,0.79,70.9,17.13,28.61,17.33,19.82,22.58,20 February 2020,2
6.82701,-73.42699,2020,52,1.12,0.51,80.12,17.91,25.3,18.8,21.16,21.43,21 February 2020,2
6.82701,-73.42699,2020,53,1.01,0.36,82.44,17.55,24.55,18.07,17.23,20.62,22 February 2020,2
6.82701,-73.42699,2020,54,4.6,0.71,81.44,17.69,25.49,17.78,15.86,20.95,23 February 2020,2
6.82701,-73.42699,2020,55,1.06,0.72,77.92,17.74,27.56,17.57,19.29,21.7,24 February 2020,2
6.82701,-73.42699,2020,56,0.16,0.75,78.34,17.75,26.57,17.91,20.15,21.62,25 February 2020,2
6.82701,-73.42699,2020,57,0.06,0.73,80.86,17.6,25.48,18.28,19.03,20.97,26 February 2020,2
6.82701,-73.42699,2020,58,1.7,0.82,78.46,17.5,26.82,17.29,20.68,21.34,27 February 2020,2
6.82701,-73.42699,2020,59,0.6,0.8,75.33,16.92,26.44,16.89,20.82,21.39,28 February 2020,2
6.82701,-73.42699,2020,60,0.03,0.69,71.32,17.05,27.63,18.2,20.96,22.4,29 February 2020,2
6.82701,-73.42699,2020,61,104.09,0.71,78.73,17.96,26.78,17.87,22.13,21.76,01 March 2020,3
6.82701,-73.42699,2020,62,84.36,0.76,80.32,18.25,26.69,18,20.84,21.74,02 March 2020,3
6.82701,-73.42699,2020,63,0.16,0.84,77.81,17.76,26.86,18.09,21.43,21.75,03 March 2020,3
6.82701,-73.42699,2020,64,0.02,0.76,68.89,15.87,28.29,15.9,22.39,21.73,04 March 2020,3
6.82701,-73.42699,2020,65,0.02,0.9,62.83,13.41,28.23,12.9,24.59,20.64,05 March 2020,3
6.82701,-73.42699,2020,66,0,0.93,65.15,14.63,28.02,14.57,22.47,21.34,06 March 2020,3
6.82701,-73.42699,2020,67,1.35,0.77,74.03,17.45,27.8,18.2,20.35,22.22,07 March 2020,3
6.82701,-73.42699,2020,68,26.38,0.56,82.13,18.09,25.33,18.17,18.13,21.23,08 March 2020,3
6.82701,-73.42699,2020,69,7.77,0.61,80.83,17.91,26.62,17.85,19.75,21.3,09 March 2020,3
6.82701,-73.42699,2020,70,2.03,0.71,78.26,17.59,26.62,17.56,20.73,21.48,10 March 2020,3
6.82701,-73.42699,2020,71,14.23,0.84,80.65,17.77,25.73,18.42,15.97,21.18,11 March 2020,3
6.82701,-73.42699,2020,72,9.96,0.79,83.64,18.4,25.97,17.54,16.06,21.26,12 March 2020,3
6.82701,-73.42699,2020,73,8.71,0.73,83.88,18.48,25.62,18.34,12.68,21.29,13 March 2020,3
6.82701,-73.42699,2020,74,9.83,0.66,87.62,18.17,23.63,18.18,16.02,20.3,14 March 2020,3
6.82701,-73.42699,2020,75,1.29,0.82,85.45,17.69,24.03,17.34,18.515,20.2,15 March 2020,3
6.82701,-73.42699,2020,76,0.05,0.73,78.32,17.2,26.1,16.52,21.01,21.06,16 March 2020,3
6.82701,-73.42699,2020,77,0,0.88,75.21,16.82,26.62,17.19,23.8,21.31,17 March 2020,3
6.82701,-73.42699,2020,78,0,0.76,76.33,16.77,25.99,16.63,21.16,21.03,18 March 2020,3
6.82701,-73.42699,2020,79,0.05,0.85,74.44,16.63,26.35,17.3,21.54,21.28,19 March 2020,3
6.82701,-73.42699,2020,80,0.54,0.76,82,16.87,23.7,17.69,5.05,20.01,20 March 2020,3
6.82701,-73.42699,2020,81,0.12,0.93,79.21,15.97,24.11,15.83,17.21,19.62,21 March 2020,3
6.82701,-73.42699,2020,82,0.05,0.77,74.54,15.93,25.65,16.25,20.035,20.53,22 March 2020,3
6.82701,-73.42699,2020,83,0,0.53,76.68,16.43,24.71,17.55,22.86,20.61,23 March 2020,3
6.82701,-73.42699,2020,84,0,0.6,77.76,16.92,25.43,18.01,14.19,20.88,24 March 2020,3
6.82701,-73.42699,2020,85,6.01,0.63,79.18,17.67,26.25,18.04,22.02,21.38,25 March 2020,3
6.82701,-73.42699,2020,86,3.92,0.82,78.5,17.8,26.75,17.48,21.08,21.65,26 March 2020,3
6.82701,-73.42699,2020,87,0,0.84,75.86,17.32,26.83,17.57,22.14,21.69,27 March 2020,3
6.82701,-73.42699,2020,88,0,0.85,71.56,16.49,28,16.08,21.68,21.77,28 March 2020,3
6.82701,-73.42699,2020,89,0.9,0.87,73.27,16.86,27.96,16.99,21.43,21.77,29 March 2020,3
6.82701,-73.42699,2020,90,3.83,0.74,75.59,17.53,28.11,18.25,18.86,21.96,30 March 2020,3
6.82701,-73.42699,2020,91,5.89,0.75,79.76,17.73,26.87,17.77,16.515,21.32,31 March 2020,3
6.82701,-73.42699,2020,92,4.94,0.64,85.46,17.68,23.13,17.65,14.17,20.19,01 April 2020,4
6.82701,-73.42699,2020,93,0.06,0.71,80.62,18.2,26.33,17.93,20.07,21.64,02 April 2020,4
6.82701,-73.42699,2020,94,5.28,0.56,80.95,18.47,26.8,18,20.96,21.85,03 April 2020,4
6.82701,-73.42699,2020,95,4.27,0.55,81.63,18.84,26.69,18.34,19.41,22.09,04 April 2020,4
6.82701,-73.42699,2020,96,3.55,0.36,82,18.83,27.14,19.41,20.81,22.01,05 April 2020,4
6.82701,-73.42699,2020,97,6.63,0.52,82.9,18.43,25.77,19.12,15.13,21.43,06 April 2020,4
6.82701,-73.42699,2020,98,0.06,0.5,71.91,16.99,28.15,17.72,17.28,22.21,07 April 2020,4
6.82701,-73.42699,2020,99,0.09,0.59,73.83,17.79,28.41,18.59,19.43,22.61,08 April 2020,4
6.82701,-73.42699,2020,100,0.19,0.43,75.77,17.09,25.58,18.4,19.62,21.47,09 April 2020,4
6.82701,-73.42699,2020,101,7.99,0.53,77.15,17.69,27.26,17.91,15.94,21.81,10 April 2020,4
6.82701,-73.42699,2020,102,22.76,0.51,81.91,18.58,26.4,18.44,18.35,21.77,11 April 2020,4
6.82701,-73.42699,2020,103,2.04,1.16,68.53,15.75,28.3,16.59,22.06,21.69,12 April 2020,4
6.82701,-73.42699,2020,104,0.95,0.91,68.31,15.28,27.84,15.41,21.51,21.25,13 April 2020,4
6.82701,-73.42699,2020,105,1.75,0.86,75.58,16.6,26.35,15.52,21.2,21.01,14 April 2020,4
6.82701,-73.42699,2020,106,2.84,0.71,79.49,17.41,25.71,17.97,18.25,21.04,15 April 2020,4
6.82701,-73.42699,2020,107,0.85,0.79,74.27,16.57,26.8,17.17,18.935,21.25,16 April 2020,4
6.82701,-73.42699,2020,108,0,0.69,72.1,16.45,27.68,16.3,19.62,21.6,17 April 2020,4
6.82701,-73.42699,2020,109,0.25,0.49,81.38,17.38,24.52,18.39,12.59,20.64,18 April 2020,4
6.82701,-73.42699,2020,110,1.05,0.7,88.91,17.79,22.54,17.85,18.11,19.68,19 April 2020,4
6.82701,-73.42699,2020,111,0.69,0.81,77.17,17.33,26.82,17.2,21.17,21.43,20 April 2020,4
6.82701,-73.42699,2020,112,4.74,0.85,82.58,17.67,25.13,17.49,11.3,20.71,21 April 2020,4
6.82701,-73.42699,2020,113,2,0.63,84.82,17.6,23.69,17.87,18.25,20.22,22 April 2020,4
6.82701,-73.42699,2020,114,0.21,0.47,78.04,17.47,26.56,17.67,20.165,21.4,23 April 2020,4
6.82701,-73.42699,2020,115,0.05,0.76,73.19,17.23,28.65,17.34,22.08,22.17,24 April 2020,4
6.82701,-73.42699,2020,116,0.07,0.81,70.74,16.8,29.06,16.78,23.21,22.27,25 April 2020,4
6.82701,-73.42699,2020,117,0.08,0.61,75.38,17.11,26.81,17.48,23.1,21.57,26 April 2020,4
6.82701,-73.42699,2020,118,1.72,0.56,68.37,15.79,28.46,16.55,22.68,21.76,27 April 2020,4
6.82701,-73.42699,2020,119,2.15,0.62,73.21,17.46,28.31,17.96,22.16,22.4,28 April 2020,4
6.82701,-73.42699,2020,120,0.02,0.68,77.45,17.82,27.51,18.36,15.34,21.88,29 April 2020,4
6.82701,-73.42699,2020,121,4.29,0.44,80.39,18.13,26.34,18.83,16.65,21.61,30 April 2020,4
6.82701,-73.42699,2020,122,3.11,0.53,78.31,18.06,26.84,18.64,14.11,21.95,01 May 2020,5
6.82701,-73.42699,2020,123,0.34,0.63,72.63,17.74,29.47,17.81,22.03,22.82,02 May 2020,5
6.82701,-73.42699,2020,124,0.2,0.62,69.02,17.73,29.92,18.77,17.91,23.64,03 May 2020,5
6.82701,-73.42699,2020,125,0.4,0.59,72.4,17.47,27.39,18.4,21.67,22.59,04 May 2020,5
6.82701,-73.42699,2020,126,0.39,0.66,67.55,17.19,30.1,18.13,23.77,23.43,05 May 2020,5
6.82701,-73.42699,2020,127,0.72,0.59,70.19,17.08,28.5,17.45,19.41,22.69,06 May 2020,5
6.82701,-73.42699,2020,128,0.28,0.43,67.64,17,29.56,18.6,18.62,23.2,07 May 2020,5
6.82701,-73.42699,2020,129,0.05,0.49,64.56,16.48,29.86,17.32,14.68,23.42,08 May 2020,5
6.82701,-73.42699,2020,130,0.36,0.48,63.93,16.91,29.76,19.77,18.805,24.04,09 May 2020,5
6.82701,-73.42699,2020,131,0.16,0.73,63.54,17.13,31.42,17.88,22.93,24.37,10 May 2020,5
6.82701,-73.42699,2020,132,0.35,0.71,67.58,17.65,30.41,18.48,18.13,23.9,11 May 2020,5
6.82701,-73.42699,2020,133,5.49,0.75,73.89,17.99,28.55,18.32,18.24,22.8,12 May 2020,5
6.82701,-73.42699,2020,134,2.43,0.79,84.68,18.38,24.58,18.84,15.42,21.04,13 May 2020,5
6.82701,-73.42699,2020,135,0.07,0.61,83.47,17.88,23.94,18.08,20.31,20.76,14 May 2020,5
6.82701,-73.42699,2020,136,0.11,0.64,73.13,17.11,28,18.17,20.4,22.06,15 May 2020,5
6.82701,-73.42699,2020,137,0.29,0.53,69.21,17.24,29.44,18.21,22.95,23.08,16 May 2020,5
6.82701,-73.42699,2020,138,11.39,0.53,71.88,17.4,28.29,18.2,16.39,22.63,17 May 2020,5
6.82701,-73.42699,2020,139,7.18,0.64,74.15,17.44,28.67,16.71,24.42,22.17,18 May 2020,5
6.82701,-73.42699,2020,140,0.48,0.49,74.87,17.21,26.22,18.5,13.74,21.79,19 May 2020,5
6.82701,-73.42699,2020,141,0.05,0.55,64.62,16.23,29.87,17.21,22.18,23.15,20 May 2020,5
6.82701,-73.42699,2020,142,2.52,0.64,68.1,17.01,29.91,17.65,21.95,23.1,21 May 2020,5
6.82701,-73.42699,2020,143,1.75,0.5,74.34,17.91,27.95,18.57,18.89,22.62,22 May 2020,5
6.82701,-73.42699,2020,144,0.76,0.53,68.46,17.4,29.79,18.71,22.89,23.42,23 May 2020,5
6.82701,-73.42699,2020,145,0.11,0.64,67.83,17.27,29.73,18.79,20.97,23.44,24 May 2020,5
6.82701,-73.42699,2020,146,0.01,0.66,68.99,16.69,28.47,18.09,19.67,22.56,25 May 2020,5
6.82701,-73.42699,2020,147,16.15,0.56,71.38,16.86,27.2,17.89,18.37,22.19,26 May 2020,5
6.82701,-73.42699,2020,148,8.76,0.53,79.16,17.59,25.69,18.57,19.14,21.29,27 May 2020,5
6.82701,-73.42699,2020,149,2.76,0.58,80.37,16.97,24.81,17.68,13.87,20.43,28 May 2020,5
6.82701,-73.42699,2020,150,6.85,0.61,82.69,17.38,24.48,17.84,19.49,20.4,29 May 2020,5
6.82701,-73.42699,2020,151,2.77,0.53,87.69,17.42,22.64,17.6,15.1,19.52,30 May 2020,5
6.82701,-73.42699,2020,152,2.47,0.54,86.19,17.39,23.47,17.35,13.64,19.76,31 May 2020,5
6.82701,-73.42699,2020,153,1.11,0.38,83.22,17.09,24.12,17.07,20,20,01 June 2020,6
6.82701,-73.42699,2020,154,0.39,0.64,72.93,16.56,27.5,16.71,16.67,21.53,02 June 2020,6
6.82701,-73.42699,2020,155,0.58,0.65,74.93,16.75,25.89,17.65,7.54,21.3,03 June 2020,6
6.82701,-73.42699,2020,156,0.24,0.42,69.67,16.39,27.52,17.41,21.76,22.09,04 June 2020,6
6.82701,-73.42699,2020,157,0.22,0.55,68.84,16.49,28.46,17.33,20.17,22.38,05 June 2020,6
6.82701,-73.42699,2020,158,0.24,0.58,72.41,16.47,27.38,17.55,11.08,21.56,06 June 2020,6
6.82701,-73.42699,2020,159,7.33,0.51,70.79,16.38,26.55,17.3,21.48,21.82,07 June 2020,6
6.82701,-73.42699,2020,160,3.79,0.61,73.09,16.58,26.87,17.4,22.13,21.52,08 June 2020,6
6.82701,-73.42699,2020,161,4.19,0.77,74.44,16.68,26.63,16.38,20.31,21.34,09 June 2020,6
6.82701,-73.42699,2020,162,2.18,0.51,84.92,16.89,22.11,17.67,19.56,19.48,10 June 2020,6
6.82701,-73.42699,2020,163,5.56,0.75,82.13,16.99,24.51,16.95,18.81,20.11,11 June 2020,6
6.82701,-73.42699,2020,164,1.74,0.65,85.17,16.93,23.12,17.05,21.02,19.48,12 June 2020,6
6.82701,-73.42699,2020,165,0.21,0.51,72.4,16.65,27.79,17.05,19.64,21.74,13 June 2020,6
6.82701,-73.42699,2020,166,2.9,0.49,77.8,17.12,26.5,17.77,18.57,21.09,14 June 2020,6
6.82701,-73.42699,2020,167,5.81,0.68,76.18,16.45,25.76,16.16,15.68,20.73,15 June 2020,6
6.82701,-73.42699,2020,168,1.49,0.69,74.56,16.56,26.16,16.45,17.25,21.18,16 June 2020,6
6.82701,-73.42699,2020,169,1.74,0.64,69.81,16.56,28.78,16.32,15.32,22.23,17 June 2020,6
6.82701,-73.42699,2020,170,3.14,0.59,75.74,17.38,27.41,17,15.31,21.78,18 June 2020,6
6.82701,-73.42699,2020,171,0.34,0.53,73.19,16.83,27.32,17.52,16.38,21.76,19 June 2020,6
6.82701,-73.42699,2020,172,1.9,0.46,71.85,16.56,28.05,17.17,17.45,21.77,20 June 2020,6
6.82701,-73.42699,2020,173,0.58,0.56,64.41,15.48,29.27,16.67,18.11,22.41,21 June 2020,6
6.82701,-73.42699,2020,174,0.59,0.72,63.61,15.03,28.65,16.47,16.66,22.15,22 June 2020,6
6.82701,-73.42699,2020,175,4.22,0.84,65.18,14.71,28.9,15.7,18.52,21.41,23 June 2020,6
6.82701,-73.42699,2020,176,0.91,0.88,60.06,13.49,29.18,14.05,22.1,21.47,24 June 2020,6
6.82701,-73.42699,2020,177,0.44,0.9,63.39,14.58,30.2,15.26,20.17,21.73,25 June 2020,6
6.82701,-73.42699,2020,178,1.05,0.56,67,15.55,28.86,17.01,19.74,21.84,26 June 2020,6
6.82701,-73.42699,2020,179,0.66,0.54,67.09,15.69,28.76,15.99,19.31,21.97,27 June 2020,6
6.82701,-73.42699,2020,180,1.82,0.49,74.88,16.4,26.49,17.72,10.07,20.95,28 June 2020,6
6.82701,-73.42699,2020,181,0.67,0.55,67.2,15.58,27.95,16.77,18.57,21.83,29 June 2020,6
6.82701,-73.42699,2020,182,0.36,0.77,62.03,14.52,29.39,15.22,19.8,22.02,30 June 2020,6
6.82701,-73.42699,2020,183,2.1,0.74,68.4,15.93,29.19,16.8,18.09,21.91,01 July 2020,7
6.82701,-73.42699,2020,184,1.22,0.43,70.6,15.98,27.75,16.86,11.51,21.45,02 July 2020,7
6.82701,-73.42699,2020,185,0.79,0.53,63.34,15.18,29.92,16.17,17.58,22.38,03 July 2020,7
6.82701,-73.42699,2020,186,0.71,0.47,70.27,15.89,27.21,16.94,14.57,21.43,04 July 2020,7
6.82701,-73.42699,2020,187,0.35,0.69,64.05,15.01,29.17,16.15,13.86,22.01,05 July 2020,7
6.82701,-73.42699,2020,188,0.54,0.59,64.47,14.47,28.43,15.51,12.03,21.34,06 July 2020,7
6.82701,-73.42699,2020,189,20.94,0.57,74.82,16.13,26.84,16.41,17.41,20.69,07 July 2020,7
6.82701,-73.42699,2020,190,3.97,0.67,74.73,16.46,27.34,16.38,20.1,21.04,08 July 2020,7
6.82701,-73.42699,2020,191,3.59,0.64,73.09,16.2,27.29,15.42,22.57,21.12,09 July 2020,7
6.82701,-73.42699,2020,192,6.65,0.54,76.87,16.73,25.96,17.28,20.14,20.87,10 July 2020,7
6.82701,-73.42699,2020,193,2.68,0.6,82.06,16.87,24.3,16.84,12.64,20,11 July 2020,7
6.82701,-73.42699,2020,194,1.18,0.7,77.31,16.26,24.98,16.48,17.4,20.3,12 July 2020,7
6.82701,-73.42699,2020,195,0.52,0.56,69.47,15.46,27.36,16.25,22.16,21.17,13 July 2020,7
6.82701,-73.42699,2020,196,0.1,0.62,63.18,14.24,28.35,15.38,21.59,21.43,14 July 2020,7
6.82701,-73.42699,2020,197,0.34,0.73,66.11,14.7,27.15,15.26,19.88,21.18,15 July 2020,7
6.82701,-73.42699,2020,198,1.42,0.69,71.11,15.65,26,17,19.73,20.99,16 July 2020,7
6.82701,-73.42699,2020,199,0.37,0.68,66.54,15.35,27.68,15.6,21.67,21.74,17 July 2020,7
6.82701,-73.42699,2020,200,3.33,0.58,70.17,16.04,27.21,17.12,19.59,21.61,18 July 2020,7
6.82701,-73.42699,2020,201,0.06,0.57,68.15,15.84,28.3,17.36,22.02,21.87,19 July 2020,7
6.82701,-73.42699,2020,202,0.01,0.63,66.6,15.03,28.07,16.09,17.31,21.39,20 July 2020,7
6.82701,-73.42699,2020,203,0.15,0.67,69.85,15.48,27.36,16.01,16.695,21.1,21 July 2020,7
6.82701,-73.42699,2020,204,1.47,0.7,73.43,15.85,25.4,16.57,16.08,20.69,22 July 2020,7
6.82701,-73.42699,2020,205,1.43,0.6,66.05,15.39,29.33,15.53,14.55,21.91,23 July 2020,7
6.82701,-73.42699,2020,206,2.41,0.7,72.16,15.83,27.81,16.36,15.74,20.94,24 July 2020,7
6.82701,-73.42699,2020,207,0.81,0.67,73.59,15.93,27.07,16.28,17.66,20.74,25 July 2020,7
6.82701,-73.42699,2020,208,5.06,0.61,77.82,16.19,25.19,16.19,19.46,20.13,26 July 2020,7
6.82701,-73.42699,2020,209,0.29,0.65,68.29,15.51,28.46,15.77,21.21,21.49,27 July 2020,7
6.82701,-73.42699,2020,210,0.2,0.63,65.98,15.67,28.87,16.82,20.7,22.22,28 July 2020,7
6.82701,-73.42699,2020,211,2.47,0.79,68.62,16.09,29.43,16.21,20.19,22.02,29 July 2020,7
6.82701,-73.42699,2020,212,1.11,0.59,73.85,17.45,27.1,18.11,21.33,22.25,30 July 2020,7
6.82701,-73.42699,2020,213,0.01,0.65,68.62,16.46,28.15,18.13,22.05,22.4,31 July 2020,7
6.82701,-73.42699,2020,214,15.01,0.61,73.54,16.31,25.88,17.47,23.3,21.14,01 August 2020,8
6.82701,-73.42699,2020,215,0.07,0.71,62.53,14.9,28.42,17.07,20.74,22.29,02 August 2020,8
6.82701,-73.42699,2020,216,3.01,0.56,69.86,16.24,28.2,17.66,22.11,21.89,03 August 2020,8
6.82701,-73.42699,2020,217,3.18,0.49,69.03,15.86,27.82,16.41,21.27,21.68,04 August 2020,8
6.82701,-73.42699,2020,218,0.45,0.63,69.24,15.64,27.2,15.88,18.38,21.41,05 August 2020,8
6.82701,-73.42699,2020,219,0.92,0.56,68.77,16.07,28.11,17.23,18.855,21.96,06 August 2020,8
6.82701,-73.42699,2020,220,0.17,0.54,64.03,15.37,29.1,16.43,19.33,22.4,07 August 2020,8
6.82701,-73.42699,2020,221,0.01,0.46,61.12,15.65,30.51,17.72,19.36,23.46,08 August 2020,8
6.82701,-73.42699,2020,222,0,0.49,63.12,15.83,29.95,17.54,20.73,23.11,09 August 2020,8
6.82701,-73.42699,2020,223,0,0.68,65.48,16.21,28.82,17.71,16.02,22.91,10 August 2020,8
6.82701,-73.42699,2020,224,8.9,0.56,73.9,17.25,27.26,18.54,19.09,22.04,11 August 2020,8
6.82701,-73.42699,2020,225,1.17,0.68,67.94,16.7,29.79,17.41,18.79,22.82,12 August 2020,8
6.82701,-73.42699,2020,226,0.55,0.45,67.95,16.56,28.24,18.21,17.96,22.67,13 August 2020,8
6.82701,-73.42699,2020,227,0.5,0.6,64.73,15.75,29.78,16.61,17.13,22.61,14 August 2020,8
6.82701,-73.42699,2020,228,2.04,0.56,74.4,16.78,26.25,18.01,19.84,21.44,15 August 2020,8
6.82701,-73.42699,2020,229,0.94,0.49,68.89,16.02,28.97,17.23,21.64,21.89,16 August 2020,8
6.82701,-73.42699,2020,230,1.41,0.66,71.33,16.23,27.73,17.12,12.58,21.55,17 August 2020,8
6.82701,-73.42699,2020,231,0.57,0.62,73.23,16.92,28.11,17.7,19.8,21.84,18 August 2020,8
6.82701,-73.42699,2020,232,3.08,0.69,79.45,17.55,25.66,18.12,20.09,21.2,19 August 2020,8
6.82701,-73.42699,2020,233,5.23,0.53,75.25,17.27,28.63,17.18,17.07,21.77,20 August 2020,8
6.82701,-73.42699,2020,234,25.31,0.51,78.99,17.23,26.23,17.08,18.37,20.97,21 August 2020,8
6.82701,-73.42699,2020,235,16.02,0.74,77.92,16.51,25.38,16.97,15.73,20.43,22 August 2020,8
6.82701,-73.42699,2020,236,4.94,0.76,81.8,16.67,24.02,17.01,18.27,19.84,23 August 2020,8
6.82701,-73.42699,2020,237,1.62,0.67,77.47,16.93,25.62,17.52,23.41,20.96,24 August 2020,8
6.82701,-73.42699,2020,238,0.49,0.67,80.62,16.96,24.26,17.21,22.37,20.36,25 August 2020,8
6.82701,-73.42699,2020,239,0.23,0.64,77.02,16.73,26.85,16.62,19.88,20.85,26 August 2020,8
6.82701,-73.42699,2020,240,0.2,0.62,68.62,16.04,28.63,16.29,20.82,21.97,27 August 2020,8
6.82701,-73.42699,2020,241,0.04,0.65,62.18,15.15,30.08,17.02,22.94,22.65,28 August 2020,8
6.82701,-73.42699,2020,242,0.43,0.83,66.13,14.88,27.95,16.4,21.285,21.36,29 August 2020,8
6.82701,-73.42699,2020,243,0.59,0.9,74.31,15.28,23.87,17.05,19.63,19.91,30 August 2020,8
6.82701,-73.42699,2020,244,0.22,0.66,75.07,15.85,24.73,16.84,20.58,20.34,31 August 2020,8
6.82701,-73.42699,2020,245,9.07,0.77,75.69,16.48,26.45,17.35,23.52,20.86,01 September 2020,9
6.82701,-73.42699,2020,246,7.51,0.82,89.24,17.13,21.69,17.08,12.75,18.95,02 September 2020,9
6.82701,-73.42699,2020,247,4.58,0.78,78.67,16.77,26.16,16.35,22.85,20.55,03 September 2020,9
6.82701,-73.42699,2020,248,6.24,0.69,80.32,17.19,25.74,16.45,21.27,20.65,04 September 2020,9
6.82701,-73.42699,2020,249,1.17,0.65,71.04,16.62,28.14,16.68,23.77,22.01,05 September 2020,9
6.82701,-73.42699,2020,250,0.29,0.74,74.13,16.64,28.08,16.08,17.31,21.36,06 September 2020,9
6.82701,-73.42699,2020,251,3.36,0.58,78.03,16.95,26.98,17.21,21.59,20.87,07 September 2020,9
6.82701,-73.42699,2020,252,0.84,0.61,80.28,16.61,24.7,16.89,13.27,20.07,08 September 2020,9
6.82701,-73.42699,2020,253,0.38,0.68,78,16.64,24.97,17.38,15.76,20.55,09 September 2020,9
6.82701,-73.42699,2020,254,0.17,0.73,68.19,15.63,27.76,16.01,22.7,21.64,10 September 2020,9
6.82701,-73.42699,2020,255,0.26,0.74,72.74,16.5,26.49,16.62,21.09,21.52,11 September 2020,9
6.82701,-73.42699,2020,256,0.33,0.66,77.09,17.16,26.73,17.53,17.28,21.27,12 September 2020,9
6.82701,-73.42699,2020,257,1.33,0.62,71.14,16.44,26.55,17.64,20.88,21.8,13 September 2020,9
6.82701,-73.42699,2020,258,0.3,0.61,65.62,15.65,30.19,15.97,19.165,22.29,14 September 2020,9
6.82701,-73.42699,2020,259,0.42,0.6,68.53,15.62,27.87,15.68,17.45,21.55,15 September 2020,9
6.82701,-73.42699,2020,260,1.76,0.86,70.91,16.14,28.43,15.81,21.25,21.54,16 September 2020,9
6.82701,-73.42699,2020,261,0.41,0.76,76.52,16.6,26.09,17.57,17.37,20.82,17 September 2020,9
6.82701,-73.42699,2020,262,3.49,0.68,79.77,16.94,24.57,17.37,20.4,20.51,18 September 2020,9
6.82701,-73.42699,2020,263,3.44,0.74,79.62,17.22,26.21,16.94,21.66,20.82,19 September 2020,9
6.82701,-73.42699,2020,264,1.66,0.55,75.06,16.87,26.67,17.44,19.25,21.4,20 September 2020,9
6.82701,-73.42699,2020,265,0.4,0.74,65.89,15.19,28.66,16.35,21.8,21.74,21 September 2020,9
6.82701,-73.42699,2020,266,3.19,0.76,62.52,14.96,30.39,15.45,23.7,22.36,22 September 2020,9
6.82701,-73.42699,2020,267,0.77,0.45,75.92,16.63,25.57,17.76,17.51,20.97,23 September 2020,9
6.82701,-73.42699,2020,268,0.79,0.54,65.05,14.83,29.1,15.96,17.86,21.57,24 September 2020,9
6.82701,-73.42699,2020,269,0.05,0.66,64.83,14.31,27.95,15.13,19.61,21.08,25 September 2020,9
6.82701,-73.42699,2020,270,0.07,0.63,70.67,15.48,26.23,16.16,17.88,20.91,26 September 2020,9
6.82701,-73.42699,2020,271,0.07,0.6,72.83,15.56,25.5,17.11,21.33,20.52,27 September 2020,9
6.82701,-73.42699,2020,272,0.05,0.65,65.26,15.01,28.71,15.94,21.7,21.7,28 September 2020,9
6.82701,-73.42699,2020,273,3.39,0.53,71.1,16.42,27.81,17.82,22.04,21.8,29 September 2020,9
6.82701,-73.42699,2020,274,0.56,0.76,66.14,15.38,30.02,16.45,21.525,21.88,30 September 2020,9
6.82701,-73.42699,2020,275,0,0.63,66.73,15.39,27.78,16.23,21.01,21.74,01 October 2020,10
6.82701,-73.42699,2020,276,0,0.76,70.2,16.11,26.99,17.44,19.89,21.68,02 October 2020,10
6.82701,-73.42699,2020,277,0,0.76,67.77,15.86,28.91,17.34,20.24,21.98,03 October 2020,10
6.82701,-73.42699,2020,278,0,0.77,70.22,15.79,27.25,17.23,21.13,21.34,04 October 2020,10
6.82701,-73.42699,2020,279,0,0.61,64.89,15.23,28.96,16.88,22.29,22.03,05 October 2020,10
6.82701,-73.42699,2020,280,0,0.67,73.89,15.98,24.99,17.58,15.54,20.72,06 October 2020,10
6.82701,-73.42699,2020,281,0,0.68,65.66,15.57,29.34,17.61,20.71,22.2,07 October 2020,10
6.82701,-73.42699,2020,282,0,0.7,62.95,14.84,29.87,15.89,18.29,22.12,08 October 2020,10
6.82701,-73.42699,2020,283,0,0.46,63.87,15.49,29.57,16.45,23.15,22.57,09 October 2020,10
6.82701,-73.42699,2020,284,0,0.65,64.04,15.2,29.21,16.83,21.91,22.21,10 October 2020,10
6.82701,-73.42699,2020,285,7.37,0.83,58.9,14.78,31.49,17.17,24.36,23.16,11 October 2020,10
6.82701,-73.42699,2020,286,5.45,0.69,72.2,16.23,27.78,16.92,20.17,21.36,12 October 2020,10
6.82701,-73.42699,2020,287,0,0.49,68.68,15.24,26.72,16.94,19.67,21.12,13 October 2020,10
6.82701,-73.42699,2020,288,0,0.75,64.41,14.82,28.74,15.95,18.01,21.72,14 October 2020,10
6.82701,-73.42699,2020,289,0,0.57,65.99,15.83,28.92,17.13,21.28,22.38,15 October 2020,10
6.82701,-73.42699,2020,290,0,0.54,67.13,15.55,26.07,17.98,20.195,21.82,16 October 2020,10
6.82701,-73.42699,2020,291,1,0.89,60.52,14.54,30.5,16.2,19.11,22.45,17 October 2020,10
6.82701,-73.42699,2020,292,0.23,0.8,64.95,15.34,29.5,17.64,19.13,22.13,18 October 2020,10
6.82701,-73.42699,2020,293,0,0.4,72.52,16.39,26.06,18.3,13.78,21.45,19 October 2020,10
6.82701,-73.42699,2020,294,0,0.75,74.24,16.56,26.12,18.2,19.84,21.25,20 October 2020,10
6.82701,-73.42699,2020,295,0,0.76,63.23,14.85,28.42,16.83,20.13,22.06,21 October 2020,10
6.82701,-73.42699,2020,296,0,0.62,65.54,15.83,28.67,17.74,17.86,22.49,22 October 2020,10
6.82701,-73.42699,2020,297,0,0.65,66.44,16.1,29.1,18.39,20.31,22.56,23 October 2020,10
6.82701,-73.42699,2020,298,0,0.64,63.19,15.48,29.56,17.67,15.13,22.73,24 October 2020,10
6.82701,-73.42699,2020,299,0,0.74,69.01,16.06,27.82,17.46,17.57,21.9,25 October 2020,10
6.82701,-73.42699,2020,300,0,0.78,66.2,16.19,28.89,17.92,19.61,22.71,26 October 2020,10
6.82701,-73.42699,2020,301,0,0.63,74.61,16.78,24.36,18.83,15.58,21.39,27 October 2020,10
6.82701,-73.42699,2020,302,30.39,0.74,82.75,17.19,25.4,17.24,19.32,20.19,28 October 2020,10
6.82701,-73.42699,2020,303,5.48,0.62,86.93,17.47,23.67,17.38,18.29,19.71,29 October 2020,10
6.82701,-73.42699,2020,304,0.39,0.79,79.41,17.25,26.12,16.95,15.4,20.9,30 October 2020,10
6.82701,-73.42699,2020,305,0,0.49,81.58,16.75,22.72,17.86,14.65,19.97,31 October 2020,10
6.82701,-73.42699,2020,306,0,0.72,79.5,16.52,23.79,16.85,17.6,20.13,01 November 2020,11
6.82701,-73.42699,2020,307,0,0.88,78.97,17.09,25.21,17.9,20.55,20.82,02 November 2020,11
6.82701,-73.42699,2020,308,0,0.82,79.69,17.59,26.11,17.58,19.19,21.19,03 November 2020,11
6.82701,-73.42699,2020,309,0,0.74,79.24,16.72,24.89,17.39,17.12,20.38,04 November 2020,11
6.82701,-73.42699,2020,310,0,0.75,77.83,16.36,24.37,17.22,15.35,20.29,05 November 2020,11
6.82701,-73.42699,2020,311,0,0.71,80.14,16.43,23.33,17.34,18.09,19.91,06 November 2020,11
6.82701,-73.42699,2020,312,0,0.59,76.27,15.52,25.03,16.52,18.29,19.75,07 November 2020,11
6.82701,-73.42699,2020,313,0,0.87,72.67,15.73,26.43,16.4,18.9,20.73,08 November 2020,11
6.82701,-73.42699,2020,314,0,0.71,76.07,16.85,26.67,17.11,16.47,21.16,09 November 2020,11
6.82701,-73.42699,2020,315,48.75,0.76,85.23,17.38,24.61,17.28,16.23,19.93,10 November 2020,11
6.82701,-73.42699,2020,316,11.41,0.74,91.71,17.28,21.3,16.82,15.07,18.67,11 November 2020,11
6.82701,-73.42699,2020,317,0.55,0.65,84.21,17.22,24.49,16.77,16.76,19.95,12 November 2020,11
6.82701,-73.42699,2020,318,0,0.7,85.52,17.08,23.3,16.96,17.9,19.56,13 November 2020,11
6.82701,-73.42699,2020,319,0,0.88,78.58,16.92,25.5,17,15.12,20.72,14 November 2020,11
6.82701,-73.42699,2020,320,0,0.87,81.74,16.22,23.01,16.78,20.58,19.39,15 November 2020,11
6.82701,-73.42699,2020,321,0,0.45,75.13,14.73,22.93,15.41,17.68,19.17,16 November 2020,11
6.82701,-73.42699,2020,322,0,0.74,84.11,16.24,22.59,16.88,18.03,18.97,17 November 2020,11
6.82701,-73.42699,2020,323,0,0.83,76.59,16.13,25.31,16.25,18.38,20.32,18 November 2020,11
6.82701,-73.42699,2020,324,0,0.53,80.3,17.17,24.79,17.57,16.3,20.64,19 November 2020,11
6.82701,-73.42699,2020,325,0,0.55,77.02,16.88,26.88,17.17,18.54,21,20 November 2020,11
6.82701,-73.42699,2020,326,0,0.72,79.05,16.82,25.08,17.33,19.45,20.53,21 November 2020,11
6.82701,-73.42699,2020,327,0.01,0.53,76.04,17.03,26.65,17.29,20.08,21.36,22 November 2020,11
6.82701,-73.42699,2020,328,0.01,0.58,77,17.21,25.82,17.51,19.34,21.34,23 November 2020,11
6.82701,-73.42699,2020,329,0,0.43,80.86,17.28,24.57,17.73,17.03,20.64,24 November 2020,11
6.82701,-73.42699,2020,330,0,0.74,80.43,17.03,24.94,18.15,19.04,20.47,25 November 2020,11
6.82701,-73.42699,2020,331,0,0.78,70.71,16.42,28.66,16.93,17.205,21.88,26 November 2020,11
6.82701,-73.42699,2020,332,0,0.52,81.68,17.03,23.65,17.76,15.37,20.23,27 November 2020,11
6.82701,-73.42699,2020,333,0,0.6,73.43,16.14,26.95,16.86,18.21,20.99,28 November 2020,11
6.82701,-73.42699,2020,334,0,0.57,72.93,16.56,27.78,17.25,20.49,21.53,29 November 2020,11
6.82701,-73.42699,2020,335,0,0.57,74.41,17.08,28.06,17.96,20.47,21.75,30 November 2020,11
6.82701,-73.42699,2020,336,0,0.64,79.67,17.26,25.73,18.14,17.57,20.85,01 December 2020,12
6.82701,-73.42699,2020,337,0,0.5,77.87,17.34,27.27,17.52,15.93,21.3,02 December 2020,12
6.82701,-73.42699,2020,338,0,0.55,78.13,17.17,26.29,17.86,17.625,21.07,03 December 2020,12
6.82701,-73.42699,2020,339,0,0.8,68.71,15.85,29.19,15.78,19.32,21.75,04 December 2020,12
6.82701,-73.42699,2020,340,0,0.72,72.31,16.92,28.2,17.3,18.68,22.04,05 December 2020,12
6.82701,-73.42699,2020,341,0,0.41,80.66,17.41,24.41,18.44,17.32,20.81,06 December 2020,12
6.82701,-73.42699,2020,342,0,0.63,71.3,16.73,29.2,17.07,17.5,22.07,07 December 2020,12
6.82701,-73.42699,2020,343,0,0.39,76.8,17.19,26.24,18.23,17.34,21.36,08 December 2020,12
6.82701,-73.42699,2020,344,0,0.71,72.72,16.32,27.6,16.77,17.18,21.33,09 December 2020,12
6.82701,-73.42699,2020,345,0,0.72,75.35,16.9,26.8,17.52,20.09,21.36,10 December 2020,12
6.82701,-73.42699,2020,346,0,0.72,69.27,16.18,28.07,16.7,19.41,21.96,11 December 2020,12
6.82701,-73.42699,2020,347,0,0.7,68.83,15.98,27.74,17.54,19.52,21.85,12 December 2020,12
6.82701,-73.42699,2020,348,0,0.78,56.84,13,29.56,15.55,20.42,21.85,13 December 2020,12
6.82701,-73.42699,2020,349,0,0.8,63.22,14.58,29.54,14.98,19.8,21.77,14 December 2020,12
6.82701,-73.42699,2020,350,0,0.58,74.68,16.87,26.42,17.93,17.91,21.48,15 December 2020,12
6.82701,-73.42699,2020,351,0,0.48,73.33,17.11,27.9,18.27,17.76,22.01,16 December 2020,12
6.82701,-73.42699,2020,352,0,0.77,68.71,16.45,28.86,18.02,18.28,22.38,17 December 2020,12
6.82701,-73.42699,2020,353,0,0.54,72.42,16.9,27.57,18.02,17.17,21.99,18 December 2020,12
6.82701,-73.42699,2020,354,1.38,0.64,69.23,16.21,28.27,17.57,17.62,22.01,19 December 2020,12
6.82701,-73.42699,2020,355,0.98,0.65,70.97,16.35,28.45,16.6,18.07,21.75,20 December 2020,12
6.82701,-73.42699,2020,356,0.53,0.69,69.64,16.77,29.14,17.93,19.05,22.5,21 December 2020,12
6.82701,-73.42699,2020,357,3.3,0.62,76.74,17.27,26.75,18.05,17.79,21.46,22 December 2020,12
6.82701,-73.42699,2020,358,1.92,0.58,79.74,17.08,24.21,17.76,18.99,20.66,23 December 2020,12
6.82701,-73.42699,2020,359,0.44,0.7,73.28,16.84,27.43,17.41,16.96,21.75,24 December 2020,12
6.82701,-73.42699,2020,360,1.32,0.78,74.72,16.8,26.94,17.83,17.91,21.39,25 December 2020,12
6.82701,-73.42699,2020,361,4.39,0.7,84.76,17.02,23.45,17.08,18.73,19.64,26 December 2020,12
6.82701,-73.42699,2020,362,3.4,0.91,78.97,16.54,25.54,16.53,17.6,20.25,27 December 2020,12
6.82701,-73.42699,2020,363,1.83,0.56,78.62,16.29,24.79,16.83,19.2,20.07,28 December 2020,12
6.82701,-73.42699,2020,364,8.5,0.69,78.48,16.15,25.06,16.31,15.94,19.96,29 December 2020,12
6.82701,-73.42699,2020,365,20.49,0.54,86.14,17.38,23.89,17.31,17.42,19.76,30 December 2020,12
6.82701,-73.42699,2020,366,22.08,0.62,84.88,17.22,23.98,17.05,15.73,19.82,31 December 2020,12
