YEAR,MO,DY,SRAD,WS10M,T,T2MDEW,T2M_MAX,T2M_MIN,rain,RH,date
2018,1,1,1.35,1.23,23.44,19.57,28.05,20.6,0,80.81,01 January 2018
2018,1,2,1.23,1.29,22.48,19.57,26.46,20.02,10.55,84.81,02 January 2018
2018,1,3,2.02,1.17,21.39,19.8,24.69,18.83,5.27,91.62,03 January 2018
2018,1,4,2.47,1.23,23.11,18.67,28.58,18.91,0,78.19,04 January 2018
2018,1,5,2.45,1.23,23.26,19.19,27.44,20.45,0,79.12,05 January 2018
2018,1,6,1.96,1.23,22.26,18.51,27.17,18.93,0,80.69,06 January 2018
2018,1,7,2.28,1.41,22.56,17.62,27.6,19.21,0,75.19,07 January 2018
2018,1,8,2.54,1.41,22.78,17.41,27.74,19.15,0,73.25,08 January 2018
2018,1,9,1.87,1.33,22.23,18.12,26.87,19.19,0,79,09 January 2018
2018,1,10,2.19,1.27,22.64,17.94,26.8,19.68,0,76.12,10 January 2018
2018,1,11,2.37,1.41,23.67,18.21,28.94,18.83,0,73.5,11 January 2018
2018,1,12,2.29,1.16,23.65,19.15,28.33,20.73,0,77.31,12 January 2018
2018,1,13,2.46,1.34,23.93,18.9,29.55,19.47,0,75.94,13 January 2018
2018,1,14,2.53,1.22,23.98,18.65,28.71,20.53,0,73.75,14 January 2018
2018,1,15,2.59,1.51,23.48,19.01,28.54,20.02,0,77.56,15 January 2018
2018,1,16,2.35,1.23,22.98,19.43,27.6,20.03,5.27,82.12,16 January 2018
2018,1,17,1.44,1.44,23.08,19.66,27.39,19.98,0,82.62,17 January 2018
2018,1,18,1.67,1.05,22.98,20.16,26.78,20.62,5.27,85.5,18 January 2018
2018,1,19,2.58,1.17,23.26,19.38,28.4,19.39,0,80.75,19 January 2018
2018,1,20,2.28,1.34,23.87,19.08,28.77,20.39,0,76.62,20 January 2018
2018,1,21,2.84,1.3,23.12,18.49,27.99,19.64,0,77.19,21 January 2018
2018,1,22,3.07,1.11,23.92,16.82,29.73,18.96,0,67,22 January 2018
2018,1,23,3.12,1.2,24.25,16.83,30.04,20.27,0,65.56,23 January 2018
2018,1,24,2.73,1.31,23.79,17.22,29.05,19.82,0,68.62,24 January 2018
2018,1,25,2.65,1.3,23.88,17.25,29.19,19.69,0,68.25,25 January 2018
2018,1,26,2.36,1.33,24.05,17.72,29.43,19.88,0,69.5,26 January 2018
2018,1,27,2.47,1.07,23.74,17.52,28.8,19.69,0,69.81,27 January 2018
2018,1,28,2.21,1.03,23.6,17.65,28.31,19.87,0,70.88,28 January 2018
2018,1,29,2.38,1.19,23.7,17.85,28.65,19.76,0,71.31,29 January 2018
2018,1,30,2.78,1.11,24.53,18.02,30.36,20.08,0,68.88,30 January 2018
2018,1,31,2.69,1.53,24.78,18.37,30.12,20.7,0,69.25,31 January 2018
2018,2,1,2.43,1.47,24.46,18.27,29.87,20.55,0,70.25,01 February 2018
2018,2,2,1.95,1.24,24.38,18.23,29.27,20.28,0,70,02 February 2018
2018,2,3,2.3,1.09,23.98,18.07,28.81,20.94,0,71.38,03 February 2018
2018,2,4,2.4,1.4,24.05,18.1,29.55,20.61,0,71.12,04 February 2018
2018,2,5,2.4,1.03,23.98,17.08,29.26,19.29,0,67.25,05 February 2018
2018,2,6,3,1,24.62,15.82,30.98,19.65,0,61.06,06 February 2018
2018,2,7,2.39,1.2,23.33,16.55,28.9,19.28,0,67.62,07 February 2018
2018,2,8,3.21,1.1,24.19,14.91,30.66,18.67,0,58.62,08 February 2018
2018,2,9,2.6,0.99,24.05,16.88,29.98,19.14,0,66.25,09 February 2018
2018,2,10,2.86,1.42,24.27,17.2,30.09,20,0,66.56,10 February 2018
2018,2,11,2.84,1.38,24.3,17.44,29.39,20.5,0,67.25,11 February 2018
2018,2,12,1.77,1.38,24.42,17.1,29.94,20.41,0,65.81,12 February 2018
2018,2,13,1.61,1.14,23.69,15.01,28.76,19.74,0,60.75,13 February 2018
2018,2,14,2.39,1.26,24.17,15.12,29.73,19.43,0,59.31,14 February 2018
2018,2,15,2.23,1.55,23.9,16.95,28.98,20.05,0,66.56,15 February 2018
2018,2,16,2.25,1.59,24.16,17.08,29.88,19.69,0,66.81,16 February 2018
2018,2,17,2.02,1.4,23.3,17.4,27.58,20.34,0,70.75,17 February 2018
2018,2,18,1.73,1.19,22.8,16.87,27.58,19.72,0,70.81,18 February 2018
2018,2,19,2.89,1.09,23.79,15.28,29.94,19.31,0,61.69,19 February 2018
2018,2,20,3.15,0.98,24.26,13.61,30.74,18.87,0,54.06,20 February 2018
2018,2,21,2.68,1.31,23.75,14.78,29.83,18.23,0,59.38,21 February 2018
2018,2,22,2.77,1.4,23.57,15.58,29.77,18.71,0,62.94,22 February 2018
2018,2,23,2.31,1.38,23.71,16.01,29.24,19.44,0,63.94,23 February 2018
2018,2,24,2.38,1.13,23.82,16.4,29.4,20.34,0,65.5,24 February 2018
2018,2,25,2.59,1.15,23.83,16.89,28.84,19.83,0,67.38,25 February 2018
2018,2,26,2.44,1.06,24.81,16.34,30.62,20.25,0,61.5,26 February 2018
2018,2,27,2.7,1.23,25.74,16.25,31.18,21.86,0,57.94,27 February 2018
2018,2,28,2.38,1.28,26.19,16.65,32.22,21.22,0,58.44,28 February 2018
2018,3,1,2.63,1.27,26.05,16.06,31.37,21.37,0,56.75,01 March 2018
2018,3,2,2.23,1.13,25.22,16.53,30.28,21.93,15.82,60.5,02 March 2018
2018,3,3,2.22,1.48,24.35,18.12,29.86,20.56,5.27,71.12,03 March 2018
2018,3,4,2.01,1.27,25.76,18.48,31.89,20.66,0,67.06,04 March 2018
2018,3,5,1.17,1.07,23.95,20.3,28.87,21.6,21.09,81.81,05 March 2018
2018,3,6,1.6,1.07,22.01,19.93,24.09,20.01,5.27,88.88,06 March 2018
2018,3,7,2.45,1.38,23.53,19.3,28.78,19.47,0,78.81,07 March 2018
2018,3,8,1.75,1.43,24.09,20.19,28.39,20.68,0,80.19,08 March 2018
2018,3,9,2.8,1.46,24.62,19.06,30.31,20.36,0,74.06,09 March 2018
2018,3,10,3.01,1.41,24.77,18.39,30.52,20.54,0,69.69,10 March 2018
2018,3,11,2.89,1.22,24.95,18.7,30.55,20.12,0,70.38,11 March 2018
2018,3,12,2.84,1.35,25.23,18.55,31.2,20.65,0,69.19,12 March 2018
2018,3,13,3.01,1.09,25.63,19.45,31.31,21.14,0,70.56,13 March 2018
2018,3,14,3.03,1.58,25.7,19.69,30.62,22.65,0,71.25,14 March 2018
2018,3,15,3.04,1.15,25.79,18.77,31.51,21.62,5.27,68.12,15 March 2018
2018,3,16,2.94,1.23,25.45,15.8,31.97,20.21,0,60.19,16 March 2018
2018,3,17,3.19,1.45,26.28,15.9,32.51,20.82,0,54.38,17 March 2018
2018,3,18,2.72,1.4,24.6,18.87,29.25,21.9,5.27,72,18 March 2018
2018,3,19,2.44,1.39,24.83,18.21,30.39,20.6,0,69.5,19 March 2018
2018,3,20,2.97,1.46,25.76,16.26,31.87,20.45,0,59,20 March 2018
2018,3,21,2.53,1.53,25.2,16.65,30.75,21.05,0,61.31,21 March 2018
2018,3,22,2.61,1.25,23.38,19.87,26.66,21.02,21.09,81.56,22 March 2018
2018,3,23,2.14,1.67,24.15,18.87,29.4,20.37,5.27,74.31,23 March 2018
2018,3,24,2.46,1.27,23.49,17.79,27.8,20.86,0,72.19,24 March 2018
2018,3,25,2.85,1.47,24.76,15.86,30.6,20.35,0,59.69,25 March 2018
2018,3,26,2.49,1.48,24.97,18.07,30.15,20.07,0,67.5,26 March 2018
2018,3,27,1.85,1.4,24.55,19.85,29.04,21.6,5.27,76.69,27 March 2018
2018,3,28,0.83,1.33,23.03,20.43,26.97,20.98,5.27,86.56,28 March 2018
2018,3,29,1.69,1.32,23.86,19.71,28.12,20.37,5.27,79.31,29 March 2018
2018,3,30,1.25,1.45,23.23,19.76,26.98,20.78,10.55,82.12,30 March 2018
2018,3,31,1.24,1.35,23.9,19.79,28.69,20.85,5.27,79.38,31 March 2018
2018,4,1,2,1.38,24.42,19.05,28.55,20.55,0,73.75,01 April 2018
2018,4,2,2.06,1.27,24.28,18.79,29.66,20.38,5.27,73.88,02 April 2018
2018,4,3,2.36,1.44,24.62,18.37,29.52,19.94,0,70.75,03 April 2018
2018,4,4,1.05,1.22,23.82,19.86,27.99,20.69,5.27,79.94,04 April 2018
2018,4,5,1.71,1.14,22.83,20.39,26.13,20.69,31.64,87.12,05 April 2018
2018,4,6,1.39,1.05,22.59,19.59,25.58,20.42,15.82,84.19,06 April 2018
2018,4,7,1.68,1.52,23.75,19.17,28.42,20.01,0,77.25,07 April 2018
2018,4,8,1.55,1.59,24.38,18.82,29.42,19.88,0,73.19,08 April 2018
2018,4,9,1.7,1.61,24.22,19.55,28.58,20.94,0,76.56,09 April 2018
2018,4,10,0.87,1.45,23.51,19.88,27.41,20.34,0,81.38,10 April 2018
2018,4,11,1.89,1.55,23.18,20.13,26.54,20.59,10.55,84.06,11 April 2018
2018,4,12,2.13,1.34,23.33,20.15,27.28,19.92,5.27,83.56,12 April 2018
2018,4,13,1.61,1.47,23.62,20.55,28.36,21.02,5.27,84.62,13 April 2018
2018,4,14,1.67,1.66,23.76,20.04,27.9,20.79,0,80.88,14 April 2018
2018,4,15,1.7,1.76,24.46,20.22,29.64,20.94,0,79.38,15 April 2018
2018,4,16,2.53,1.8,23.94,21.05,27.96,21.05,0,85.31,16 April 2018
2018,4,17,1.73,1.35,23.73,21.06,27.61,21.07,15.82,86.75,17 April 2018
2018,4,18,2.05,1.55,23.38,21.01,27.05,20.76,10.55,88.06,18 April 2018
2018,4,19,1.75,1.27,22.06,20.78,24.94,20.13,10.55,93.31,19 April 2018
2018,4,20,2.43,1.27,22.92,18.67,27.76,18.72,0,79.12,20 April 2018
2018,4,21,2.34,1.4,23.73,19.47,27.2,20.97,0,78.25,21 April 2018
2018,4,22,1.24,1.37,22.84,20.29,26.41,20.36,5.27,86.69,22 April 2018
2018,4,23,2.93,1.3,23.74,19.39,29.03,19.46,5.27,79.56,23 April 2018
2018,4,24,2.4,1.39,24.37,20.2,29.41,20.65,5.27,79.94,24 April 2018
2018,4,25,2.17,1.46,24.57,20.31,29.58,20.9,0,80.06,25 April 2018
2018,4,26,1.85,1.46,24.41,20.92,29.09,20.77,5.27,83.06,26 April 2018
2018,4,27,1.88,1.27,23.94,21.11,27.71,20.98,5.27,86,27 April 2018
2018,4,28,2.52,1.05,22.83,19.6,26.32,20.26,0,83.69,28 April 2018
2018,4,29,1.74,1.3,24.21,19.73,29.32,20.14,0,77.81,29 April 2018
2018,4,30,1.73,1.17,24.4,21.38,28.43,21.15,0,84.81,30 April 2018
2018,5,1,1.8,1.4,23.35,21.83,25.66,21.23,10.55,91.88,01 May 2018
2018,5,2,2.58,1.67,23.93,20.84,28.13,20.81,0,84.56,02 May 2018
2018,5,3,2.33,1.66,23.92,21.51,27.46,21.29,5.27,87.69,03 May 2018
2018,5,4,2.51,1.26,22.69,21.26,24.93,21.21,0,92.31,04 May 2018
2018,5,5,2,0.66,22.46,19.91,25.34,20.55,0,86.81,05 May 2018
2018,5,6,1.87,1.15,22.99,20.37,26.69,19.93,21.09,86.81,06 May 2018
2018,5,7,2.34,1.27,23.61,20.72,27.49,20.57,10.55,85.38,07 May 2018
2018,5,8,1.27,0.86,22.93,20.68,26.56,19.9,15.82,88.56,08 May 2018
2018,5,9,2.2,0.89,22.9,20.95,26.23,20.55,10.55,90,09 May 2018
2018,5,10,1.92,0.92,23.62,21.36,27.52,21.11,10.55,88.69,10 May 2018
2018,5,11,1.3,0.92,22.95,21.55,25.32,21.28,21.09,92.69,11 May 2018
2018,5,12,2.07,1.34,23.05,21.71,25.62,20.86,21.09,92.88,12 May 2018
2018,5,13,1.88,0.97,23.08,21.34,25.88,20.77,10.55,90.94,13 May 2018
2018,5,14,1.92,0.89,22.96,21.12,25.71,21.26,10.55,90.62,14 May 2018
2018,5,15,1.18,1.16,22.18,20.86,24.83,20.27,10.55,93.06,15 May 2018
2018,5,16,2.99,1.27,22.81,19.69,27.24,18.81,0,84.69,16 May 2018
2018,5,17,2.97,1.36,23.32,20.83,27.32,19.97,0,87.5,17 May 2018
2018,5,18,2.31,1.16,23.53,21.32,27.3,21.1,5.27,88.75,18 May 2018
2018,5,19,2.34,0.86,22.81,20.75,26.32,20.22,5.27,89.56,19 May 2018
2018,5,20,1.67,1.32,23.1,21.48,25.99,20.65,10.55,91.56,20 May 2018
2018,5,21,1.83,0.88,22.46,20.75,25.23,20.89,0,91.38,21 May 2018
2018,5,22,2.59,1.14,23.24,21.01,26.82,20.17,0,88.5,22 May 2018
2018,5,23,1.77,1.06,22.51,21.05,24.83,20.8,10.55,92.44,23 May 2018
2018,5,24,2.06,0.98,22.73,20.94,25.67,20.76,5.27,90.75,24 May 2018
2018,5,25,2.13,0.99,22.44,20.85,25.42,20.16,15.82,91.81,25 May 2018
2018,5,26,2.08,1.09,22.8,20.83,25.91,20.4,5.27,89.75,26 May 2018
2018,5,27,2.42,1.15,23.34,21.55,26.4,20.92,5.27,90.88,27 May 2018
2018,5,28,1.04,0.92,22.19,20.9,24.33,20.39,10.55,93.31,28 May 2018
2018,5,29,1.71,1.02,22.18,20.17,25.37,20.23,5.27,89.31,29 May 2018
2018,5,30,2.6,1.12,23.3,20.33,26.8,20.13,5.27,84.56,30 May 2018
2018,5,31,2.55,1.08,23.07,21.32,26.27,20.76,0,90.94,31 May 2018
2018,6,1,1.92,1.04,22.77,20.99,25.54,20.08,0,90.56,01 June 2018
2018,6,2,1.4,0.95,22.57,20.92,25.17,20.77,5.27,91.38,02 June 2018
2018,6,3,2.22,0.98,22.49,20.59,25.43,20.1,0,90,03 June 2018
2018,6,4,2.54,1.12,22.51,20.59,25.2,20.38,0,90,04 June 2018
2018,6,5,1.52,1.12,22.76,20.19,26.33,20.92,0,86.75,05 June 2018
2018,6,6,2.69,1.12,22.62,19.97,26.15,19.43,0,86.38,06 June 2018
2018,6,7,2.1,0.9,23.1,20.15,26.91,20.3,0,85.25,07 June 2018
2018,6,8,1.52,1.45,23.08,20.85,26.15,20.27,0,88.25,08 June 2018
2018,6,9,1.89,1.06,22.69,20.9,25.43,21.15,0,90.56,09 June 2018
2018,6,10,1.53,1.08,22.2,20.67,25.37,20.05,10.55,91.88,10 June 2018
2018,6,11,1.63,1.12,22.43,20.37,27.01,19.32,10.55,89.56,11 June 2018
2018,6,12,2.73,1.18,22.63,19.51,26.8,19.32,5.27,84.06,12 June 2018
2018,6,13,0.91,1.02,22.03,19.73,25.77,19.29,21.09,87.94,13 June 2018
2018,6,14,1.77,1.18,21.47,20.39,23.4,19.9,10.55,94.31,14 June 2018
2018,6,15,2.12,1.02,22.07,20.09,25.36,19.33,5.27,89.62,15 June 2018
2018,6,16,1.93,1.09,22.51,20.87,25.94,20.05,5.27,91.5,16 June 2018
2018,6,17,1.89,1.6,23.2,20.84,26.77,20.25,0,87.94,17 June 2018
2018,6,18,2.25,1.34,22.92,20.59,26.24,20.12,0,88.19,18 June 2018
2018,6,19,2.06,1.45,22.8,20.47,26.43,20.07,0,88.06,19 June 2018
2018,6,20,2.22,1.29,22.83,19.82,26.8,19.65,0,84.81,20 June 2018
2018,6,21,2.55,1.12,23.12,20.58,27.02,20.47,0,87.31,21 June 2018
2018,6,22,2.31,0.97,22.65,20.83,26.1,20.05,21.09,90.75,22 June 2018
2018,6,23,2.92,0.98,22.17,19.18,25.86,19.08,5.27,85,23 June 2018
2018,6,24,1.2,1.04,21.01,19.53,23.19,19.2,26.37,92.06,24 June 2018
2018,6,25,1.88,1.12,20.3,18.91,23.6,17.3,5.27,92.69,25 June 2018
2018,6,26,1.88,1.15,21.15,18.42,25.23,17.53,0,86.06,26 June 2018
2018,6,27,1.95,0.9,21.11,18.8,24.69,18.52,5.27,87.94,27 June 2018
2018,6,28,1.51,1.11,21.04,19.05,24.62,18.08,0,89.31,28 June 2018
2018,6,29,1.85,0.99,21.4,18,24.92,18.81,0,81.81,29 June 2018
2018,6,30,0.88,0.97,21.77,18.33,24.95,19.13,0,81.69,30 June 2018
2018,7,1,2.03,0.9,21.52,17.86,24.68,19.01,0,80.81,01 July 2018
2018,7,2,2.17,1.18,21.45,19.73,23.71,19.31,5.27,90.62,02 July 2018
2018,7,3,2.12,1.01,22.05,20.12,25.76,19.03,0,90,03 July 2018
2018,7,4,2.18,1.14,21.81,18.98,25.26,19.19,5.27,85.31,04 July 2018
2018,7,5,1.84,0.99,21.65,19.61,25.01,19,15.82,89.38,05 July 2018
2018,7,6,2.17,1.17,21.76,18.94,25.94,18.05,0,85.75,06 July 2018
2018,7,7,2.2,1.16,22.35,19.05,26.78,18.24,0,83.19,07 July 2018
2018,7,8,1.91,1.11,23.06,18.67,27.18,19.53,0,77.81,08 July 2018
2018,7,9,2.61,1.01,22.44,20.6,24.57,20.84,15.82,90.06,09 July 2018
2018,7,10,1.13,1.32,21.51,20.15,24.72,19.2,26.37,92.94,10 July 2018
2018,7,11,1.99,1.34,21.8,19.61,25.64,18.33,5.27,88.75,11 July 2018
2018,7,12,2.06,1.08,22.58,20.35,26.75,19.36,0,88.81,12 July 2018
2018,7,13,1.77,0.71,21.8,20.02,24.51,19.87,5.27,91,13 July 2018
2018,7,14,2.33,1.16,22.13,19.7,25.94,18.4,0,87.81,14 July 2018
2018,7,15,2.61,1.17,22.23,19.47,25.8,19.33,0,85.69,15 July 2018
2018,7,16,2.02,1.16,23,21.18,25.99,20.26,0,90.44,16 July 2018
2018,7,17,1.08,0.93,22.04,20.65,24.32,19.43,10.55,92.69,17 July 2018
2018,7,18,2.02,1.09,21.99,20.09,25.75,18.98,5.27,90.12,18 July 2018
2018,7,19,1.94,1.03,21.37,18.7,24.91,18.15,5.27,86.5,19 July 2018
2018,7,20,2.04,1.04,22.37,19.11,25.76,19.33,0,83.31,20 July 2018
2018,7,21,1.9,1.07,21.8,19.55,24.39,19.69,15.82,87.94,21 July 2018
2018,7,22,2.67,1.21,22.56,19.26,27.12,18.68,0,83.56,22 July 2018
2018,7,23,1.78,1.02,22.33,20.92,25.69,20.09,10.55,92.62,23 July 2018
2018,7,24,2.13,0.92,23.18,21.44,26.44,20.92,5.27,91,24 July 2018
2018,7,25,1.77,1.2,22.33,20.48,26.52,19.86,5.27,90.56,25 July 2018
2018,7,26,2.22,1.52,22.8,20.36,26.8,19.41,0,87.62,26 July 2018
2018,7,27,1.73,0.96,21.62,20.19,23.9,20.01,5.27,92.69,27 July 2018
2018,7,28,2.61,1.13,22.54,19.52,26.34,19.23,5.27,84.69,28 July 2018
2018,7,29,2.31,0.95,23.04,20.32,27.54,19.12,0,86.5,29 July 2018
2018,7,30,1.66,0.99,22.13,20.23,24.93,19.85,0,90,30 July 2018
2018,7,31,1.37,1.06,21.91,19.03,24.84,19.99,5.27,84.88,31 July 2018
2018,8,1,1.89,0.97,21.83,19.85,25.1,18.92,0,89.81,01 August 2018
2018,8,2,2.46,1.22,22.49,20.11,26.18,19.19,0,87.81,02 August 2018
2018,8,3,2.14,1.05,21.27,18.89,23.85,18.98,5.27,87.56,03 August 2018
2018,8,4,2.51,1.33,21.81,18.52,25.84,17.8,5.27,83.06,04 August 2018
2018,8,5,2.67,1.04,21.83,18.54,26.01,19.33,0,83.69,05 August 2018
2018,8,6,3.19,1.27,23.12,18.94,27.46,19.37,0,79.44,06 August 2018
2018,8,7,1.65,1.09,22.58,20.56,25.9,19.57,5.27,89.31,07 August 2018
2018,8,8,1.52,1.16,21.99,20.52,24.4,19.62,5.27,92.19,08 August 2018
2018,8,9,1.87,1.19,21.65,19.1,24.73,19.75,0,86.56,09 August 2018
2018,8,10,2.31,1.45,22.84,18.83,26.9,19.12,0,80.06,10 August 2018
2018,8,11,2.62,1.25,22.69,19.28,26.35,19.55,0,82.88,11 August 2018
2018,8,12,1.83,1.3,22.93,18.64,27.43,19.23,0,79,12 August 2018
2018,8,13,2.34,0.94,23.05,19.85,25.99,21.19,5.27,83.62,13 August 2018
2018,8,14,1.68,1.09,22.65,21.09,25.85,20.61,5.27,91.81,14 August 2018
2018,8,15,2.72,1.06,22.73,20.52,26.3,20.19,0,88.75,15 August 2018
2018,8,16,2.53,1.13,22.69,19.66,26.17,20.13,0,84.5,16 August 2018
2018,8,17,2.1,1.21,22.64,19.76,25.58,20.4,0,85,17 August 2018
2018,8,18,2.11,1.22,22.8,19.37,26.32,20.3,5.27,82.5,18 August 2018
2018,8,19,2.62,1.52,23.18,19.55,27.95,19.43,0,82.31,19 August 2018
2018,8,20,2.76,1.37,23.48,19.55,27.73,20.13,5.27,80.81,20 August 2018
2018,8,21,1.51,1.09,22.24,20.58,24.76,20.65,10.55,91.5,21 August 2018
2018,8,22,2.8,1.3,22.54,19.57,26.55,19.69,0,85.25,22 August 2018
2018,8,23,1.51,1.39,23.15,19.81,27.27,20.15,10.55,83.31,23 August 2018
2018,8,24,2.84,1.23,22.89,19.98,26.65,19.4,0,85.62,24 August 2018
2018,8,25,2.24,1.03,22.86,20.76,25.73,20.69,5.27,89.25,25 August 2018
2018,8,26,2.23,1.36,22.08,19.55,23.98,20.47,0,86.69,26 August 2018
2018,8,27,2.46,1.4,22.65,17.62,26.96,19.22,0,75.44,27 August 2018
2018,8,28,1.52,1.39,23.09,19.32,27.63,19.58,0,81.25,28 August 2018
2018,8,29,2.31,1.12,23.19,20.52,27.12,20.2,10.55,86.62,29 August 2018
2018,8,30,2.88,1.34,23.41,21.08,27.27,20.47,15.82,88.25,30 August 2018
2018,8,31,2.41,0.97,22.88,20.98,25.75,20.58,5.27,90.12,31 August 2018
2018,9,1,2.92,1.19,23.66,20.91,27.86,20.03,0,86,01 September 2018
2018,9,2,2.52,1.25,23.15,20.5,26.66,20.44,0,86.5,02 September 2018
2018,9,3,1.91,1.48,23.58,18.93,27.83,20.47,5.27,77.44,03 September 2018
2018,9,4,1.69,1.43,22.75,20.08,26.72,19.85,0,86.75,04 September 2018
2018,9,5,2.15,1.2,22.76,20.04,26.59,19.87,26.37,86.44,05 September 2018
2018,9,6,1.78,1.3,22.55,20.78,25.87,20.01,10.55,90.88,06 September 2018
2018,9,7,1.41,1.09,22.95,20.83,27.18,19.92,5.27,89.38,07 September 2018
2018,9,8,2.57,1.19,22.93,20.72,26.64,20.32,5.27,88.81,08 September 2018
2018,9,9,2.42,0.98,23.19,20.15,26.97,20.52,0,85.19,09 September 2018
2018,9,10,2.53,1.05,23.69,20.82,28.04,20.83,5.27,85.75,10 September 2018
2018,9,11,2.15,0.96,23.3,21.67,26.67,21.12,0,91.5,11 September 2018
2018,9,12,1.31,0.87,23.62,21.58,27.51,21.3,10.55,89.5,12 September 2018
2018,9,13,2.78,0.96,23.53,21.16,27,20.8,5.27,87.62,13 September 2018
2018,9,14,2.05,1.14,23.92,21.17,28.11,21.37,5.27,86.25,14 September 2018
2018,9,15,1.44,1.19,22.9,20.71,27.01,19.78,15.82,89.06,15 September 2018
2018,9,16,3.02,1.36,23.75,20.01,28.37,20.4,0,81.5,16 September 2018
2018,9,17,1.35,1.11,22.35,20.73,24.62,20.55,10.55,91.56,17 September 2018
2018,9,18,2.98,1.01,22.48,19.69,26.72,18.68,10.55,86.19,18 September 2018
2018,9,19,2.6,1.28,23.49,20.65,27.87,19.35,0,86,19 September 2018
2018,9,20,3.02,1.12,23.8,20.92,27.58,21.12,0,85.62,20 September 2018
2018,9,21,2.65,1.26,23.15,20.53,26.54,20.69,0,86.81,21 September 2018
2018,9,22,2.24,1.09,23.47,20.81,27.29,20.73,5.27,86.62,22 September 2018
2018,9,23,2.36,1.22,23.62,20.63,27.73,20.57,0,85.44,23 September 2018
2018,9,24,2.44,1.16,23.32,20.48,26.66,21.01,0,85.5,24 September 2018
2018,9,25,2.7,1.29,23.83,20.75,28.12,19.74,0,85.12,25 September 2018
2018,9,26,2.68,0.91,23.38,20.3,27.58,20.77,5.27,84.94,26 September 2018
2018,9,27,2.1,1.19,22.8,20.33,26.65,20,21.09,87.56,27 September 2018
2018,9,28,2.19,1.14,22.83,20.22,26.69,19.86,10.55,86.75,28 September 2018
2018,9,29,2.95,1.4,23.76,20.69,28.01,20.91,5.27,84.69,29 September 2018
2018,9,30,2.4,1.12,23.41,21.51,26.73,21.3,0,90.31,30 September 2018
2018,10,1,1.62,1.32,23.62,21.48,26.73,21.45,10.55,89.12,01 October 2018
2018,10,2,2.54,1.37,23.17,19.89,28.08,19.19,5.27,84,02 October 2018
2018,10,3,2.54,1.16,23.51,20.83,27.08,21.5,15.82,86.25,03 October 2018
2018,10,4,2.55,1.2,23.44,20.62,27.52,20.5,10.55,86,04 October 2018
2018,10,5,2.46,1.26,23.21,21.15,26.38,20.36,21.09,89.38,05 October 2018
2018,10,6,1.78,0.88,22.9,21.34,25.72,20.96,10.55,92.06,06 October 2018
2018,10,7,2.92,1.13,22.93,20.46,26.87,19.78,5.27,87.5,07 October 2018
2018,10,8,2.84,1.12,23.65,21.32,27.37,20.69,0,88.12,08 October 2018
2018,10,9,2.61,0.91,23.71,20.9,27.76,20.26,10.55,86.06,09 October 2018
2018,10,10,2.81,1.26,23.34,21.01,27.46,20.02,0,88.5,10 October 2018
2018,10,11,2.55,1.11,23.21,19.4,27.36,20.17,0,81.19,11 October 2018
2018,10,12,2.45,1.27,23.23,20.43,27.17,20.38,5.27,85.56,12 October 2018
2018,10,13,2.45,0.88,22.5,20.21,25.61,19.98,0,88.38,13 October 2018
2018,10,14,2.76,1.12,22.73,20.5,26.35,19.49,5.27,88.5,14 October 2018
2018,10,15,1.69,0.87,22.32,20.5,25.83,20.06,5.27,90.5,15 October 2018
2018,10,16,2.93,1.23,23.48,20.14,27.85,19.93,0,83.25,16 October 2018
2018,10,17,3.02,1.02,23.94,20.94,28.65,20.42,0,85.12,17 October 2018
2018,10,18,2.75,1.08,23.74,19.87,28.4,20.05,10.55,80.88,18 October 2018
2018,10,19,2.27,1.14,23.16,21.23,27.29,20.16,15.82,90.38,19 October 2018
2018,10,20,2.29,0.95,22.01,20.51,25.23,19.76,10.55,92,20 October 2018
2018,10,21,1.92,1.05,22.73,20.52,26.22,20.4,5.27,88.38,21 October 2018
2018,10,22,1.41,1.02,22.35,20.82,25.5,20.39,15.82,91.75,22 October 2018
2018,10,23,2.54,1.04,21.92,20.78,24.6,19.74,26.37,93.81,23 October 2018
2018,10,24,2.33,0.9,22.42,20.5,26.32,19.65,5.27,89.88,24 October 2018
2018,10,25,2.23,1.21,22.91,21.1,25.77,20.23,5.27,90.38,25 October 2018
2018,10,26,2.42,1.34,23.77,21.19,27.59,21.08,0,86.81,26 October 2018
2018,10,27,2.62,1.04,23.76,21.57,27.01,21.64,0,88.81,27 October 2018
2018,10,28,2.02,1.14,23.5,21.8,26.59,21.07,0,91.06,28 October 2018
2018,10,29,2.58,0.9,22.79,20.28,27.07,19.55,0,87.31,29 October 2018
2018,10,30,2.62,1.26,23.76,21.65,27.55,20.33,0,89.19,30 October 2018
2018,10,31,1.99,1.05,23.22,21.83,25.96,21.33,10.55,92.81,31 October 2018
2018,11,1,2.06,1.02,23.44,21.15,27.11,20.62,0,88.5,01 November 2018
2018,11,2,1.5,1.07,23.06,20.32,26.95,20.37,0,86.44,02 November 2018
2018,11,3,2.89,1.06,22.14,17.67,26.9,18.94,0,77.94,03 November 2018
2018,11,4,2.72,1.21,22,17.76,26.23,18.2,5.27,78.12,04 November 2018
2018,11,5,2.31,0.98,21.25,19.15,24.76,18.52,5.27,88.88,05 November 2018
2018,11,6,2.68,1.13,22.93,19.51,27.28,19.23,0,82.75,06 November 2018
2018,11,7,1.61,1.12,22.94,21.06,26.5,20.3,0,90.06,07 November 2018
2018,11,8,1.93,1.2,23.35,21.52,27.23,20.36,5.27,90.81,08 November 2018
2018,11,9,2.18,0.98,22.71,21.53,25.21,21.19,5.27,93.75,09 November 2018
2018,11,10,2.58,1.06,23.03,20.86,26.63,20.38,5.27,88.56,10 November 2018
2018,11,11,2.3,0.89,22.33,18.62,25.82,19.55,0,80.69,11 November 2018
2018,11,12,2.41,1.18,23.34,19.82,27.31,19.93,0,81.81,12 November 2018
2018,11,13,2.46,1.12,23.25,20.95,26.94,20.67,0,88.12,13 November 2018
2018,11,14,2.95,1.09,23.8,20.06,27.99,20.17,0,80.88,14 November 2018
2018,11,15,2.41,1.24,23.49,20.79,26.77,20.9,0,85.88,15 November 2018
2018,11,16,2.09,1.05,23.3,20.78,27.23,20.5,0,86.81,16 November 2018
2018,11,17,1.93,1.13,23.03,21.71,26.53,20.51,5.27,93.12,17 November 2018
2018,11,18,1.87,1.29,22.62,21.47,25.25,21.01,5.27,93.75,18 November 2018
2018,11,19,2.39,1.09,23.25,21.16,27.27,20.4,0,89.25,19 November 2018
2018,11,20,2.47,1.05,23.69,21.98,26.76,21.73,0,91.06,20 November 2018
2018,11,21,2.36,1.16,23.1,21.3,26.16,20.7,5.27,90.38,21 November 2018
2018,11,22,2.35,1.18,23.41,19.75,27.94,19.58,5.27,81.5,22 November 2018
2018,11,23,2.27,1.08,23.31,21.01,27.62,20.46,5.27,88.31,23 November 2018
2018,11,24,2.44,1.01,22.97,20.41,27.64,19.02,0,87.31,24 November 2018
2018,11,25,2.55,1.07,23.03,20.3,26.3,20.83,0,85.56,25 November 2018
2018,11,26,2.37,1.13,22.88,19.78,26.97,20.06,0,83.75,26 November 2018
2018,11,27,2.39,1.16,22.59,18.55,26.81,19.23,0,79.31,27 November 2018
2018,11,28,2.61,1.23,22.83,19.66,26.55,19.66,0,83.5,28 November 2018
2018,11,29,2.07,1.12,23.48,20.41,26.82,20.51,0,84,29 November 2018
2018,11,30,1.79,0.92,22.7,19.77,26.22,20.47,0,85.06,30 November 2018
2018,12,1,2.71,1.15,22.17,18.01,26.92,18.62,0,79.06,01 December 2018
2018,12,2,2.64,1.19,22.26,18.03,27.05,18.83,0,78.31,02 December 2018
2018,12,3,2.64,1.12,21.62,18.41,25.72,19.05,5.27,83.25,03 December 2018
2018,12,4,2.49,1.24,21.74,18.76,26.41,18.56,5.27,84.69,04 December 2018
2018,12,5,2.5,1.32,21.65,18.28,26.48,17.17,0,82.94,05 December 2018
2018,12,6,2.62,1.32,22.55,18.96,27.15,19.37,0,81.94,06 December 2018
2018,12,7,2.88,1.12,21.81,18.32,25.87,19.32,10.55,81.94,07 December 2018
2018,12,8,2.69,1.27,21.68,18.74,26.65,17.44,0,85.19,08 December 2018
2018,12,9,2.57,1.15,22.45,19.28,27.04,18.91,0,83.81,09 December 2018
2018,12,10,2.28,1.37,22.35,19.17,26.4,19.51,0,83.5,10 December 2018
2018,12,11,2.05,1.31,22.4,19.28,26.29,19.09,0,83.81,11 December 2018
2018,12,12,2.12,1.24,22.71,19.94,26.49,19.64,0,85.75,12 December 2018
2018,12,13,2.3,1.3,23.27,20.01,26.95,20.48,0,83.19,13 December 2018
2018,12,14,2.75,1.21,22.08,18.73,25.91,19.33,0,82.62,14 December 2018
2018,12,15,2.77,1.21,22.1,17.16,26,18.98,0,75.25,15 December 2018
2018,12,16,2.73,1.28,21.82,17.82,26.29,18.26,0,79.56,16 December 2018
2018,12,17,2.83,1.31,22.06,17.05,26.6,17.82,0,75,17 December 2018
2018,12,18,2.63,1.32,22.56,19.34,26.84,19.06,0,83.38,18 December 2018
2018,12,19,2.87,1.42,22.93,19.19,27.6,19.5,0,81.31,19 December 2018
2018,12,20,2.6,1.3,22.4,19.05,26.93,19.01,5.27,82.56,20 December 2018
2018,12,21,2.74,1.24,22.62,18.51,27.84,18.66,0,79.62,21 December 2018
2018,12,22,2.52,1.12,22.5,17.14,27.19,19.63,0,73,22 December 2018
2018,12,23,2.9,1.27,22.08,17.36,26.7,18.8,0,75.81,23 December 2018
2018,12,24,2.74,1.22,22.21,16.5,26.78,19.17,0,71.62,24 December 2018
2018,12,25,2.8,1.23,22.01,15.79,26.48,18.83,0,68.81,25 December 2018
2018,12,26,2.43,1.23,21.81,17.68,26.19,19.01,0,78.69,26 December 2018
2018,12,27,2.65,1.22,21.89,17.33,26.74,18.73,0,76.5,27 December 2018
2018,12,28,2.67,0.98,22.36,18.22,26.94,19.31,0,78.62,28 December 2018
2018,12,29,2.68,1.03,22,17.78,26.52,19.52,0,78.06,29 December 2018
2018,12,30,2.87,1.18,21.8,17.01,26.79,18.26,0,75.69,30 December 2018
2018,12,31,2.78,1.16,22.7,17,27.47,19.16,0,71.56,31 December 2018
2019,1,1,2.52,1.16,22.58,17.14,27.25,19.41,0,72.75,01 January 2019
2019,1,2,2.61,1.24,22.42,16.96,26.98,19.3,0,72.44,02 January 2019
2019,1,3,2.29,1.32,22.84,18.23,27.78,19.46,0,76.69,03 January 2019
2019,1,4,2.63,1.16,23.49,18.98,28,20.62,0,76.94,04 January 2019
2019,1,5,2.43,1.22,23.76,19.01,28.06,20.49,0,76.12,05 January 2019
2019,1,6,2.49,1.2,23.05,18.73,27.1,19.97,0,77.94,06 January 2019
2019,1,7,2.28,1.14,23.12,17.96,27.1,19.64,0,74.69,07 January 2019
2019,1,8,1.77,1.25,23.5,17.73,28.63,19.62,0,71.44,08 January 2019
2019,1,9,1.86,1.05,23.37,18.22,28.19,19.91,0,74.69,09 January 2019
2019,1,10,1.63,0.93,22.7,18.96,26.84,20.42,10.55,80.75,10 January 2019
2019,1,11,2.17,1.05,23.1,18.94,27.9,19.73,5.27,79.62,11 January 2019
2019,1,12,1.75,1.26,22.73,18.65,26.9,20.23,5.27,78.94,12 January 2019
2019,1,13,1.91,1.18,22.57,18.16,27.05,19.58,0,77.62,13 January 2019
2019,1,14,2.59,1.36,22.94,16.4,27.79,18.98,0,68.25,14 January 2019
2019,1,15,2.88,1.32,23.35,16.15,28.57,19.09,0,65.81,15 January 2019
2019,1,16,2.65,1.26,23.3,17.1,27.98,19.47,0,69.56,16 January 2019
2019,1,17,2.45,1.2,24.12,18.46,29.33,20.48,0,71.88,17 January 2019
2019,1,18,2.41,1.45,24.58,19.14,29.97,20.76,0,73.5,18 January 2019
2019,1,19,2.05,1.23,23.83,18.71,28.31,21.11,0,74.5,19 January 2019
2019,1,20,2.6,1.32,23.53,17.61,28.73,20.26,0,71.06,20 January 2019
2019,1,21,2.5,1.23,24.78,18.21,29.9,20.8,0,68.44,21 January 2019
2019,1,22,2.49,1.02,24.9,18.33,29.66,20.92,0,68.31,22 January 2019
2019,1,23,2.38,1.3,23.9,17.74,28.96,19.75,0,70.19,23 January 2019
2019,1,24,2.6,1.1,23.62,18.24,28.19,19.88,5.27,73,24 January 2019
2019,1,25,2.32,1.27,24.35,17.72,30.02,19.8,0,68.69,25 January 2019
2019,1,26,2.42,1.31,24.69,17.64,30.17,20.76,0,66.75,26 January 2019
2019,1,27,2.67,1.33,24.89,17.48,30.15,21.3,0,65.62,27 January 2019
2019,1,28,2.58,1.4,25.74,17.75,30.78,21.6,0,63.44,28 January 2019
2019,1,29,2.23,1.09,23.97,19.26,28.61,20.94,0,76.25,29 January 2019
2019,1,30,1.76,1.55,25.74,18.87,30.87,22.73,0,67.56,30 January 2019
2019,1,31,2.29,1.02,25.59,18.33,30.56,21.56,0,65.94,31 January 2019
2019,2,1,2.8,1.11,24.97,17.65,30.02,20.9,5.27,66,01 February 2019
2019,2,2,2.68,1.23,24.25,17.75,29.81,19.95,5.27,69.5,02 February 2019
2019,2,3,2.92,1.38,24.51,16.38,30.65,19.83,0,62.81,03 February 2019
2019,2,4,2.17,1.51,25.3,17.05,30.32,20.69,0,61.94,04 February 2019
2019,2,5,2.51,1.28,26.15,17.8,31.9,20.55,0,62.12,05 February 2019
2019,2,6,2.63,1.38,25.61,18.65,30.93,20.48,0,67.44,06 February 2019
2019,2,7,2.06,1.21,25.1,18.33,29.09,21.48,0,67.5,07 February 2019
2019,2,8,2.4,1.08,24.92,17.2,29.08,21.24,0,63.56,08 February 2019
2019,2,9,2.43,1.33,25.31,17.83,30.58,21.43,0,64.81,09 February 2019
2019,2,10,2.66,1.04,24.89,16.17,29.94,20.86,0,60.94,10 February 2019
2019,2,11,2.77,1.09,25.19,16.2,30.65,20.44,0,59.19,11 February 2019
2019,2,12,2.76,1.27,25.43,16.23,31.33,20.11,0,59.31,12 February 2019
2019,2,13,2.84,1.38,26.37,17.08,32.41,21.08,0,58.94,13 February 2019
2019,2,14,2.56,1.35,26.24,19.4,30.95,21.67,0,67.69,14 February 2019
2019,2,15,2.92,1.51,27.37,19.05,33.71,21.77,0,63.31,15 February 2019
2019,2,16,2.77,1.52,27.33,18.27,32.78,23.26,0,60.06,16 February 2019
2019,2,17,2.24,1.59,25.97,19.41,30.35,22.01,0,68.5,17 February 2019
2019,2,18,1.98,1.19,25.03,18.09,29.76,21.4,0,67.31,18 February 2019
2019,2,19,2.41,1.41,25.84,17.36,31.55,21.12,0,62,19 February 2019
2019,2,20,2.49,1.4,26.06,18.09,31.69,21.44,5.27,64,20 February 2019
2019,2,21,2.79,1.41,26.15,16.52,32.69,21.09,0,59.19,21 February 2019
2019,2,22,2.65,1.62,25.61,17.48,30.79,21.9,0,62.38,22 February 2019
2019,2,23,2.23,1.23,25.31,17.55,29.82,21.33,0,63.5,23 February 2019
2019,2,24,2.65,0.8,25.93,16.01,31.9,20.24,0,57.06,24 February 2019
2019,2,25,3.09,1.06,25.47,14.8,31.67,20.06,0,53.88,25 February 2019
2019,2,26,3.1,1.14,25.63,16.58,31.9,21.19,0,59.75,26 February 2019
2019,2,27,2.24,1.53,25.23,17.23,31.38,20.23,0,64.5,27 February 2019
2019,2,28,2.59,1.61,25.27,17.5,29.94,21.22,0,63.31,28 February 2019
2019,3,1,2.51,1.2,26.45,17.65,31.53,21.89,0,60.31,01 March 2019
2019,3,2,2.37,0.7,26.07,18.03,31.11,22.05,0,63.19,02 March 2019
2019,3,3,1.91,1.12,26.05,17.85,30.67,22.11,0,62.25,03 March 2019
2019,3,4,2.08,1.43,26.55,17.58,31.62,22.07,0,59.75,04 March 2019
2019,3,5,2.13,1.25,24.67,18.28,27.72,22.65,0,68.25,05 March 2019
2019,3,6,2.08,1.38,26.61,18.5,31.49,22.91,0,62.62,06 March 2019
2019,3,7,2.19,1.11,25.21,18.36,29.26,21.92,0,67.5,07 March 2019
2019,3,8,1.86,1.5,25.41,17.66,30.3,21.96,0,63.94,08 March 2019
2019,3,9,2.05,1.66,25.94,17.98,30.9,21.85,0,63.31,09 March 2019
2019,3,10,2.03,1.73,25.3,19.51,29.4,22.19,0,71.81,10 March 2019
2019,3,11,1.73,1.24,25.73,18.29,30.04,22.14,0,65.5,11 March 2019
2019,3,12,1.1,1.37,25.51,18.43,29.69,21.87,0,66,12 March 2019
2019,3,13,2.02,1.28,25.59,18.49,30.87,21.98,0,66.69,13 March 2019
2019,3,14,1.91,1.17,26.08,19.09,30.4,22.5,0,66.75,14 March 2019
2019,3,15,1.59,1.86,25.71,18.88,29.54,22.96,0,67.06,15 March 2019
2019,3,16,2.62,1.55,26.27,17.09,31.07,21.66,0,58.69,16 March 2019
2019,3,17,2.08,1.62,26.7,17.65,32.46,22.75,0,58.88,17 March 2019
2019,3,18,1.77,1.38,26.73,17.74,32,22.94,5.27,59.44,18 March 2019
2019,3,19,2.12,1.1,25.61,18.8,30.52,22.13,5.27,67.94,19 March 2019
2019,3,20,1.86,1.31,26.6,17.62,32.61,22.53,0,60.81,20 March 2019
2019,3,21,1.82,1.23,27.37,16.65,32.7,22.47,0,54,21 March 2019
2019,3,22,1.96,1.32,26.32,18.84,29.91,22.9,10.55,65.06,22 March 2019
2019,3,23,1.79,1.63,25.63,18.86,30.76,22.19,5.27,69.06,23 March 2019
2019,3,24,2.46,1.25,26.99,16.98,33.23,21.83,0,57,24 March 2019
2019,3,25,2.63,1.24,27.86,15.03,33.98,21.58,0,48.5,25 March 2019
2019,3,26,2.77,1.27,27.84,15.89,34.05,22.43,0,50.38,26 March 2019
2019,3,27,2.73,1.62,27.58,15.8,34.08,22.56,0,51.12,27 March 2019
2019,3,28,2.3,1.61,26.62,18.49,32.38,22.37,5.27,63.06,28 March 2019
2019,3,29,1.27,1.61,26.2,20.11,31.86,22.39,5.27,71.56,29 March 2019
2019,3,30,1.53,0.84,24.2,21.28,27.33,22.13,10.55,85.06,30 March 2019
2019,3,31,1.22,1.39,25.93,20.23,31.87,22.01,0,73.62,31 March 2019
2019,4,1,1.9,1.02,24.74,21,27.9,22.44,5.27,80.94,01 April 2019
2019,4,2,1.8,1.15,24.53,18.23,29.12,21.82,5.27,70.88,02 April 2019
2019,4,3,2.79,1.37,25.67,17.08,30.93,20.83,0,61,03 April 2019
2019,4,4,2.83,1.4,25.76,17.88,31.21,20.46,0,63.94,04 April 2019
2019,4,5,2.21,1.17,25.2,18.17,29.7,22.13,0,66.88,05 April 2019
2019,4,6,2.56,1.43,25.74,18.13,31.03,21.41,0,65.19,06 April 2019
2019,4,7,2.81,1.15,25.65,18.76,30.73,21.89,5.27,67.31,07 April 2019
2019,4,8,2.22,1.59,24.65,17.98,29.5,20.65,0,68.88,08 April 2019
2019,4,9,2.02,1.29,25.43,19.07,30.89,21.91,0,69.81,09 April 2019
2019,4,10,2.01,1.21,25.55,20.73,30.88,21.59,0,77,10 April 2019
2019,4,11,1.75,1.52,26.14,20.59,30.8,22.51,0,73.31,11 April 2019
2019,4,12,1.81,1.56,26.19,20.32,31.24,22.94,0,71.81,12 April 2019
2019,4,13,1.87,1.36,25.83,19.88,31.21,22.37,0,72.12,13 April 2019
2019,4,14,1.53,1.55,26.85,20.13,32.87,22.03,0,69.56,14 April 2019
2019,4,15,2.1,1.51,25.93,20.58,31.13,22.61,0,74.56,15 April 2019
2019,4,16,1.41,1.09,24.63,20.98,29.15,22.37,10.55,82.25,16 April 2019
2019,4,17,1.16,1.48,24.26,21.09,28.43,21.4,5.27,84.19,17 April 2019
2019,4,18,1.28,1.59,25.58,20.23,31.06,20.82,0,75.44,18 April 2019
2019,4,19,1.68,1.84,25.07,20.47,29.87,21.55,0,77.5,19 April 2019
2019,4,20,1.69,1.47,25.11,20.58,30.15,20.9,10.55,78.31,20 April 2019
2019,4,21,1.66,1.5,24.6,21.24,28.8,22.12,15.82,82.88,21 April 2019
2019,4,22,1.87,1.33,23.62,20.82,27.53,21.46,10.55,85.81,22 April 2019
2019,4,23,2.43,1.21,23.96,20.9,28.5,20.94,10.55,84.62,23 April 2019
2019,4,24,1.09,1.33,22.99,21.4,25.35,21.45,0,91.5,24 April 2019
2019,4,25,2.05,1.43,24.81,19.39,29.91,20.65,0,74.12,25 April 2019
2019,4,26,2.82,1.42,26.12,20.3,31.48,21.83,0,72.69,26 April 2019
2019,4,27,2.2,1.39,25.12,21.58,29.75,21.97,5.27,82.56,27 April 2019
2019,4,28,2.73,1.4,25.13,21.05,29.08,22.08,5.27,79.88,28 April 2019
2019,4,29,2.86,1.83,25.96,19.3,31.3,21.27,0,69.06,29 April 2019
2019,4,30,2.99,1.64,25.98,19.19,31.27,22.07,0,68.31,30 April 2019
2019,5,1,3.16,1.7,26.6,18.39,32.55,21.95,0,63.44,01 May 2019
2019,5,2,3.03,1.79,26.01,19.02,30.44,22.04,0,67.31,02 May 2019
2019,5,3,2.21,1.16,25.01,20.48,28.94,21.98,0,77.38,03 May 2019
2019,5,4,2.46,1.28,24.78,19.84,29.28,21.84,0,75.25,04 May 2019
2019,5,5,2.45,0.78,23.91,19.91,27.9,22.15,5.27,79.5,05 May 2019
2019,5,6,1.68,1.12,24.28,20.51,27.28,22.03,0,80.81,06 May 2019
2019,5,7,2.69,1.55,26.23,20.04,32.48,21.87,5.27,72.38,07 May 2019
2019,5,8,1.83,1.53,25.29,20.54,31.23,21.26,5.27,78.12,08 May 2019
2019,5,9,1.97,0.99,23.6,21.3,26.8,21.22,10.55,88.31,09 May 2019
2019,5,10,2.68,1.35,24.98,20.76,29.88,21.33,0,79.56,10 May 2019
2019,5,11,1.35,1.35,24.48,21.48,28.96,21.39,0,85.25,11 May 2019
2019,5,12,2.71,0.9,24.31,19.72,28.32,20.65,0,78.31,12 May 2019
2019,5,13,1.53,1.29,23.97,21.05,27.84,20.95,5.27,85.25,13 May 2019
2019,5,14,1.8,1.2,24.02,20.31,28.44,21.33,0,81.81,14 May 2019
2019,5,15,2.31,1.3,24.83,19.83,29.86,21.07,0,76.44,15 May 2019
2019,5,16,2.11,1.45,25.48,19.92,30.89,21.17,5.27,73.88,16 May 2019
2019,5,17,2.48,1.5,25.71,19.73,31.12,20.8,0,72,17 May 2019
2019,5,18,2.85,1.39,25.78,20.08,31.25,22.08,0,73.56,18 May 2019
2019,5,19,2.02,1.42,25.28,20.4,30.12,21.23,0,76.44,19 May 2019
2019,5,20,1.97,1.48,25.92,19.21,31.73,21.51,0,69.75,20 May 2019
2019,5,21,2.41,1.32,25.08,19.66,30.24,22.07,5.27,74.38,21 May 2019
2019,5,22,2.25,1.23,24.26,21.14,29.16,21.39,15.82,84.94,22 May 2019
2019,5,23,2.08,1.24,23.59,21.54,27.16,21.48,21.09,89.44,23 May 2019
2019,5,24,2.71,1.27,23.93,21.31,28.23,21.21,10.55,86.94,24 May 2019
2019,5,25,1.24,1,23.51,20.96,26.68,20.71,0,86.88,25 May 2019
2019,5,26,2.84,1.05,24.35,21.46,28.65,21.67,5.27,85.75,26 May 2019
2019,5,27,1.64,1.24,23.71,21.4,26.92,21.55,5.27,88.06,27 May 2019
2019,5,28,2.71,1.05,23.87,20.77,27.35,20.73,0,84.44,28 May 2019
2019,5,29,1.91,1.3,24.58,20.78,28.94,21.54,5.27,81.38,29 May 2019
2019,5,30,2,0.91,23.24,21.44,25.98,21.36,5.27,90.62,30 May 2019
2019,5,31,3.02,1.06,23.24,20.85,26.73,20.35,42.19,87.44,31 May 2019
2019,6,1,1.75,1.52,23.3,20.2,27.17,19.51,0,84.19,01 June 2019
2019,6,2,2.2,1.54,22.87,21.51,25.12,21.6,5.27,92.81,02 June 2019
2019,6,3,2.32,1.29,23.43,21.18,27.37,20.99,0,88.62,03 June 2019
2019,6,4,2.13,1.52,23.73,20.22,28.26,20.07,5.27,82.88,04 June 2019
2019,6,5,2.71,1.35,23.06,20.73,26.13,21.08,5.27,88.06,05 June 2019
2019,6,6,2.04,1.07,22.82,20.8,26.26,20.13,10.55,89.81,06 June 2019
2019,6,7,1.66,0.89,23.33,20.81,26.98,20.83,5.27,87.19,07 June 2019
2019,6,8,2.32,1.48,23.51,20.49,27.12,20.92,0,84.38,08 June 2019
2019,6,9,2.39,0.83,21.84,19.65,24.94,19.58,5.27,88.44,09 June 2019
2019,6,10,1.71,1.32,22.19,20.59,25.12,19.4,5.27,91.44,10 June 2019
2019,6,11,2.01,1.15,22.48,20.21,26.2,18.51,5.27,88.38,11 June 2019
2019,6,12,1.86,0.98,23.34,20.35,27.2,19.64,0,84.94,12 June 2019
2019,6,13,2.36,1.02,23.69,20.76,27.6,20.8,0,85.12,13 June 2019
2019,6,14,2.47,1.07,23.86,21.63,27.72,21.26,0,88.44,14 June 2019
2019,6,15,2.85,0.95,24.08,21.11,28.65,21.02,0,85.38,15 June 2019
2019,6,16,1.87,1.22,22.78,20.66,25.51,20.47,0,88.75,16 June 2019
2019,6,17,1.55,1.18,22.39,20.3,25.87,18.76,21.09,89.25,17 June 2019
2019,6,18,2.31,1.02,22.33,20.25,25.04,20.56,5.27,89.12,18 June 2019
2019,6,19,1.57,1.3,23.48,21.1,26.99,20.5,15.82,87.69,19 June 2019
2019,6,20,2.16,1.36,22.66,20.86,25.75,20.3,5.27,90.81,20 June 2019
2019,6,21,1.52,1.16,22.18,20.65,24.29,20.57,5.27,91.81,21 June 2019
2019,6,22,1.83,1.48,22.62,20.99,25.69,20.02,0,91.5,22 June 2019
2019,6,23,1.69,1.2,22.68,20.26,25.48,20.32,0,87.5,23 June 2019
2019,6,24,2.2,1.04,22.74,20.9,25.76,20.16,15.82,90.62,24 June 2019
2019,6,25,1.79,0.88,22.21,19.09,26.67,19.21,0,84.5,25 June 2019
2019,6,26,2.21,1.36,22.63,20.1,26.3,19.33,0,86.62,26 June 2019
2019,6,27,2.98,1.37,23.3,19.96,27.29,19.84,0,82.94,27 June 2019
2019,6,28,2.62,1.05,23.37,21.03,26.49,20.69,5.27,87.81,28 June 2019
2019,6,29,2.11,1.25,22.9,20.98,25.37,21.15,0,89.88,29 June 2019
2019,6,30,2.23,1.17,22.4,19.83,25.37,19.91,0,86.25,30 June 2019
2019,7,1,1.08,0.88,22.62,18.4,26.69,19.83,5.27,78.75,01 July 2019
2019,7,2,1.89,0.98,21.43,19.23,24.47,19.14,5.27,88.25,02 July 2019
2019,7,3,2.95,1.11,22.72,19.78,27.07,19.14,0,84.94,03 July 2019
2019,7,4,3.18,1.19,22.98,18.33,27.76,18.26,0,77.69,04 July 2019
2019,7,5,1.05,1.04,22.47,21.4,24.3,21.05,10.55,94.38,05 July 2019
2019,7,6,2.74,0.84,22.46,19.92,25.73,20.24,0,87.25,06 July 2019
2019,7,7,2.58,1.38,23.48,19.88,28.05,19.58,0,82.38,07 July 2019
2019,7,8,2.68,1.17,22.72,19.38,26.13,20.49,5.27,83.56,08 July 2019
2019,7,9,1.62,1.29,22.7,19.72,26.69,19.77,0,84.88,09 July 2019
2019,7,10,1.76,0.98,22.02,19.33,25.5,19.14,0,86.19,10 July 2019
2019,7,11,2.49,1.35,23.08,19.08,27.63,18.67,0,80.06,11 July 2019
2019,7,12,2.36,1.3,23.23,20.1,27.25,20.09,0,84.44,12 July 2019
2019,7,13,2.07,0.99,22.33,20.38,25.13,20.39,15.82,89.88,13 July 2019
2019,7,14,2.45,0.98,22.8,19.28,27.01,19.58,0,82.12,14 July 2019
2019,7,15,3.09,1.25,23.58,19.33,28.26,19.51,0,78.69,15 July 2019
2019,7,16,1.47,1.26,23.05,20.78,26.62,19.86,10.55,88.38,16 July 2019
2019,7,17,2.63,0.95,22.48,20.53,25.36,20.6,0,90,17 July 2019
2019,7,18,2.14,1.41,22.91,19.91,26.78,20.06,10.55,84.69,18 July 2019
2019,7,19,2.56,1.24,22.59,20.1,26.36,19.79,5.27,87.25,19 July 2019
2019,7,20,2.03,1.16,23.28,20.16,27.12,20.3,0,84.12,20 July 2019
2019,7,21,2.43,1.25,23.12,21.01,26.2,20.45,0,89.06,21 July 2019
2019,7,22,1.89,1.25,22.85,21.17,26.43,20.84,5.27,91.56,22 July 2019
2019,7,23,1.49,1.01,21.98,19.54,25.29,20.07,5.27,87.19,23 July 2019
2019,7,24,2.2,1.13,22.78,18.08,27.38,18.93,0,76.56,24 July 2019
2019,7,25,2.69,1.23,23.49,18.76,28.24,19.62,0,76.94,25 July 2019
2019,7,26,1.54,1.07,22.28,20.42,24.51,19.73,10.55,90.44,26 July 2019
2019,7,27,2.43,1.39,22.51,18.43,27.09,18.81,0,79.81,27 July 2019
2019,7,28,2.11,1.34,22.49,17.37,27.05,18.98,0,75.94,28 July 2019
2019,7,29,2.65,1.38,23.23,19.57,27.9,19.45,0,81.69,29 July 2019
2019,7,30,2.66,1.41,23.67,19.8,28.23,20.25,0,80.94,30 July 2019
2019,7,31,2.26,1.55,24.18,19.33,29.05,20.58,0,76.75,31 July 2019
2019,8,1,1.67,1.27,24.03,20.22,28.76,20.66,0,81.56,01 August 2019
2019,8,2,2.18,1.3,24,21.12,28.05,20.75,5.27,85.62,02 August 2019
2019,8,3,0.97,1.51,23.84,21.76,27.61,21.75,5.27,89.44,03 August 2019
2019,8,4,2.05,1.14,23.26,21.08,27.16,21.15,10.55,89.06,04 August 2019
2019,8,5,2.18,1.33,23.18,20.16,27.37,20.01,0,85.25,05 August 2019
2019,8,6,1.76,1.55,23.6,19.4,28.48,19.98,0,79.31,06 August 2019
2019,8,7,2.05,1.45,24.12,18.66,29.2,20.37,0,73.75,07 August 2019
2019,8,8,1.93,1.37,24.01,20.22,28.51,20.69,5.27,81.38,08 August 2019
2019,8,9,2.68,1.34,24.26,20.12,28.93,20.99,0,80.19,09 August 2019
2019,8,10,2.14,1.26,24.02,20.62,27.81,20.96,0,83.06,10 August 2019
2019,8,11,1.69,1.45,24.07,21.31,27.94,21.3,0,86.12,11 August 2019
2019,8,12,2.41,1.4,24.42,20.52,29.4,20.6,0,81.31,12 August 2019
2019,8,13,1.97,1.39,23.61,21.04,26.98,21.65,0,86.81,13 August 2019
2019,8,14,1.37,0.99,22.73,20.9,26.56,20.69,10.55,90.75,14 August 2019
2019,8,15,1.46,1.3,22.9,19.48,27.18,19.54,0,83.12,15 August 2019
2019,8,16,0.88,1.08,21.68,19.44,24.9,18.97,5.27,88.44,16 August 2019
2019,8,17,2.35,1.12,21.9,17.52,26.69,17.75,5.27,78.56,17 August 2019
2019,8,18,2.34,1.66,23.06,20.51,26.83,20.26,5.27,86.5,18 August 2019
2019,8,19,1.85,1.34,22.87,20.83,26.3,20.31,5.27,89.75,19 August 2019
2019,8,20,2.51,1.05,22.01,19.04,25.99,19.26,10.55,85.12,20 August 2019
2019,8,21,2.75,1.43,23.73,18.5,28.41,19.91,0,74.81,21 August 2019
2019,8,22,2.01,1.32,24.01,20.33,27.97,21.58,0,81.31,22 August 2019
2019,8,23,1.64,1.19,23.23,20.36,26.73,21.01,5.27,85.38,23 August 2019
2019,8,24,2.13,1.35,23.08,20.3,26.69,20.71,5.27,85.81,24 August 2019
2019,8,25,2.73,1.34,23.37,19.99,27.68,20.65,0,83.12,25 August 2019
2019,8,26,2.64,1.42,23.35,19.2,27.65,19.58,0,79.38,26 August 2019
2019,8,27,2.8,1.34,23.76,19.83,28.11,20.83,15.82,80.94,27 August 2019
2019,8,28,2.45,1.56,23.54,20.87,28.3,19.56,21.09,86.94,28 August 2019
2019,8,29,3.09,1.37,24.18,20.11,28.6,21.12,5.27,80.44,29 August 2019
2019,8,30,3.02,1.37,24.17,19.77,28.4,20.51,0,78.75,30 August 2019
2019,8,31,2.7,1.34,24.3,20.34,28.72,20.79,0,80.5,31 August 2019
2019,9,1,2.49,1.38,24.11,20.28,28.23,20.79,0,81.31,01 September 2019
2019,9,2,2.17,1.2,23.86,20.46,27.83,21.1,0,82.81,02 September 2019
2019,9,3,2.75,1.31,24.18,19.32,28.26,20.98,0,76.69,03 September 2019
2019,9,4,2.84,1.39,23.98,17.85,28.21,20.65,0,71.19,04 September 2019
2019,9,5,1.57,1.3,24.26,18.69,29.95,20.46,5.27,73.94,05 September 2019
2019,9,6,2.68,1.44,24.13,20.08,28.44,21.19,0,79.94,06 September 2019
2019,9,7,2.58,1.54,24.8,19.08,30.21,20.53,0,73.75,07 September 2019
2019,9,8,2.52,1.62,25.04,18.37,30.95,20.6,0,70.12,08 September 2019
2019,9,9,2.57,1.31,25.02,18.99,30.19,21.37,0,72.06,09 September 2019
2019,9,10,2.72,1.09,25.32,20.5,30.08,22.01,0,77,10 September 2019
2019,9,11,2.72,1.22,24.64,19.18,29.33,21.04,0,74,11 September 2019
2019,9,12,2.36,1.5,23.81,21.19,27.38,21.3,15.82,86.56,12 September 2019
2019,9,13,2.39,1.45,24.48,20.23,29.23,20.8,0,79.62,13 September 2019
2019,9,14,2.42,1.32,24.62,20.45,28.97,21.47,0,79.69,14 September 2019
2019,9,15,2.73,1.18,25.03,20.5,29.99,21.26,0,78.25,15 September 2019
2019,9,16,2.88,0.98,24.05,21.12,27.02,21.99,0,84.75,16 September 2019
2019,9,17,2.14,1.27,24.86,19.25,30.33,20.54,5.27,73.81,17 September 2019
2019,9,18,2.75,1.41,24.85,20.69,30.14,21.33,0,79.94,18 September 2019
2019,9,19,1.88,1.11,24.29,21.2,28.55,21.12,0,84.75,19 September 2019
2019,9,20,2.59,0.92,23.67,21.62,26.6,21.41,10.55,89.38,20 September 2019
2019,9,21,2.23,0.97,23.6,20.28,27.65,20.92,0,83.75,21 September 2019
2019,9,22,2.73,1.43,25,19.8,30.32,21.76,5.27,75.75,22 September 2019
2019,9,23,2.25,1.2,22.91,21.12,26.36,20.76,5.27,90.81,23 September 2019
2019,9,24,2.51,0.93,23.58,20.9,28.14,20.5,10.55,87,24 September 2019
2019,9,25,2.73,1.15,23.7,20.88,28.48,21,5.27,86.44,25 September 2019
2019,9,26,1.77,1.28,24.17,19.75,28.76,20.7,0,79.12,26 September 2019
2019,9,27,2.8,1.28,24.44,19.9,28.79,21.78,0,78,27 September 2019
2019,9,28,2.74,1.23,24.79,19.95,30.48,20.5,10.55,77.62,28 September 2019
2019,9,29,2.81,1.36,23.38,21.44,26.85,20.39,10.55,90.12,29 September 2019
2019,9,30,2.94,1.09,23.86,21.38,27.73,21.6,5.27,87.56,30 September 2019
2019,10,1,2.89,1.29,24.49,20.71,29.08,20.72,0,81.5,01 October 2019
2019,10,2,2.95,0.87,23.9,21.07,27.81,21.47,10.55,85.5,02 October 2019
2019,10,3,0.68,0.94,23.23,19.84,26.66,20.55,5.27,83.19,03 October 2019
2019,10,4,2.85,0.99,22.86,19.86,26.12,19.88,21.09,84.44,04 October 2019
2019,10,5,2.81,1.16,23.51,18.91,27.9,19.44,0,77.5,05 October 2019
2019,10,6,3.1,1.29,23.89,19.25,28.44,20.23,10.55,77.56,06 October 2019
2019,10,7,2.39,1.09,23.43,20.4,27.46,20.87,5.27,84.62,07 October 2019
2019,10,8,2.18,1.42,23.55,19.92,27.25,21.05,5.27,81.75,08 October 2019
2019,10,9,2.26,1.27,22.44,19.4,25.35,20.43,15.82,84.62,09 October 2019
2019,10,10,2.01,1.13,23.06,20.43,27.2,19.63,5.27,86.81,10 October 2019
2019,10,11,1.68,1.16,22.55,21.08,25.98,20.36,5.27,92.44,11 October 2019
2019,10,12,2.17,1.41,23.19,21.02,27.01,20.41,0,89,12 October 2019
2019,10,13,2.93,1.12,23.34,20.1,27.38,20.23,0,84.12,13 October 2019
2019,10,14,2.87,0.98,22.9,18.22,27.19,19.31,0,76.75,14 October 2019
2019,10,15,1.64,1.23,22.72,19.15,26.01,20.31,10.55,81.62,15 October 2019
2019,10,16,2.39,1.24,22.82,19.45,27.02,19.35,0,82.88,16 October 2019
2019,10,17,1.81,1.18,23.33,20.36,27.71,19.26,5.27,85.5,17 October 2019
2019,10,18,2.34,0.92,22.64,21.38,25.44,21.01,10.55,93.44,18 October 2019
2019,10,19,2.46,0.95,21.76,19.06,25.4,18.76,0,86.19,19 October 2019
2019,10,20,2.03,1.25,23.3,19.68,27.32,20.15,0,81.44,20 October 2019
2019,10,21,2.8,1.2,23.51,20.22,28.14,19.89,5.27,83.81,21 October 2019
2019,10,22,2.68,1.27,22.92,19.96,27.67,19.28,5.27,85.31,22 October 2019
2019,10,23,2.85,1.3,23.18,19.93,27.89,19.26,0,83.81,23 October 2019
2019,10,24,2.07,0.85,21.61,19.36,24.04,19.52,5.27,88.31,24 October 2019
2019,10,25,1.25,1.47,23.08,20.41,27.78,19.7,0,86.25,25 October 2019
2019,10,26,3.03,1.24,23.94,20.98,28.05,20.76,0,85.31,26 October 2019
2019,10,27,2.65,1.27,23.83,21.3,27.24,20.87,0,87,27 October 2019
2019,10,28,2.46,1.24,23.7,21.53,27.21,21.09,5.27,88.75,28 October 2019
2019,10,29,2.75,0.69,23.59,21.12,26.95,21.04,5.27,87.44,29 October 2019
2019,10,30,2.79,0.99,23.82,21.3,27.65,20.94,0,87.25,30 October 2019
2019,10,31,2,1.11,24.17,20.94,27.89,20.97,0,83.44,31 October 2019
2019,11,1,2.69,1.02,24.21,21.86,27.33,21.96,0,87.94,01 November 2019
2019,11,2,2.13,1.37,24.72,20.9,29.05,21.15,0,81.12,02 November 2019
2019,11,3,2.75,1.2,24.39,20.13,29.44,20.81,0,79.5,03 November 2019
2019,11,4,2.77,1.05,23.64,20.58,27.74,20.76,0,84.69,04 November 2019
2019,11,5,2.74,1.21,23.72,20.01,28.52,20.17,0,81.31,05 November 2019
2019,11,6,2.82,1.26,24.11,18.8,29.43,20,0,74.44,06 November 2019
2019,11,7,2.17,1.26,24.29,20.87,28.48,21.24,0,83,07 November 2019
2019,11,8,2.41,1.32,24.77,20.87,29.4,21.58,0,80.88,08 November 2019
2019,11,9,2.16,1.12,24.24,21.33,28.19,21.76,0,85.12,09 November 2019
2019,11,10,1.74,0.91,23.75,21.59,27.34,21.2,21.09,88.94,10 November 2019
2019,11,11,2.37,0.98,22.94,19.85,27.42,19.27,10.55,84.5,11 November 2019
2019,11,12,2.18,1.16,24.01,20.78,28.27,20.91,5.27,83.44,12 November 2019
2019,11,13,2.36,1.11,22.95,21.58,25.82,20.76,26.37,92.88,13 November 2019
2019,11,14,2.65,1.05,23.3,20.75,27.76,19.36,5.27,87,14 November 2019
2019,11,15,2.3,0.88,22.3,21.09,23.99,20.71,10.55,93.62,15 November 2019
2019,11,16,2.39,1,22.85,19.98,26.54,20.25,0,84.81,16 November 2019
2019,11,17,2.51,1.3,23.74,20.09,28.26,19.55,0,81.75,17 November 2019
2019,11,18,2.34,1.09,23.69,20.94,27.58,21.19,0,85.88,18 November 2019
2019,11,19,2.09,0.86,23.05,20.92,26,20.99,0,88.69,19 November 2019
2019,11,20,2.19,1.27,23.17,20.24,27.43,20.4,0,84.75,20 November 2019
2019,11,21,2.23,1.28,22.48,19.3,26.73,19.92,5.27,83.31,21 November 2019
2019,11,22,2.23,1.05,23.26,19.01,27.7,19.35,0,78.38,22 November 2019
2019,11,23,2.68,1.2,23.55,19.79,28.12,20.01,0,80.94,23 November 2019
2019,11,24,2.64,1.18,24.05,19.81,28.98,20.16,0,78.56,24 November 2019
2019,11,25,1.94,1.3,23.88,20.88,28.23,20.4,0,84.81,25 November 2019
2019,11,26,2.41,1.02,24.32,20.81,27.87,21.6,0,82.19,26 November 2019
2019,11,27,2.45,1.04,23.93,20.52,27.95,21.26,0,82.44,27 November 2019
2019,11,28,2.49,0.9,24.18,20.06,28.6,20.48,0,79.44,28 November 2019
2019,11,29,2.57,1.27,25.04,20.06,29.96,20.75,0,75.44,29 November 2019
2019,11,30,2.34,1.03,24.85,20.54,29.88,20.32,0,79.25,30 November 2019
2019,12,1,2.69,1.33,24.8,20.33,29.69,20.54,0,78.44,01 December 2019
2019,12,2,2.54,1.32,25.1,20.37,30.26,21.37,0,77.19,02 December 2019
2019,12,3,2.59,0.94,23.88,20.86,26.51,21.6,0,84.06,03 December 2019
2019,12,4,2.82,0.95,24.74,19.08,30.15,20.55,0,73.56,04 December 2019
2019,12,5,2.67,1.14,24.48,19,29.44,20.6,0,73.5,05 December 2019
2019,12,6,2.86,1.08,24.91,17.48,30.86,20.48,0,66.06,06 December 2019
2019,12,7,2.51,1.26,25.18,19.4,31.17,20.28,0,72.81,07 December 2019
2019,12,8,2.32,0.87,23.88,20.38,27.51,21.18,10.55,82.5,08 December 2019
2019,12,9,2.61,0.89,23.76,19.26,28.42,20.65,0,77.81,09 December 2019
2019,12,10,2.65,1.2,24.19,19.6,28.94,20.08,0,77.31,10 December 2019
2019,12,11,2.59,1.05,24.03,18.56,28.72,20.4,0,73.62,11 December 2019
2019,12,12,2.37,1.2,24.01,18.76,29.6,19.57,0,74.44,12 December 2019
2019,12,13,1.94,1.19,24.13,19.45,28.83,21.36,0,76.62,13 December 2019
2019,12,14,2.36,1.17,24.15,19.83,28.73,20.48,0,78.38,14 December 2019
2019,12,15,1.73,1.24,24.16,20.26,27.65,21.05,0,80,15 December 2019
2019,12,16,2,0.99,24.59,19.9,29.03,21.55,0,76.69,16 December 2019
2019,12,17,2.14,1.47,24.65,19.44,30.03,20.38,0,74.94,17 December 2019
2019,12,18,2.33,1.3,24.02,19.61,28.5,20.43,0,78,18 December 2019
2019,12,19,2.57,1.26,24.96,19.4,30.14,20.87,0,73.25,19 December 2019
2019,12,20,1.92,1.2,24.22,20.65,28.17,20.92,0,81.62,20 December 2019
2019,12,21,1.4,1.37,24.58,20.26,29.66,20.73,0,79.31,21 December 2019
2019,12,22,2.55,1.3,24.91,19.8,29.69,21.28,0,74.81,22 December 2019
2019,12,23,2.78,1.47,25.56,19.82,30.82,21.23,0,72.56,23 December 2019
2019,12,24,2.38,1.48,25.52,20.06,29.89,22.08,0,73.75,24 December 2019
2019,12,25,2,1.26,25.53,20.37,30.26,21.35,0,75.06,25 December 2019
2019,12,26,1.88,1.17,24.73,21.15,28.5,21.81,0,81.75,26 December 2019
2019,12,27,2.3,1.27,25.59,20.64,31.08,21.18,0,76.75,27 December 2019
2019,12,28,2.49,1.33,25.73,20.63,30.91,22.19,0,75.62,28 December 2019
2019,12,29,1.76,1.34,25.6,20.14,31.04,21.85,0,74.38,29 December 2019
2019,12,30,2.19,1.17,24.59,19.08,29.44,20.47,5.27,73.31,30 December 2019
2019,12,31,2.45,1.09,24,18.44,29.69,20.31,5.27,73.56,31 December 2019
2020,1,1,2.47,1.2,23.75,17.71,30.01,18.31,5.27,71.88,01 January 2020
2020,1,2,2.9,1.1,24.23,17.15,30.19,19.08,0,67.38,02 January 2020
2020,1,3,2.98,1.03,24.48,17.03,30.49,19.94,0,65.5,03 January 2020
2020,1,4,2.95,1.28,24.64,16.03,31.37,19.42,0,62.19,04 January 2020
2020,1,5,2.9,1.38,25.3,17.08,31.53,20.44,0,62.75,05 January 2020
2020,1,6,2.92,1.26,25.55,17.2,31.77,20.38,0,62.69,06 January 2020
2020,1,7,2.82,0.9,25.15,17.72,31.1,20.83,0,65.81,07 January 2020
2020,1,8,2.79,1.05,24.99,17.46,30.66,20.22,0,64.88,08 January 2020
2020,1,9,2.71,0.83,24.51,16.39,30.15,20.34,0,63.06,09 January 2020
2020,1,10,2.83,1.11,23.69,17.09,28.35,19.7,0,68.25,10 January 2020
2020,1,11,2.68,1.62,24.44,17.19,29.98,20.08,0,66.69,11 January 2020
2020,1,12,2.42,1.22,24.23,17.12,28.86,20.07,0,66,12 January 2020
2020,1,13,2.16,1.59,23.98,16.87,29.57,19.91,0,66.25,13 January 2020
2020,1,14,2.31,1.55,24.37,17.37,30.09,20.47,0,66.88,14 January 2020
2020,1,15,2.67,1.3,24.94,18.1,30.34,20.16,0,67.94,15 January 2020
2020,1,16,1.6,1.71,25.88,19.02,31.17,21.39,0,67.75,16 January 2020
2020,1,17,2.14,1.56,26.15,18.51,31.7,21.76,0,64.94,17 January 2020
2020,1,18,2.06,1.76,26.44,18.85,32.01,22.02,0,65.19,18 January 2020
2020,1,19,2.12,1.16,24.5,18.68,27.69,22.39,0,70.88,19 January 2020
2020,1,20,2.33,0.9,22.64,19.8,25.12,20.8,5.27,84.56,20 January 2020
2020,1,21,2.42,1.28,24.49,19.15,29.86,20.61,5.27,74.69,21 January 2020
2020,1,22,2.22,1.17,24.24,19.35,28.7,22.2,0,76,22 January 2020
2020,1,23,2.57,1.41,26.78,18.77,33.05,21.2,0,64.62,23 January 2020
2020,1,24,1.83,1.03,26.3,19.43,31.04,22.36,0,67.56,24 January 2020
2020,1,25,2.54,1.23,25.8,19.51,31.17,21.8,0,71.31,25 January 2020
2020,1,26,2.51,1.31,25.02,19.2,30.3,20.86,10.55,72.56,26 January 2020
2020,1,27,2.95,1.14,25.41,19.06,31.19,21.25,0,71,27 January 2020
2020,1,28,2.48,1.58,26.55,18.2,32.68,21.19,0,62.81,28 January 2020
2020,1,29,2.55,1.21,26.56,18.46,31.58,22.33,0,63,29 January 2020
2020,1,30,2.82,1.2,26.24,17.3,32.14,20.4,0,60.69,30 January 2020
2020,1,31,2.14,1.62,26,17.97,31.53,21.17,0,62.81,31 January 2020
2020,2,1,2.75,1.15,26.68,18.97,31.31,23.07,5.27,64.12,01 February 2020
2020,2,2,2.39,1.15,25.99,18.79,31.03,21.59,0,66.25,02 February 2020
2020,2,3,2.75,1.1,25.23,17.6,29.98,21.66,0,64.81,03 February 2020
2020,2,4,3.01,1.14,25.54,15.6,31.95,21.11,0,57.12,04 February 2020
2020,2,5,3.2,1.06,25.69,13.89,32.49,20.05,0,50.31,05 February 2020
2020,2,6,3.16,1.05,25.69,13.83,32.48,20.17,0,50.31,06 February 2020
2020,2,7,2.94,1.2,25.42,16.08,32.08,20.35,0,58.12,07 February 2020
2020,2,8,2.78,0.98,26.19,15.71,31.87,22.37,0,53.81,08 February 2020
2020,2,9,3.2,1.16,26.03,13.87,31.95,20.5,0,49.25,09 February 2020
2020,2,10,2.82,1.44,26.05,14.93,32.48,20.93,0,52.94,10 February 2020
2020,2,11,3,1.28,25.93,15.23,32.4,21.36,0,53.5,11 February 2020
2020,2,12,2.99,1.43,26.4,16.34,32.44,22.09,0,55.69,12 February 2020
2020,2,13,2.51,1.42,26.54,17.31,32.54,22.18,0,58.56,13 February 2020
2020,2,14,1.95,1.63,26.44,17.06,31.23,22.84,0,58.06,14 February 2020
2020,2,15,3.02,1.35,26.79,14.21,33.27,22.15,0,48.62,15 February 2020
2020,2,16,2.93,1.7,26.51,14.55,32.67,21.03,0,49.5,16 February 2020
2020,2,17,2.99,1.3,27.58,14.91,33.93,21.8,0,47.44,17 February 2020
2020,2,18,2.91,1.1,26.9,18.06,31.33,22.94,0,59,18 February 2020
2020,2,19,2.74,1.57,27.97,18.33,33.49,23.52,0,57.44,19 February 2020
2020,2,20,2.26,1.61,27.15,17.79,32.51,23.21,0,57.62,20 February 2020
2020,2,21,2.19,1.31,26.14,18.14,30.52,23,0,62.31,21 February 2020
2020,2,22,2.34,1.26,25.72,18.84,30.09,22.2,0,67.75,22 February 2020
2020,2,23,1.91,1.46,26.4,18.57,31.86,21.82,0,64.31,23 February 2020
2020,2,24,1.83,1.55,26.66,18.3,31.8,22.4,0,62.12,24 February 2020
2020,2,25,2.55,1.19,26.01,18.65,29.39,23.27,0,64.44,25 February 2020
2020,2,26,2.43,1.09,26.41,18.55,30.78,22.78,0,63.25,26 February 2020
2020,2,27,2.67,1.3,26.67,17.71,32.2,22.94,0,60.19,27 February 2020
2020,2,28,2.72,1.33,25.99,18.44,31.25,21.85,0,65.5,28 February 2020
2020,2,29,2.78,1.28,27.51,16.73,33.41,22.37,0,53.94,29 February 2020
2020,3,1,2.64,1.07,24.48,18.65,28.55,21.2,68.55,71.5,01 March 2020
2020,3,2,2.65,1.27,25.03,19.14,29.63,21.33,10.55,71.5,02 March 2020
2020,3,3,2.82,1.22,24.8,17.66,30.4,21.24,0,66.38,03 March 2020
2020,3,4,3.1,1.17,25.33,15.33,31.61,20.72,0,56.44,04 March 2020
2020,3,5,3.26,1.36,25.83,14.98,32.78,19.97,0,53.69,05 March 2020
2020,3,6,3.27,1.35,26.72,15.87,33.27,19.94,0,53.69,06 March 2020
2020,3,7,2.96,1.2,27.31,18.33,32.64,23.08,0,59.31,07 March 2020
2020,3,8,2.38,1.2,25.97,18.99,31.42,22.69,5.27,67.5,08 March 2020
2020,3,9,1.34,1.15,24.41,19.27,28.56,21.53,10.55,74.69,09 March 2020
2020,3,10,2.26,1.29,25.65,17.75,30.98,20.46,0,65.12,10 March 2020
2020,3,11,2.41,1.38,25.25,18.57,30.12,20.84,5.27,68.81,11 March 2020
2020,3,12,2.36,1.11,26.18,18.79,31,22.08,5.27,66.25,12 March 2020
2020,3,13,1.77,1.05,25.48,19.7,29.83,22.7,5.27,72.06,13 March 2020
2020,3,14,1.79,0.78,24.15,20.72,28.62,21.28,5.27,82.94,14 March 2020
2020,3,15,1.83,1.2,23.55,19.17,27.37,20.76,0,78.06,15 March 2020
2020,3,16,2.91,1.29,25.15,17.31,31.19,20.88,0,64.44,16 March 2020
2020,3,17,3.12,1.17,26.08,17.37,31.83,22.16,0,60.81,17 March 2020
2020,3,18,2.83,1.38,25.61,17.04,30.5,22.26,0,61.5,18 March 2020
2020,3,19,2.45,1.3,25.56,17.49,30.01,22.06,0,62.19,19 March 2020
2020,3,20,2.28,0.94,25.4,16.59,30.59,21.62,0,60.56,20 March 2020
2020,3,21,2.53,1.18,24.8,17.26,30.54,20.67,0,65.19,21 March 2020
2020,3,22,2.83,1.17,25.77,16.46,31.03,20.94,0,58.81,22 March 2020
2020,3,23,2.14,1.27,25.46,17.86,30.57,21.65,0,64.5,23 March 2020
2020,3,24,2.46,1.13,25.76,18.44,30.59,22.61,0,65.5,24 March 2020
2020,3,25,2.57,1.14,26.34,18.51,31.74,22.37,0,63.94,25 March 2020
2020,3,26,2.14,1.38,27.19,18.25,32.75,22.19,0,60.38,26 March 2020
2020,3,27,2.93,1.21,27.76,17.26,33.9,23.02,0,55.44,27 March 2020
2020,3,28,3.05,1.21,26.89,16.49,32.32,22.8,0,55.25,28 March 2020
2020,3,29,3,1.34,26.25,17.01,30.93,20.85,0,57.88,29 March 2020
2020,3,30,2.22,1.54,27.01,17.52,32.64,22.87,0,58.25,30 March 2020
2020,3,31,1.51,1.65,26.66,17.81,32.03,22.31,0,60.38,31 March 2020
2020,4,1,2.09,1.4,27.41,18.12,31.95,23.45,0,58.69,01 April 2020
2020,4,2,1.83,1.46,27.28,18.92,32.26,23.6,0,61.69,02 April 2020
2020,4,3,2,1.72,27.26,19.7,32.89,23.49,0,65.56,03 April 2020
2020,4,4,2.42,1.68,28.3,19.38,34.51,22.8,0,61.38,04 April 2020
2020,4,5,2.15,1.41,27.49,19.92,31.65,24.12,0,64.88,05 April 2020
2020,4,6,2.14,1.31,26.38,19.95,31.58,23.7,0,69.31,06 April 2020
2020,4,7,2.34,1.51,29.1,17.34,35.86,22.67,0,52.44,07 April 2020
2020,4,8,1.89,1.68,28.69,19.6,33.98,24.19,0,59.56,08 April 2020
2020,4,9,2.33,1.74,28.23,19.18,34.15,23.88,0,60.19,09 April 2020
2020,4,10,2.34,1.7,27.77,19.2,34.19,22.57,5.27,62.69,10 April 2020
2020,4,11,1.61,1.61,26.97,20.4,32.27,22.87,10.55,69.88,11 April 2020
2020,4,12,2.76,1.34,27.78,16.27,34.79,20.93,0,54.62,12 April 2020
2020,4,13,3.2,1,28.09,14.73,34.89,21.57,0,46.69,13 April 2020
2020,4,14,2.87,1.39,27.28,16.66,33.09,22.8,0,53.81,14 April 2020
2020,4,15,2.94,1.06,27.58,16.12,33.37,23.15,0,52.75,15 April 2020
2020,4,16,2.32,1.09,26.4,16.76,31.8,22.98,0,57.31,16 April 2020
2020,4,17,1.46,1.7,26.99,16.82,32.56,22.48,0,55.5,17 April 2020
2020,4,18,1.27,1.42,24.96,18.93,29.46,21.94,0,70.5,18 April 2020
2020,4,19,1.89,1.51,25.7,18.59,30.74,21.12,0,67,19 April 2020
2020,4,20,2.39,1.63,26.86,18.28,32.36,21.76,0,61.38,20 April 2020
2020,4,21,1.76,1.65,26.55,19.2,31.86,22.36,0,65.94,21 April 2020
2020,4,22,1.82,1.51,26.33,19.52,31.65,21.82,0,68.5,22 April 2020
2020,4,23,2.49,1.62,27.33,19.15,32.16,23.08,0,62.94,23 April 2020
2020,4,24,2.99,1.26,27.92,18.68,33.94,22.41,0,59.62,24 April 2020
2020,4,25,2.9,1.45,28.62,17.15,34.76,23.9,0,52.19,25 April 2020
2020,4,26,2.64,1.98,27.19,17.93,31.83,23.92,0,58.44,26 April 2020
2020,4,27,2.63,1.69,27.62,15.85,34.16,22.3,0,51.12,27 April 2020
2020,4,28,2.53,1.73,28.12,18.93,34.5,23.01,0,60.56,28 April 2020
2020,4,29,2.2,1.8,27.78,19.3,32.87,22.94,0,61.81,29 April 2020
2020,4,30,1.69,1.79,27.97,18.23,33.73,23.79,0,58.38,30 April 2020
2020,5,1,1.64,1.49,26.97,19.08,32.08,22.54,0,64.44,01 May 2020
2020,5,2,1.95,1.6,26.97,19.71,31.94,22.24,0,66.94,02 May 2020
2020,5,3,2,1.41,27.68,18.99,33.44,23.18,0,61.44,03 May 2020
2020,5,4,2.25,1.51,28.26,18.43,34.09,23.37,0,57.56,04 May 2020
2020,5,5,2.29,1.39,27.26,19.26,33.16,23.26,0,63.75,05 May 2020
2020,5,6,2.2,1.47,27.33,19.11,32.78,22.38,0,63.12,06 May 2020
2020,5,7,2.7,1.2,26.95,19.34,31.79,23.17,0,65.31,07 May 2020
2020,5,8,1.13,1.59,26.82,19.01,31.4,23.09,0,64.25,08 May 2020
2020,5,9,2.06,1.63,27.18,18.82,33.77,22.37,5.27,63.69,09 May 2020
2020,5,10,2.93,1.52,27.32,19.58,33.66,22.15,0,66.5,10 May 2020
2020,5,11,2.91,1.48,28.16,19.29,34.49,22.44,0,61.5,11 May 2020
2020,5,12,2.75,1.46,27.91,19.94,33.67,22.75,5.27,64.69,12 May 2020
2020,5,13,1.18,1.88,27.27,20.21,32.75,23.16,0,67.81,13 May 2020
2020,5,14,2.71,1.62,25.76,19.79,28.96,22.25,0,70.88,14 May 2020
2020,5,15,2.19,1.79,26.53,19.13,31.36,22.08,0,65.75,15 May 2020
2020,5,16,2.68,1.7,26.84,19.25,32.42,22.53,5.27,65.94,16 May 2020
2020,5,17,2.19,1.61,27.06,19.44,33.35,22.47,0,66.25,17 May 2020
2020,5,18,2.42,1.36,25.87,20.24,31.11,22.09,5.27,74,18 May 2020
2020,5,19,2.61,1.37,26.21,19.98,32.03,21.35,0,72.5,19 May 2020
2020,5,20,3.12,1.48,27.58,18.47,34.25,21.67,0,61.56,20 May 2020
2020,5,21,2.51,1.7,27.75,18.57,34.03,22.64,0,60.38,21 May 2020
2020,5,22,1.35,1.52,26.77,20.11,32.87,23,5.27,70.25,22 May 2020
2020,5,23,2.44,1.52,27.04,19.63,33.08,22.05,0,67.44,23 May 2020
2020,5,24,2.53,1.78,26.94,18.86,31.99,22.6,0,63.81,24 May 2020
2020,5,25,2.51,1.55,27.23,17.66,33.65,21.22,0,59.12,25 May 2020
2020,5,26,2.07,1.6,26.7,18.84,33,22.19,10.55,65.75,26 May 2020
2020,5,27,2.5,1.4,25.25,20.9,30.62,21.98,10.55,79.81,27 May 2020
2020,5,28,2.05,1.03,24.28,20.15,28.92,21.67,0,80.31,28 May 2020
2020,5,29,2.39,1.36,24.57,19.94,29.3,20.96,0,77.62,29 May 2020
2020,5,30,1.71,0.97,24.11,19.47,28.58,20.3,0,77.88,30 May 2020
2020,5,31,1.88,0.99,24.12,19.92,28.6,20.76,5.27,80.25,31 May 2020
2020,6,1,2.64,1.22,23.58,19.12,28.18,18.47,5.27,78.12,01 June 2020
2020,6,2,2.78,1.12,24.77,18.66,29.83,20.67,0,71.44,02 June 2020
2020,6,3,2.73,1.41,25.98,18.19,31.98,21.14,0,65.38,03 June 2020
2020,6,4,1.87,1.61,25.88,19.45,30.91,21.17,0,69.94,04 June 2020
2020,6,5,2.37,1.49,26.34,18.89,31.89,22.06,0,66.38,05 June 2020
2020,6,6,1.25,1.43,25.58,18.9,30.04,21.79,0,68.38,06 June 2020
2020,6,7,2.79,1.48,26.18,16.47,32.65,21.14,0,59.12,07 June 2020
2020,6,8,2.61,1.33,25.55,17.93,31.84,20.63,0,65.75,08 June 2020
2020,6,9,2.53,1.52,25.42,17.89,31.33,21.02,0,66.5,09 June 2020
2020,6,10,1.58,1.29,25.26,18.8,30.28,21.08,0,69.94,10 June 2020
2020,6,11,2.67,1.5,25.79,18.74,31.38,21.73,5.27,67.62,11 June 2020
2020,6,12,2.94,1.27,25.44,18.87,30.5,20.8,0,70.38,12 June 2020
2020,6,13,1.88,1.53,26.05,18.89,31.97,21.15,0,67.5,13 June 2020
2020,6,14,2.43,1.54,24.34,20.01,29.38,21.08,0,79.44,14 June 2020
2020,6,15,1.84,1.41,25.51,17.37,31.51,20.36,0,64.69,15 June 2020
2020,6,16,2.65,1.41,25.85,17.76,32,20.52,0,64.31,16 June 2020
2020,6,17,2.4,1.31,25.98,18.61,32.07,20.51,5.27,67,17 June 2020
2020,6,18,0.78,1.44,24.03,21.25,28.34,21.68,10.55,86.06,18 June 2020
2020,6,19,2.54,1.47,25.12,18.94,31.05,20.14,0,72.56,19 June 2020
2020,6,20,1.75,1.3,24.33,19.97,29.26,20.86,5.27,78.69,20 June 2020
2020,6,21,2.03,1.22,24.8,19.53,30.65,20.09,5.27,76.25,21 June 2020
2020,6,22,1.44,1.28,23.59,18.46,28.65,20.01,15.82,75.75,22 June 2020
2020,6,23,2.1,1.24,23.55,17.94,28.7,19.66,5.27,73.62,23 June 2020
2020,6,24,2.65,1.26,24.69,16.41,30.36,19.94,0,62.56,24 June 2020
2020,6,25,1.96,1.27,23.9,19.06,27.77,21.19,0,75.62,25 June 2020
2020,6,26,2,1.34,24.09,19.14,28.38,20.53,0,75.25,26 June 2020
2020,6,27,2.72,1.22,24.52,19.18,27.71,20.93,0,73.5,27 June 2020
2020,6,28,0.74,1.57,23.71,21.58,26.56,21.4,31.64,89.06,28 June 2020
2020,6,29,2.59,0.84,23.33,20.11,26.97,20.87,5.27,84.19,29 June 2020
2020,6,30,2.49,1.19,24.04,18.19,28.76,20.23,0,72.12,30 June 2020
2020,7,1,1.83,1.27,23.49,19.76,27.87,20.73,0,81,01 July 2020
2020,7,2,1.65,1.24,23.19,18.69,27.73,19.64,5.27,78.31,02 July 2020
2020,7,3,2.05,1.1,24.09,18.91,29.38,19.7,0,75.69,03 July 2020
2020,7,4,1.52,0.98,23.8,19.58,28.05,20.67,0,79.38,04 July 2020
2020,7,5,2.78,1.17,24.39,17.01,29.41,20.52,0,66.75,05 July 2020
2020,7,6,1.22,1.2,22.51,17.96,25.69,19.72,0,76.56,06 July 2020
2020,7,7,2.19,1.25,22.23,18.58,26.29,19.5,10.55,81.19,07 July 2020
2020,7,8,2.76,1.48,23.95,18.8,29.65,19.61,0,75.69,08 July 2020
2020,7,9,2.61,1.38,24.32,19.47,29.42,20.29,5.27,76.75,09 July 2020
2020,7,10,2.36,1.31,24.02,20.52,28.64,20.49,10.55,83.25,10 July 2020
2020,7,11,0.94,0.89,22.46,21.4,24.74,21,10.55,94.5,11 July 2020
2020,7,12,2.21,1.06,22.32,18.87,26.32,19.39,0,82.44,12 July 2020
2020,7,13,2.34,1.46,23.76,17.92,28.81,19.94,0,71.94,13 July 2020
2020,7,14,2.96,1.57,24.26,17.72,29.47,19.74,0,69.62,14 July 2020
2020,7,15,2.46,1.5,24.44,17.87,29.28,20.8,0,69.31,15 July 2020
2020,7,16,2.69,1.46,24.15,18.83,28.87,19.9,0,74.19,16 July 2020
2020,7,17,2.35,1.41,24.05,18.9,29.76,19.84,5.27,75.94,17 July 2020
2020,7,18,2.78,1.2,24.29,20.1,28.64,20.49,0,79.31,18 July 2020
2020,7,19,2.31,1.23,24.83,19.65,29.74,21.4,0,74.94,19 July 2020
2020,7,20,2.26,1.46,24.85,18.36,29.69,21.45,0,69.81,20 July 2020
2020,7,21,2.19,1.28,24.9,18.9,30.06,21.12,0,71.94,21 July 2020
2020,7,22,2.1,1.2,23.72,19.68,28.28,20.58,21.09,80.25,22 July 2020
2020,7,23,1.58,1.33,23.52,19.47,28.54,20.06,10.55,80.38,23 July 2020
2020,7,24,2.07,1.36,23.08,19.33,27.37,19.53,0,81.81,24 July 2020
2020,7,25,2.79,1.27,23.46,19.44,27.65,20.68,0,80,25 July 2020
2020,7,26,2.49,1.41,23.67,18.82,28.44,20.47,5.27,76.75,26 July 2020
2020,7,27,2.91,1.4,24.37,18.94,29.76,19.67,0,74.69,27 July 2020
2020,7,28,2.84,1.36,25.26,19.2,30.7,20.3,0,71.69,28 July 2020
2020,7,29,2.27,1.31,24.85,20.49,29.89,21.48,5.27,79.06,29 July 2020
2020,7,30,2.31,1.59,24.83,20.35,29.56,21.69,0,78.44,30 July 2020
2020,7,31,2.35,1.73,25.12,18.92,30.73,21.03,0,71.5,31 July 2020
2020,8,1,2.41,1.46,24.67,18.19,30.29,20.71,5.27,70.44,01 August 2020
2020,8,2,2.71,1.38,24.95,17.4,30.67,20.46,0,66.12,02 August 2020
2020,8,3,2.32,1.55,24.55,19.21,30.29,20.71,5.27,74.94,03 August 2020
2020,8,4,2.11,1.57,24.23,18.29,30.09,20.22,0,72.81,04 August 2020
2020,8,5,2.1,1.47,24.68,18.01,30.65,19.6,0,69.56,05 August 2020
2020,8,6,1.96,1.37,24.39,19.69,29.82,20.53,10.55,77.75,06 August 2020
2020,8,7,2.09,1.12,23.69,19.87,28.34,21.16,5.27,81.94,07 August 2020
2020,8,8,2.31,1.18,24.54,19.45,29.95,20.9,0,75.62,08 August 2020
2020,8,9,1.91,1.33,24.83,19.33,29.98,20.93,0,74.06,09 August 2020
2020,8,10,1.98,1.43,25.23,19.76,30.64,20.58,0,74.44,10 August 2020
2020,8,11,2.13,1.38,25.17,20.49,30.33,20.76,5.27,77.75,11 August 2020
2020,8,12,2.3,1.16,24.74,20.69,29.71,20.97,0,80.62,12 August 2020
2020,8,13,0.9,1.12,25.05,20.35,30.05,21.18,0,77.56,13 August 2020
2020,8,14,2.5,1.27,25.17,19.78,30.07,21.44,0,74.12,14 August 2020
2020,8,15,2.87,1.15,24.69,20.2,28.51,21.79,0,77.75,15 August 2020
2020,8,16,2.8,1.12,25.54,18.76,30.38,21.58,0,68,16 August 2020
2020,8,17,1.75,1.15,24.94,18.98,29.88,21.56,0,72.56,17 August 2020
2020,8,18,0.9,1.38,25.31,19.81,30.82,21.49,5.27,74.25,18 August 2020
2020,8,19,2.19,0.81,24.48,20.55,28.51,22.02,0,80.12,19 August 2020
2020,8,20,2.54,1.26,25.58,19.96,31.24,21.06,0,73.62,20 August 2020
2020,8,21,3.01,1.08,25.05,20.37,29.76,21.62,5.27,77.62,21 August 2020
2020,8,22,2.09,1.28,24.89,19.59,30.25,21.4,5.27,75.38,22 August 2020
2020,8,23,1.83,1.38,23.7,18.95,28.99,20.37,5.27,77.56,23 August 2020
2020,8,24,2.3,1.48,24.69,18.3,30.48,20.02,0,70.81,24 August 2020
2020,8,25,2.36,1.49,25.58,18.35,31.44,20.59,0,66.62,25 August 2020
2020,8,26,2.17,1.36,25.32,19.56,30.55,20.99,0,72.62,26 August 2020
2020,8,27,2.87,1.3,25.81,18.94,31.24,21.4,0,68.62,27 August 2020
2020,8,28,3.11,1.08,26.58,18.92,32.15,21.62,0,65.88,28 August 2020
2020,8,29,2.79,1.34,25.55,18.74,30.7,22.04,0,68.5,29 August 2020
2020,8,30,1.84,1.52,26.26,17.78,32.4,21.56,0,62.81,30 August 2020
2020,8,31,2.51,1.53,26.05,17.93,31.96,21.3,0,64.5,31 August 2020
2020,9,1,2.41,1.41,25.15,18.77,30.75,21.11,10.55,70.88,01 September 2020
2020,9,2,2.38,1.15,23.8,19.78,28.24,20.65,5.27,80.19,02 September 2020
2020,9,3,2.33,1.39,24.64,19.41,30.83,19.96,5.27,76.25,03 September 2020
2020,9,4,2.85,1.5,24.51,19.75,29.15,20.14,0,77.31,04 September 2020
2020,9,5,3.03,1.53,26.04,19.3,31.76,21.98,0,69.12,05 September 2020
2020,9,6,3.11,1.38,26.54,18.98,32.55,21.12,0,65.69,06 September 2020
2020,9,7,2.22,1.23,25.73,20.14,31.24,21.87,5.27,74.5,07 September 2020
2020,9,8,2.2,0.95,24.51,20.06,28.55,21.4,0,78.25,08 September 2020
2020,9,9,1.94,1.57,25.61,18.91,30.77,20.83,0,69.12,09 September 2020
2020,9,10,2.84,1.44,26.23,17.72,32.75,21.07,0,63,10 September 2020
2020,9,11,2.77,1.35,26.02,18.89,31.05,22.08,0,67,11 September 2020
2020,9,12,2.35,1.47,25.92,18.98,31.9,21.33,0,68.19,12 September 2020
2020,9,13,2.8,1.54,26.17,18.77,32.02,22.13,0,66.44,13 September 2020
2020,9,14,1.92,1.31,26.61,19.23,31.59,22.4,0,66.25,14 September 2020
2020,9,15,3.15,1.31,27.31,17.89,33.66,21.79,0,59.94,15 September 2020
2020,9,16,1.8,1.64,26.19,18.98,32.83,21.86,5.27,68.31,16 September 2020
2020,9,17,3.05,1.26,25.57,19.27,31.69,20.52,0,72.19,17 September 2020
2020,9,18,2.96,1.29,25.27,19.39,30.6,21.03,5.27,72.5,18 September 2020
2020,9,19,2.98,1.34,25.53,19.69,31.97,21.05,5.27,73.81,19 September 2020
2020,9,20,1.59,1.23,24.26,20.69,29.06,21.86,5.27,82.44,20 September 2020
2020,9,21,2.91,1.62,26.12,18.33,32.87,21.25,0,66.31,21 September 2020
2020,9,22,3.15,1.66,26.93,18.04,34.13,20.76,0,61.81,22 September 2020
2020,9,23,1.21,1.36,24.72,20.08,28.5,21.78,0,77.19,23 September 2020
2020,9,24,2.76,1.48,25.2,18.3,31.15,20.26,5.27,69.06,24 September 2020
2020,9,25,3.3,1.39,25.53,17.52,32.57,19.82,0,66.25,25 September 2020
2020,9,26,2.57,1.37,26.07,18.19,32.33,20.77,0,65.44,26 September 2020
2020,9,27,2.33,1.31,25.79,17.17,31.42,21.08,0,62.81,27 September 2020
2020,9,28,2.97,1.54,26.23,17.23,32.52,21.29,0,60.31,28 September 2020
2020,9,29,2.3,1.7,24.62,19.45,29.71,20.96,5.27,75.31,29 September 2020
2020,9,30,2.55,1.7,25.3,17.52,32,20.26,0,65.81,30 September 2020
2020,10,1,2.76,1.49,26.53,16.36,33.19,20.82,0,58.25,01 October 2020
2020,10,2,1.55,1.66,26.74,17.6,33.3,21.48,0,60.94,02 October 2020
2020,10,3,2.19,1.78,26.07,17.7,31.76,21.15,0,62.56,03 October 2020
2020,10,4,2.68,1.91,26.29,17.25,32.9,20.71,0,60.31,04 October 2020
2020,10,5,2.59,1.82,27.01,15.13,34.54,20.02,0,53.56,05 October 2020
2020,10,6,2.25,1.47,26.9,16.8,33.34,21.09,0,56.94,06 October 2020
2020,10,7,2.43,1.61,26.55,17.67,31.47,21.52,0,60.75,07 October 2020
2020,10,8,1.93,1.45,26.73,17.18,33.09,21.01,0,59.06,08 October 2020
2020,10,9,3.02,1.38,27.55,17.3,34.59,21.9,0,57.44,09 October 2020
2020,10,10,2.9,1.45,26.87,18.27,31.98,21.91,0,61.69,10 October 2020
2020,10,11,2.56,1.63,25.82,18.73,31.83,21.34,5.27,68.19,11 October 2020
2020,10,12,2.1,1.78,26.35,18.23,33.03,20.89,0,64.75,12 October 2020
2020,10,13,1.84,1.64,27.02,17.01,33.6,22.15,0,58.56,13 October 2020
2020,10,14,2.72,1.43,26.33,17.61,31.74,21.65,0,61.06,14 October 2020
2020,10,15,2.95,1.51,27.28,17.5,33.88,21.39,0,58.38,15 October 2020
2020,10,16,2.38,1.49,26.84,17.15,33.33,21.52,0,59,16 October 2020
2020,10,17,2.41,1.71,27.27,15.23,34.13,21.28,0,51.62,17 October 2020
2020,10,18,2.31,1.52,26.71,17.19,32.38,22.43,0,57.94,18 October 2020
2020,10,19,2.46,1.07,27.14,16.98,32.65,21.88,0,56.69,19 October 2020
2020,10,20,2,1.1,25.19,18.6,28.34,22.73,0,67.56,20 October 2020
2020,10,21,2.43,1.6,26.73,17.05,32.2,21.86,0,57.44,21 October 2020
2020,10,22,2.76,1.55,28.27,16.74,34.51,22.44,0,52.75,22 October 2020
2020,10,23,2.57,1.59,27.35,17.98,32.55,22.66,0,58.56,23 October 2020
2020,10,24,2.7,1.58,27.43,16.93,33.49,22.07,0,55.38,24 October 2020
2020,10,25,2.83,1.42,26.63,18.51,31.58,22.63,0,62.38,25 October 2020
2020,10,26,2.94,1.32,27.51,18.18,33.37,22.09,0,59,26 October 2020
2020,10,27,2.72,1.07,27.1,18.55,33.1,23.12,0,61.88,27 October 2020
2020,10,28,2.19,0.89,25.15,19.71,29.4,22.62,15.82,73.06,28 October 2020
2020,10,29,2.67,1.17,25.73,19.73,31.01,21.63,0,72.19,29 October 2020
2020,10,30,2.31,1.16,25.86,19.08,30.39,22.55,0,68,30 October 2020
2020,10,31,2.23,1.24,26.84,17.65,33.64,21.52,0,60.94,31 October 2020
2020,11,1,1.87,1.29,26.07,18.64,30.27,22.08,0,65.38,01 November 2020
2020,11,2,2.55,0.8,24.34,19.89,27.76,22.03,0,77.12,02 November 2020
2020,11,3,2.43,1.15,25.89,19,31.87,21.15,0,68.69,03 November 2020
2020,11,4,1.97,1.55,25.74,19.87,30.06,22.11,0,71.69,04 November 2020
2020,11,5,2.37,1.26,26.2,19.13,31.89,22.01,0,67.69,05 November 2020
2020,11,6,2.52,1.05,27.1,18.94,33.07,22.28,0,63.62,06 November 2020
2020,11,7,2.52,1.05,26.3,19.66,30.58,23.14,0,68.25,07 November 2020
2020,11,8,2.02,1.34,27.41,18.5,33.09,22.58,0,61.12,08 November 2020
2020,11,9,2.16,1.3,27.3,18.24,33.23,21.97,0,59.69,09 November 2020
2020,11,10,1.86,1.44,25.88,19.99,29.98,22.34,5.27,71.38,10 November 2020
2020,11,11,1.71,0.97,24.24,20.19,29.11,21.39,0,80.12,11 November 2020
2020,11,12,2.52,1.44,26.88,18.46,33.01,21.12,0,63.69,12 November 2020
2020,11,13,1.57,1.02,25.44,19.7,29.44,22.8,0,71.88,13 November 2020
2020,11,14,2.42,1.02,25.76,19.34,31.32,21.87,0,70.19,14 November 2020
2020,11,15,2.81,1.12,25.56,19.31,29.98,22.24,0,69.88,15 November 2020
2020,11,16,2.25,0.95,24.22,17.58,27.48,21.69,0,67.56,16 November 2020
2020,11,17,1.94,1.16,26.26,18.87,32.1,21.36,0,65.94,17 November 2020
2020,11,18,2.49,0.99,24.86,18.87,28.81,21.56,0,71,18 November 2020
2020,11,19,2.75,1.19,26.51,18.94,32.43,21.51,0,66.25,19 November 2020
2020,11,20,2.64,1.23,26.34,19.05,32.01,21.69,0,66.38,20 November 2020
2020,11,21,2.53,1.59,26.57,18.58,31.78,21.82,0,63.25,21 November 2020
2020,11,22,2.63,1.24,25.97,18.76,29.87,22.66,0,65.5,22 November 2020
2020,11,23,2.6,1.55,26.94,18.87,31.9,22.88,0,62.75,23 November 2020
2020,11,24,2.31,1.11,26.75,19.48,31.11,23.1,0,65.75,24 November 2020
2020,11,25,2.48,1.05,25.98,20.21,29.37,22.8,0,71.38,25 November 2020
2020,11,26,2.12,1.41,26.79,19.23,31.79,22.75,0,64.62,26 November 2020
2020,11,27,1.29,1.3,25.23,19.53,29.02,22.44,0,71.75,27 November 2020
2020,11,28,1.42,1.45,26.73,18.27,32.09,22.48,0,61.88,28 November 2020
2020,11,29,2.15,1.41,27.15,17.07,33.02,21.3,0,56.19,29 November 2020
2020,11,30,2.21,1.48,26.67,18.69,31.27,22.71,0,62.69,30 November 2020
2020,12,1,2.11,1.66,26.96,19.08,32.19,22.44,0,63.81,01 December 2020
2020,12,2,2.08,1.27,26.33,19.68,30.68,22.12,0,68.06,02 December 2020
2020,12,3,2.67,1.15,26.66,18.93,32.31,22.21,0,64.81,03 December 2020
2020,12,4,2.71,1.13,26.42,17.29,32.12,21.73,0,59.25,04 December 2020
2020,12,5,2.48,1.2,25.95,18.36,31.07,22.33,0,64,05 December 2020
2020,12,6,2.15,1.55,25.94,19.66,29.71,22.96,0,69.06,06 December 2020
2020,12,7,2.32,1.53,27.08,18.75,32.03,22.65,0,61.75,07 December 2020
2020,12,8,2.51,1.26,26.96,18.99,32.01,22.13,0,63.44,08 December 2020
2020,12,9,2.31,1.42,27.14,18.62,32.41,22.73,0,61.56,09 December 2020
2020,12,10,2.45,1.12,26.81,18.8,31.72,22.5,0,62.94,10 December 2020
2020,12,11,2.58,1.36,26.39,18.24,31.84,22.5,0,62.88,11 December 2020
2020,12,12,2.71,1.25,25.72,16.86,31.39,21.01,0,60.19,12 December 2020
2020,12,13,2.87,1.33,25.85,15.65,31.58,21.23,0,55.31,13 December 2020
2020,12,14,2.22,1.25,25.9,17.89,31.19,22.31,0,62.12,14 December 2020
2020,12,15,2.57,1.4,26.7,18.42,31.81,22.5,0,62.44,15 December 2020
2020,12,16,2.52,1.49,27.01,18.23,31.71,23.13,0,59.88,16 December 2020
2020,12,17,2.46,1.45,26.28,17.48,31.09,22.73,0,59.56,17 December 2020
2020,12,18,2.31,1.41,26.07,18.13,31.33,22.44,0,62.94,18 December 2020
2020,12,19,2.46,1.34,26.15,17.99,31.58,21.98,0,62.81,19 December 2020
2020,12,20,2.72,1.4,25.05,18.19,30.39,21.21,0,67.44,20 December 2020
2020,12,21,2.82,1.31,25.75,18.33,31.08,21.63,0,65.56,21 December 2020
2020,12,22,2.79,0.93,25.65,19.41,30.18,22.28,5.27,69.69,22 December 2020
2020,12,23,2.26,1.12,24.19,20.68,28.25,21.82,5.27,82.25,23 December 2020
2020,12,24,2.42,1.14,24.17,19.8,29.12,20.55,0,78.94,24 December 2020
2020,12,25,2.5,1.37,24.74,18.69,30.29,19.87,0,71.69,25 December 2020
2020,12,26,2.57,1.01,24.58,19.5,29.69,21.29,5.27,75.94,26 December 2020
2020,12,27,2.43,1.17,24.8,19.16,30.69,20.39,0,74.5,27 December 2020
2020,12,28,2.71,1.09,25.01,18.83,30.15,21.55,0,70.69,28 December 2020
2020,12,29,2.48,1.23,23.62,19.38,27.64,20.8,10.55,78.69,29 December 2020
2020,12,30,2.33,1.22,24.05,19.95,29.83,19.63,10.55,81,30 December 2020
2020,12,31,1.87,1.23,22.98,19.89,27.65,20.13,15.82,84.81,31 December 2020
2021,1,1,2.29,1.25,23.34,19.22,29.01,19.27,5.27,79.88,
2021,1,2,2.14,1.15,24.01,19.89,29.58,19.94,0,80.25,
2021,1,3,1.93,1.18,23.73,19.52,29.05,20.15,0,79.56,
2021,1,4,2.28,0.94,22.9,18.81,28.36,19.2,10.55,80.56,
2021,1,5,3.1,1.45,23.18,14.58,30.2,17.22,0,64.31,
2021,1,6,2.67,1.4,23.94,16.23,30.23,17.94,0,64.56,
2021,1,7,2.08,1.09,23.13,19.53,27.31,20.62,5.27,81.62,
2021,1,8,1.08,1.12,22.9,19.96,26.86,19.83,5.27,85.06,
2021,1,9,2.14,0.79,22.79,19.82,27.24,20.26,0,85.12,
2021,1,10,1.82,1.28,22.99,19.76,27.93,19.42,5.27,84.25,
2021,1,11,2.19,1.15,23.93,19.54,29.71,19.88,0,79.25,
2021,1,12,2.61,1.24,23.44,18.17,28.96,19.89,0,74.62,
2021,1,13,2.84,1.27,24.17,16.87,30.01,19.36,0,66.56,
2021,1,14,2.7,1.21,23.71,17.19,29.33,19.87,0,69.31,
2021,1,15,3.09,1.24,22.98,17.33,29.07,18.87,0,72.81,
2021,1,16,2.88,1.27,23.38,17.33,29.73,18.6,0,71.31,
2021,1,17,3.11,1.34,24.11,18.2,30.59,18.91,0,73.56,
2021,1,18,2.9,1.3,23.76,16.12,30.22,18.9,0,66.5,
2021,1,19,3.03,1.15,23.34,16,29.32,18.9,5.27,66.12,
2021,1,20,2.55,1.13,23.48,17.42,29.83,18.58,5.27,71.75,
2021,1,21,2.53,1.37,23.99,18.95,29.95,19.16,0,76.44,
2021,1,22,2.18,1.2,24.27,19.15,29.28,20.33,0,75.56,
2021,1,23,2.15,1.23,24.69,19.32,29.85,20.67,0,74,
2021,1,24,1.9,1.27,24.66,19.84,29.35,21.61,0,76.06,
2021,1,25,2.13,1.27,23.95,19.08,28.9,20.98,0,76.44,
2021,1,26,2.56,1.21,24.23,18.44,29.45,20.03,0,72.25,
2021,1,27,2.55,1.03,24.21,17.58,29.9,19.51,0,68.81,
2021,1,28,2.88,1.31,24.52,17.46,30.83,19.92,0,67.56,
2021,1,29,3.07,1.23,24.53,16.86,30.29,20.3,0,64.94,
2021,1,30,3.02,1.34,23.9,17.02,29.68,19.68,5.27,67.12,
2021,1,31,2.62,1.09,23.37,19.2,28.78,19.96,0,79.69,
2021,2,1,2.42,1.29,24.55,19.47,29.93,20.31,0,75.94,
2021,2,2,3.07,1.43,26.08,16.82,32.3,21.29,0,59.94,
2021,2,3,3,1.48,26,16.76,32.07,21.81,0,59.44,
2021,2,4,2.99,1.47,26.39,17.83,32.53,20.98,0,61.5,
2021,2,5,1.78,1.28,26.69,19.71,31.56,22.65,0,67.69,
2021,2,6,2.19,1.36,26.35,18.87,31.71,22.06,0,66.06,
2021,2,7,2.32,1.38,25.82,18.16,30.97,21.72,0,64.44,
2021,2,8,2.89,1.5,26.31,17.89,32.01,21.3,0,61.56,
2021,2,9,2.19,1.17,24.87,18.46,28.86,21.95,0,68.44,
2021,2,10,2.42,1.09,24.5,18.44,29.94,21.04,0,71.56,
2021,2,11,2.79,1.15,25.16,16.84,31.65,19.97,0,64.12,
2021,2,12,2.91,1.41,24.16,17.98,29.75,19.98,5.27,70.69,
2021,2,13,2.78,1.51,24.5,19.53,30.19,19.95,0,76.25,
2021,2,14,2.41,1.07,23.42,19.11,26.78,21.25,0,77.94,
2021,2,15,2.27,1.3,25.74,16.12,32.65,20.87,0,58.12,
2021,2,16,2.19,1.34,25.11,18.56,30.13,21.5,0,68.81,
2021,2,17,1.84,1.27,24.66,17.85,29.11,21.19,0,67.38,
2021,2,18,3.11,1.35,24.44,17,30.48,19.51,0,65.56,
2021,2,19,3.06,1.32,24.8,15.94,31.01,19.31,0,60.88,
2021,2,20,2.38,1.05,23.81,18.69,28.72,20.57,5.27,75.25,
2021,2,21,2.62,0.95,23.56,18.95,28.59,20.51,5.27,78,
2021,2,22,2.1,1.34,24.03,18.21,28.97,19.87,0,72.5,
2021,2,23,2.4,1.43,24.1,18.91,29.3,20.65,5.27,74.75,
2021,2,24,1.7,1.62,24.42,19.9,29.55,20.54,5.27,78.06,
2021,2,25,1.98,1.45,24.72,19.8,29.71,20.86,0,76.44,
2021,2,26,1.83,1.52,24.86,19.85,30.11,20.58,0,75.88,
2021,2,27,1.27,1.23,23.1,19.83,27.19,20.5,5.27,83.38,
2021,2,28,1.9,1,23.52,18.32,28.84,19.73,0,75.56,
2021,3,1,2.88,1.22,24.54,16.39,31.17,20,0,64.25,
2021,3,2,3.35,1.38,23.81,15.84,29.94,19.23,0,63.31,
2021,3,3,3.34,1.43,23.69,13.22,30.83,17.11,0,56.06,
2021,3,4,3,1.63,23.89,16.48,29.2,18.62,0,64.94,
2021,3,5,1.99,1.36,25.02,18.44,30.16,20.52,0,69.44,
2021,3,6,2.1,1.32,24.51,20.17,28.26,21.4,0,78.38,
2021,3,7,2.1,1.62,25.26,20.37,30.63,21.17,0,76.44,
2021,3,8,2.81,1.05,25.58,19.17,30.93,21.83,0,70.31,
2021,3,9,2.83,1.62,25.22,19.27,31.06,20.95,0,72.31,
2021,3,10,2.03,1.42,24.69,17.99,29.24,21.14,0,68.19,
2021,3,11,1.81,1.19,25.73,16.75,31.29,21.1,0,60.5,
2021,3,12,2.52,1.2,24.94,17.53,28.88,21.72,0,64.88,
2021,3,13,1.3,0.96,22.8,18.76,25.73,20.98,0,78.81,
2021,3,14,2.28,1.29,24,17.89,28.98,20.25,0,70.31,
2021,3,15,1.48,1.32,24.59,17.69,29.87,20.65,0,67.19,
2021,3,16,1.91,1.26,24.78,18.1,28.77,21.5,0,67.31,
2021,3,17,1.86,1.53,25.71,17.99,30.76,21.27,0,64.12,
2021,3,18,2.5,1.52,26.05,17.4,31.44,21.95,0,60.38,
2021,3,19,2.29,1.41,24.91,17.52,29.47,22.25,0,64.69,
2021,3,20,2.75,1.32,23.77,17.3,27.48,21.54,0,67.81,
2021,3,21,2.49,1.44,25.66,16.36,30.68,21.89,0,57.88,
2021,3,22,2.66,1.24,23.87,17.87,27.01,21.48,0,69.88,
2021,3,23,2.3,1.35,25.55,17.46,31.04,21.4,0,63.06,
2021,3,24,1.18,1.56,25.64,18.87,31.15,21.62,0,68.31,
2021,3,25,1.65,1.43,24.17,19.38,28.22,21.51,0,76.06,
2021,3,26,1.54,1.34,23.69,18.57,27.8,21.27,0,74.38,
2021,3,27,1.86,1.02,22.73,18.64,26.52,20.59,0,79.12,
2021,3,28,1.86,1.36,24.07,18.88,29.05,19.83,0,74.75,
2021,3,29,1.85,1.49,23.83,19.51,27.14,21.32,0,78.19,
2021,3,30,1.61,1.52,24.41,19.22,30.58,20.62,0,75.94,
2021,3,31,2.36,1.67,25.31,18.98,31.14,20.83,0,71.19,
2021,4,1,2.23,1.81,26,18.23,31.33,21.69,0,64.75,
2021,4,2,2.23,1.15,21.95,20.24,24.55,20.21,15.82,90.56,
2021,4,3,2.87,1.21,22.54,20.54,25.82,19.73,10.55,89,
2021,4,4,2.38,1.35,22.73,20.65,25.52,20.19,10.55,88.31,
2021,4,5,1.4,1.28,22.65,21.41,25.06,20.47,21.09,93.06,
2021,4,6,2.27,1.34,22.51,21.28,25.41,20.55,15.82,93.06,
2021,4,7,2.12,1.09,22.79,20.59,26.08,20.21,5.27,87.81,
2021,4,8,2.31,1.33,23.21,21.6,26.52,20.37,21.09,91.25,
2021,4,9,2.08,1.34,22.61,21.48,24.73,20.81,31.64,93.56,
2021,4,10,2.16,1.4,22.99,20.94,26.89,19.69,15.82,88.94,
2021,4,11,2.25,0.97,21.76,20.37,24.29,19.88,21.09,92.19,
2021,4,12,2.66,1.34,22.62,21.13,25.88,19.97,10.55,91.81,
2021,4,13,2.93,1.36,23.5,20.95,28.06,20.14,5.27,86.69,
2021,4,14,2.21,1.06,22.87,21.15,25.74,21.21,31.64,90.31,
2021,4,15,2.88,1.32,23.3,21.05,27.05,19.71,5.27,87.88,
2021,4,16,2.99,1.3,23.42,21.3,26.23,21.04,21.09,88.25,
2021,4,17,1.92,1.09,23,20.46,26.51,20.3,15.82,86.69,
2021,4,18,2.62,1.39,23.01,20.81,26.93,19.94,5.27,88,
2021,4,19,2.89,1.24,22.57,19.76,26.83,18.97,5.27,84.75,
2021,4,20,3.19,1.2,21.41,19.17,24.58,18.72,5.27,87.31,
2021,4,21,3,1.38,22.46,19.79,26.37,18.73,5.27,85.38,
2021,4,22,3.13,1.45,23.08,20.44,26.97,19.25,5.27,86,
2021,4,23,2.77,1.23,23.24,21.03,27.26,19.94,5.27,88.12,
2021,4,24,2.68,1.34,23.37,20.98,27.15,19.92,5.27,87,
2021,4,25,2.69,1.18,23.32,21.05,26.6,20.88,5.27,87.56,
2021,4,26,2.76,1.33,23.13,20.55,26.77,20.32,10.55,85.94,
2021,4,27,1.6,1.17,22.23,20.2,25.49,19.21,5.27,88.94,
2021,4,28,2.4,1.45,22.78,21.39,25.88,20.01,42.19,92.31,
2021,4,29,0.81,1.25,21.59,21.06,23.41,19.57,105.47,96.94,
2021,4,30,1.33,1.11,20.79,19.59,23.76,18.82,68.55,93.25,
2021,5,1,2.29,0.94,21.94,20.25,25.01,19.15,21.09,90.62,
2021,5,2,-999,1.19,22.41,21.23,25.07,20.16,36.91,93.38,
2021,5,3,-999,1.43,21.94,21.05,23.87,20.08,21.09,94.94,
2021,5,4,-999,0.83,21.48,20.27,23.25,20.12,105.47,93,
2021,5,5,-999,1.05,21.43,20.32,23.69,20.05,26.37,93.56,
2021,5,6,-999,0.95,21.76,20.17,24.24,19.9,26.37,90.94,
2021,5,7,-999,1.11,22.25,20.75,25.73,19.69,36.91,91.81,
2021,5,8,-999,1.25,22.39,21.29,24.87,20.28,21.09,93.81,
2021,5,9,-999,1.52,22.83,21.3,26.01,20.5,15.82,91.56,
2021,5,10,-999,1.5,22.57,21.51,25.07,21.05,42.19,94.12,
2021,5,11,-999,1.4,22.16,21.48,24.6,20.58,52.73,96.06,
2021,5,12,-999,1.03,22.58,21.18,25.33,19.57,21.09,92.19,
2021,5,13,-999,0.98,23.44,22.02,26.22,21.58,15.82,92.12,
2021,5,14,-999,1.53,23.49,21.99,26.44,21.41,21.09,91.75,
2021,5,15,-999,1.23,23.57,22.19,26.39,20.7,21.09,92.38,
2021,5,16,-999,1.62,23.13,22.58,24.35,21.52,68.55,96.88,
2021,5,17,-999,1.27,22.65,21.71,24.61,21.3,36.91,94.69,
2021,5,18,-999,1.29,23.58,21.58,27.58,20.32,10.55,89.31,
2021,5,19,-999,1.52,23.55,22.3,26.17,21.01,15.82,93.12,
2021,5,20,-999,1.28,23.4,22.4,25.71,21.8,21.09,94.38,
2021,5,21,-999,0.98,23.3,21.54,26.42,20.24,10.55,90.31,
2021,5,22,-999,0.93,23.04,21.94,25.44,20.93,15.82,93.75,
2021,5,23,-999,0.61,22.67,20.97,25.73,20.59,26.37,90.62,
2021,5,24,-999,1.35,23.15,21.71,25.94,20.41,21.09,91.81,
2021,5,25,-999,1.39,22.06,20.75,24.21,18.44,26.37,92.44,
2021,5,26,-999,1.49,22.51,19.83,26.94,17.9,5.27,85.62,
2021,5,27,-999,0.95,22.58,21.15,25.42,20.51,10.55,92,
2021,5,28,-999,1.11,22.65,20.82,26.08,19.38,10.55,89.88,
2021,5,29,-999,1.28,22.76,22.03,24.76,21.23,58.01,95.81,
2021,5,30,-999,1.21,22.32,21.7,23.41,20.94,36.91,96.44,
2021,5,31,-999,1.28,22.76,21.8,25.37,20.42,15.82,94.56,
2021,6,1,-999,1.27,23.14,21.12,26.05,21.21,10.55,88.81,
2021,6,2,-999,1.05,22.94,21.84,25.78,20.8,26.37,93.94,
2021,6,3,-999,1.38,22.63,21.72,24.9,20.9,31.64,94.81,
2021,6,4,-999,0.97,22.63,21.38,25.51,20.59,15.82,92.94,
2021,6,5,-999,1.3,23.34,21.61,25.76,20.83,15.82,90.25,
2021,6,6,-999,1.63,22.12,21.86,23.26,21.03,110.74,98.44,
2021,6,7,-999,0.98,22.2,21.29,24.53,20.13,26.37,94.81,
2021,6,8,-999,1.05,21.52,20.55,23.62,19.66,26.37,94.38,
2021,6,9,-999,0.97,21.55,20.12,24.72,19.58,15.82,92.06,
2021,6,10,-999,0.97,21.31,19.05,24.48,18.99,0,87.19,
2021,6,11,-999,0.92,21.2,19.46,24.98,17.68,10.55,90.12,
2021,6,12,-999,1.51,22.33,21.57,24.76,20.5,26.37,95.62,
2021,6,13,-999,1.09,22.99,21.69,25.96,20.65,15.82,92.69,
2021,6,14,-999,0.98,22.43,20.96,25.02,19.09,10.55,91.62,
2021,6,15,-999,1.35,20.97,18.73,25.54,17.26,5.27,87.25,
2021,6,16,-999,1.23,22.29,20.31,26.48,19.65,5.27,89.25,
2021,6,17,-999,1.31,21.12,19.92,24.15,18.3,15.82,93.06,
2021,6,18,-999,1.26,22.46,20.62,25.51,19.51,5.27,89.75,
2021,6,19,-999,0.92,22.43,20.96,25.26,19.56,15.82,91.69,
2021,6,20,-999,1.04,21.95,19.64,24.59,18.98,10.55,87,
2021,6,21,-999,1.3,21.96,19.6,26.64,17.41,58.01,87.19,
2021,6,22,-999,0.73,21.67,20.89,22.94,20.4,47.46,95.44,
2021,6,23,-999,1.03,22.19,20.65,25.94,19.37,10.55,91.69,
2021,6,24,-999,1.07,22.21,21.43,24.45,20.47,15.82,95.5,
2021,6,25,-999,1.09,22.51,21.06,25.07,20.37,10.55,91.81,
2021,6,26,-999,1.32,22.61,21.62,25.33,20.97,15.82,94.44,
2021,6,27,-999,0.82,21.57,20.98,23.11,19.75,42.19,96.56,
2021,6,28,-999,0.72,22.16,21,24.94,19.8,10.55,93.44,
2021,6,29,-999,1.45,22.44,21.89,23.91,20.4,47.46,96.81,
2021,6,30,-999,1.46,21.92,20.58,24.49,19.65,5.27,92.44,
2021,7,1,-999,1.25,22.23,20.42,25.82,19.44,5.27,90,
2021,7,2,-999,1.14,22.14,20.46,25.88,18.76,5.27,90.75,
2021,7,3,-999,1.48,22.3,20.08,25.9,19.46,0,87.94,
2021,7,4,-999,1.27,21.63,19.44,24.87,19,5.27,87.81,
2021,7,5,-999,1.17,21.87,19.86,25.19,19.51,5.27,88.81,
2021,7,6,-999,1.27,22.26,20.69,25.7,19.32,5.27,91.38,
2021,7,7,-999,0.98,22.58,20.59,25.99,19.46,5.27,89.38,
2021,7,8,-999,1.15,22.87,21.51,26.02,19.96,26.37,92.5,
2021,7,9,-999,1.05,22.12,21.63,23.74,20.67,42.19,97.12,
2021,7,10,-999,1.44,21.48,20.71,23.48,19.99,36.91,95.56,
2021,7,11,-999,0.77,21.01,19.46,24.34,18.47,26.37,91.19,
2021,7,12,-999,1.18,22.23,20.33,25.86,19.25,36.91,89.44,
2021,7,13,-999,0.97,21.51,20.12,24.31,19.57,52.73,92.12,
2021,7,14,-999,1.16,21.69,19.2,25.83,17.92,26.37,86.25,
2021,7,15,-999,1,21.89,19.83,25.72,18.44,0,88.94,
2021,7,16,-999,0.95,22.32,20.41,25.19,19.77,5.27,89.25,
2021,7,17,-999,0.95,21.94,21.23,23.81,20.59,21.09,95.88,
2021,7,18,-999,1.27,22.07,21.15,24.41,20.24,21.09,94.81,
2021,7,19,-999,1.3,22.05,20.05,25.62,19.29,0,89.12,
2021,7,20,-999,1.19,22.34,20.43,25.75,18.94,10.55,89.38,
2021,7,21,-999,1.17,21.99,21.51,23.42,20.37,31.64,97.19,
2021,7,22,-999,1.23,22.34,22.01,24.02,20.87,73.83,98.06,
2021,7,23,-999,1.05,22.81,21.16,26.33,19.8,15.82,91,
2021,7,24,-999,1.07,22.88,21.59,25.94,20.25,10.55,92.81,
2021,7,25,-999,1.16,23.08,21.52,26.01,20.93,15.82,91.31,
2021,7,26,-999,0.78,22.4,21.72,23.99,20.88,26.37,96,
2021,7,27,-999,0.86,22,21.19,24.45,19.55,105.47,95.25,
2021,7,28,-999,1.38,21.73,19.09,24.32,18.9,0,85.25,
2021,7,29,-999,1.34,22.39,20.47,25.94,19.19,5.27,89.5,
2021,7,30,-999,1.28,22.5,20.87,25.31,19.8,5.27,90.88,
2021,7,31,-999,1.06,22.17,21.02,24.74,20.15,5.27,93.44,
2021,8,1,-999,1.29,22.62,21.15,25.7,19.73,15.82,91.88,
2021,8,2,-999,1.82,22.26,20.83,25.95,19.9,15.82,91.94,
2021,8,3,-999,1.45,21.95,19.75,25.8,18.87,0,87.94,
2021,8,4,-999,1.16,21.64,20.02,24.66,19.48,5.27,91.06,
2021,8,5,-999,1.27,22.34,20.36,26.09,19.37,5.27,89.06,
2021,8,6,-999,1.19,22.65,20.65,26.55,19.22,5.27,89.19,
2021,8,7,-999,1.02,23,20.77,26.77,19.9,5.27,88.12,
2021,8,8,-999,0.83,22.65,20.52,26.15,20.47,5.27,88.62,
2021,8,9,-999,1.04,23.26,21.02,26.76,20.42,5.27,87.81,
2021,8,10,-999,1.23,22.29,21.04,24.72,20.32,5.27,92.88,
2021,8,11,-999,0.92,22.55,20.44,24.87,20.65,5.27,88.06,
2021,8,12,-999,1.16,22.85,19.86,27.1,20,0,84.06,
2021,8,13,-999,0.96,22.88,20.63,26.15,20.58,5.27,87.62,
2021,8,14,-999,1.05,22.26,20.67,24.51,20.11,5.27,90.94,
2021,8,15,-999,1.3,22.64,21.05,25.73,19.86,10.55,91.31,
2021,8,16,-999,1.19,22.59,21.32,25.65,20.16,5.27,93,
2021,8,17,-999,1.03,23.16,21.59,26.38,20.41,10.55,91.31,
2021,8,18,-999,0.8,22.76,21.73,24.98,21.15,15.82,94.12,
2021,8,19,-999,0.92,22.44,21.49,24.33,20.44,15.82,94.5,
2021,8,20,-999,1.01,22.79,21.25,25.77,20.4,5.27,91.38,
2021,8,21,-999,-999,-999,-999,-999,-999,-999,-999,
2021,8,22,-999,-999,-999,-999,-999,-999,-999,-999,
2021,8,23,-999,-999,-999,-999,-999,-999,-999,-999,
