YEAR,MO,DY,SAR,WS10M,T,T2MDEW,T2M_MAX,T2M_MIN,rain,RH,date
2018,1,1,1.37,2.23,19.33,17.47,22.08,17.61,21.09,89.81,01 January 2018
2018,1,2,1.97,2.25,19.62,17.3,23.19,16.79,5.27,87.44,02 January 2018
2018,1,3,2.23,2.02,20.51,18.01,25.12,18.04,10.55,87.06,03 January 2018
2018,1,4,2.14,2.4,20.23,18.44,24.33,18.05,15.82,90.38,04 January 2018
2018,1,5,2.15,2.57,19.98,18.18,23.18,18.16,0,90.25,05 January 2018
2018,1,6,2.04,2.07,20.37,17.92,24.94,17.21,5.27,87.56,06 January 2018
2018,1,7,2.21,2.41,20.09,17.79,23.87,17.79,5.27,88.06,07 January 2018
2018,1,8,2.37,2.56,20.6,17.09,26.38,16.19,5.27,82.81,08 January 2018
2018,1,9,1.66,2.23,19.94,17.76,24.49,17.83,15.82,88.75,09 January 2018
2018,1,10,2.46,2.3,20.44,17.9,25.38,17.48,0,87.06,10 January 2018
2018,1,11,2.3,2.66,20.05,18.4,23,18.16,0,91,11 January 2018
2018,1,12,1.72,2.72,19.12,17.6,21.59,17.1,5.27,91.44,12 January 2018
2018,1,13,1.79,2.67,19.08,17.19,22.67,16.6,5.27,89.69,13 January 2018
2018,1,14,1.8,3.31,18.93,17.86,21.27,17.09,10.55,93.88,14 January 2018
2018,1,15,1.89,2.23,19.2,16.98,23.41,16.16,15.82,88.06,15 January 2018
2018,1,16,1.84,2.53,20.21,17.65,25.54,17.94,5.27,86.88,16 January 2018
2018,1,17,1.63,2.7,19.16,17.39,22.08,17.06,5.27,90.19,17 January 2018
2018,1,18,1.71,2.23,19.27,16.47,24.34,15.9,0,85.31,18 January 2018
2018,1,19,2.05,1.98,19.92,17.3,24.86,17.18,0,86.31,19 January 2018
2018,1,20,1.78,1.78,20.63,17.13,25.76,16.78,0,82.44,20 January 2018
2018,1,21,1.93,1.91,20.87,17.19,26.45,16.8,0,82,21 January 2018
2018,1,22,1.88,1.94,20.7,17.21,26.16,16.83,0,82.69,22 January 2018
2018,1,23,1.67,1.94,20.82,17.08,25.62,16.19,0,81.88,23 January 2018
2018,1,24,2.53,1.48,21.08,17.51,25.49,18.12,0,82.75,24 January 2018
2018,1,25,2.01,2.08,21.38,17.63,26.8,16.44,0,81.88,25 January 2018
2018,1,26,1.92,1.98,21.94,18.57,27.03,18.23,0,83.38,26 January 2018
2018,1,27,1.95,1.91,22.15,18.66,27.48,18.24,0,82.81,27 January 2018
2018,1,28,1.73,2.27,21.42,19.07,25.65,18.98,5.27,87.69,28 January 2018
2018,1,29,2.27,2.31,21.73,18.54,26.76,18.1,0,83.88,29 January 2018
2018,1,30,1.36,2.55,21.68,18.69,27.14,18.4,0,85,30 January 2018
2018,1,31,2.46,2.38,22.09,18.99,27.12,18.31,0,84.31,31 January 2018
2018,2,1,2.16,3.37,21.83,19.38,26.4,19.28,0,87.25,01 February 2018
2018,2,2,1.82,3.56,21.01,19.18,25.1,19.01,5.27,90.06,02 February 2018
2018,2,3,1.85,3.02,20.92,18.89,25.4,18.37,5.27,89.25,03 February 2018
2018,2,4,1.85,2.81,21.48,18.73,26.65,18.22,0,85.81,04 February 2018
2018,2,5,1.77,3.43,21.22,18.78,25.95,18.66,0,87.25,05 February 2018
2018,2,6,1.82,2.8,21.08,18.19,25.95,17.78,0,85.31,06 February 2018
2018,2,7,1.73,2.94,21.3,18.71,26.45,18.4,0,86.62,07 February 2018
2018,2,8,1.97,3.16,21.19,18.62,26.48,17.96,0,86.75,08 February 2018
2018,2,9,2,2.69,20.83,18.23,25.99,18.05,0,86.5,09 February 2018
2018,2,10,1.89,2.79,20.49,17.75,25.61,18.03,0,85.75,10 February 2018
2018,2,11,1.67,2.62,20.5,17.24,26.06,17.55,0,83.25,11 February 2018
2018,2,12,2.26,2.09,20.35,17.07,25.63,17.05,0,83.12,12 February 2018
2018,2,13,2.01,2.59,20.83,17.81,25.59,16.91,0,84.56,13 February 2018
2018,2,14,1.82,2.73,20.49,18.68,23.47,18.96,10.55,89.94,14 February 2018
2018,2,15,1.92,1.81,21.5,18.16,27.2,17.97,5.27,83.25,15 February 2018
2018,2,16,1.9,1.73,21.27,18.15,26.83,18.35,0,84.25,16 February 2018
2018,2,17,1.55,2.58,20.72,18.23,24.71,18.16,10.55,87,17 February 2018
2018,2,18,2.03,2.59,20.6,18.3,25.22,17.83,15.82,87.88,18 February 2018
2018,2,19,1.82,2.56,19.83,18.24,23.15,18.12,36.91,91.25,19 February 2018
2018,2,20,2.3,2.57,19.94,18.05,24.08,17.36,26.37,89.75,20 February 2018
2018,2,21,2.08,2.47,20.34,17.97,24.76,17.62,10.55,87.38,21 February 2018
2018,2,22,2.14,2.41,20.3,17.48,24.95,17.23,5.27,85.44,22 February 2018
2018,2,23,2.23,2.09,20.42,16.98,25.28,17,5.27,83,23 February 2018
2018,2,24,2.2,1.76,20.19,15.98,24.67,16.77,5.27,79.5,24 February 2018
2018,2,25,2.44,2.05,20.33,15.51,25.84,16.82,0,76.94,25 February 2018
2018,2,26,2.64,2.37,20.77,16.15,26.67,16.29,0,77.56,26 February 2018
2018,2,27,2.62,2.28,21.08,17.96,26.49,17.62,0,84.44,27 February 2018
2018,2,28,2.62,2.54,21.55,18.22,27.6,17.87,0,83.75,28 February 2018
2018,3,1,2.43,2.91,20.91,18.05,25.63,17.71,0,85.31,01 March 2018
2018,3,2,1.51,2.08,20.34,17.59,24.45,17.8,0,85.5,02 March 2018
2018,3,3,1.89,2.31,20.86,18.08,24.93,18.02,0,85.56,03 March 2018
2018,3,4,1.96,2.67,20.64,18.04,24.8,17.93,0,86.25,04 March 2018
2018,3,5,1.72,2.92,20.59,18.12,25.24,17.93,0,86.94,05 March 2018
2018,3,6,1.8,2.23,20.58,17.46,25.94,17.3,0,83.94,06 March 2018
2018,3,7,1.86,1.9,21.68,17.79,27.79,17.3,0,81,07 March 2018
2018,3,8,1.96,1.76,21.9,18.12,28.06,17.77,0,81.81,08 March 2018
2018,3,9,2.27,2.05,21.69,18.01,26.98,18.07,0,81.88,09 March 2018
2018,3,10,2.45,1.57,22.19,18.21,28.12,17.55,0,80.88,10 March 2018
2018,3,11,2.6,1.78,22.23,18.42,27.63,18.41,0,81.31,11 March 2018
2018,3,12,2.31,2.48,21.65,18.28,26.69,18.63,0,83,12 March 2018
2018,3,13,2.45,2.04,21.09,17.42,26.28,17.58,0,81.62,13 March 2018
2018,3,14,2.34,2.19,21.37,17.28,27.33,17.23,0,79.94,14 March 2018
2018,3,15,1.94,2.29,20.47,17.96,24.21,17.73,0,86.62,15 March 2018
2018,3,16,2.24,2.15,20.72,18.4,24.19,18.44,0,87.5,16 March 2018
2018,3,17,2.26,2.38,21.1,18.31,26.05,18.21,0,85.88,17 March 2018
2018,3,18,2.15,2.06,20.14,17.53,24.07,17.76,0,86.06,18 March 2018
2018,3,19,1.66,2.18,20.26,17.73,24.55,17.32,0,86.56,19 March 2018
2018,3,20,1.8,1.94,21.15,17.61,26.37,17.53,0,82,20 March 2018
2018,3,21,1.96,1.73,22.01,17.84,27.61,17.98,0,79.44,21 March 2018
2018,3,22,1.56,2.25,21.11,18.94,24.14,19.03,5.27,88.38,22 March 2018
2018,3,23,1.94,2.45,20.47,18.84,22.74,19.01,5.27,91.12,23 March 2018
2018,3,24,1.99,2.47,21.55,18.06,27.38,17.98,5.27,82.94,24 March 2018
2018,3,25,2.3,1.29,21.69,18.44,26.25,18.7,0,83.75,25 March 2018
2018,3,26,2.02,1.92,21.77,17.78,27.62,17.05,0,80.81,26 March 2018
2018,3,27,2.05,2.12,21.4,18.64,24.94,18.49,0,85.56,27 March 2018
2018,3,28,1.61,2.09,21.64,18.98,25.94,18.69,0,86.38,28 March 2018
2018,3,29,1.05,1.76,20.73,18.85,24.04,19.06,5.27,89.88,29 March 2018
2018,3,30,2.04,2.16,21.11,18.15,25.59,17.83,10.55,84.88,30 March 2018
2018,3,31,1.97,2.08,19.6,18.23,21.73,18.24,15.82,92.25,31 March 2018
2018,4,1,2.14,2.69,20.26,18.3,24.5,17.9,10.55,89.69,01 April 2018
2018,4,2,1.6,2.26,20.15,17.56,24.98,17.58,15.82,86.69,02 April 2018
2018,4,3,2.13,1.95,20.42,17.73,24.92,17.55,10.55,85.94,03 April 2018
2018,4,4,1.32,1.68,20.19,17.74,23.79,18.07,10.55,86.94,04 April 2018
2018,4,5,2.06,2.73,19.76,17.41,24.52,17.29,10.55,87.81,05 April 2018
2018,4,6,2.19,2.02,20.37,15.73,26.01,16.27,10.55,77.56,06 April 2018
2018,4,7,2.61,2.01,20.91,16.87,26.75,17.15,0,80.31,07 April 2018
2018,4,8,2.65,1.97,20.73,16.86,26.34,17.68,0,81.81,08 April 2018
2018,4,9,2.01,2.09,20.03,18.32,23.62,18.2,5.27,90.81,09 April 2018
2018,4,10,1.7,2.54,18.9,16.96,22.03,17.15,10.55,89.19,10 April 2018
2018,4,11,1.89,2.37,20.1,16.87,25.62,16.63,5.27,83.62,11 April 2018
2018,4,12,2.09,1.89,20.46,16.02,25.58,16.42,0,78.69,12 April 2018
2018,4,13,2.15,2.05,20.36,17.4,24.79,17.23,15.82,84.5,13 April 2018
2018,4,14,2.33,1.72,21.27,16.98,27.19,17.51,5.27,80,14 April 2018
2018,4,15,2.1,1.72,21.22,18.05,26.62,18.02,0,84.19,15 April 2018
2018,4,16,2.06,2.27,20.62,18.07,25.26,17.41,5.27,86.88,16 April 2018
2018,4,17,1.99,2.15,21.07,18.57,25.24,18.24,0,86.88,17 April 2018
2018,4,18,2.1,1.55,21.97,18.87,26.9,18.65,0,84.56,18 April 2018
2018,4,19,1.95,1.05,22.27,18.75,27.06,18.99,0,82.94,19 April 2018
2018,4,20,1.52,1.4,22.43,18.22,28.26,18.3,0,80.31,20 April 2018
2018,4,21,1.99,2.16,22.31,18.58,27.8,19.11,0,82,21 April 2018
2018,4,22,1.78,1.79,21.59,18.46,26.58,18.96,0,84,22 April 2018
2018,4,23,2.06,1.61,21.88,18.24,27.82,17.95,0,82.44,23 April 2018
2018,4,24,2.26,1.88,21.73,18.56,26.73,18.33,0,84.19,24 April 2018
2018,4,25,1.81,1.89,21.55,17.84,26.4,18.53,0,81.25,25 April 2018
2018,4,26,1.73,1.95,21.19,18.18,26.79,18.29,5.27,84.62,26 April 2018
2018,4,27,2.02,1.91,21.32,18.11,27.3,17.5,5.27,83.94,27 April 2018
2018,4,28,1.79,1.99,20.57,18.69,23.9,18.69,10.55,89.88,28 April 2018
2018,4,29,1.13,1.28,20.51,18.15,24.01,18.15,5.27,87.38,29 April 2018
2018,4,30,2.22,1.63,21.19,18.08,26.33,17.51,0,84.31,30 April 2018
2018,5,1,2.12,2.05,21.05,18.24,26.3,17.94,0,85.88,01 May 2018
2018,5,2,2.31,1.88,22,18.48,27.08,18.12,0,82.5,02 May 2018
2018,5,3,1.87,1.95,21.88,18.69,26.61,18.91,0,84,03 May 2018
2018,5,4,2.15,1.74,20.86,18.5,23.6,18.55,10.55,87.31,04 May 2018
2018,5,5,2.01,1.84,21.25,18.48,25.62,18.44,5.27,85.62,05 May 2018
2018,5,6,1.68,1.98,20.96,18.37,25.43,18.65,10.55,86.62,06 May 2018
2018,5,7,1.83,1.8,20.4,18.37,23.42,18.36,26.37,89,07 May 2018
2018,5,8,1.85,2.07,19.97,18.1,22.76,18.13,5.27,89.81,08 May 2018
2018,5,9,2.12,1.99,20.18,16.94,25.55,16.59,5.27,83.56,09 May 2018
2018,5,10,2.1,2.16,20.7,18.14,24.88,18.06,5.27,86.56,10 May 2018
2018,5,11,2.31,2.1,20.9,18.38,25.25,18.12,5.27,86.75,11 May 2018
2018,5,12,2.03,2.09,21.3,18.51,26.12,18.26,5.27,85.75,12 May 2018
2018,5,13,1.27,2.1,19.73,18.51,21.39,18.41,10.55,93.38,13 May 2018
2018,5,14,2.08,2.37,20.2,18.26,23.76,18.3,10.55,89.44,14 May 2018
2018,5,15,2.21,1.75,20.87,17.96,25.69,17.79,5.27,85,15 May 2018
2018,5,16,2.13,1.64,21.05,18.44,25.04,18.05,5.27,86.5,16 May 2018
2018,5,17,2.15,1.82,21.15,18.4,25.65,17.7,5.27,86.06,17 May 2018
2018,5,18,1.65,2.03,20.48,18.87,22.88,18.9,5.27,91.19,18 May 2018
2018,5,19,2.31,2.02,20.95,18.51,25.53,18.5,5.27,87.19,19 May 2018
2018,5,20,2.03,1.89,20.74,18.51,24.02,18.63,10.55,88.12,20 May 2018
2018,5,21,1.46,1.58,20.27,18.12,24.25,18.12,5.27,88.56,21 May 2018
2018,5,22,2.19,1.86,20.89,17.82,26.29,17.18,0,84.44,22 May 2018
2018,5,23,1.71,1.83,20.6,18.4,24,18.52,10.55,88.25,23 May 2018
2018,5,24,2,1.55,21.43,18.14,27.36,17.31,0,83.75,24 May 2018
2018,5,25,1.94,1.7,21.13,18.75,24.58,18.77,5.27,87.69,25 May 2018
2018,5,26,1.98,1.62,20.85,18.07,25.26,17.26,5.27,85.94,26 May 2018
2018,5,27,1.94,1.92,20.83,18.35,24.96,18.34,10.55,87,27 May 2018
2018,5,28,1.87,1.91,20.63,18.44,24.34,18.04,5.27,88.38,28 May 2018
2018,5,29,2,1.89,21.38,18.4,26.23,17.57,5.27,85.12,29 May 2018
2018,5,30,1.96,1.92,21.1,19.05,24.11,19.19,0,89,30 May 2018
2018,5,31,2.29,1.66,21.68,18.14,26.5,17.83,0,82.19,31 May 2018
2018,6,1,1.64,1.57,21.87,18.58,27.05,18.64,0,83.75,01 June 2018
2018,6,2,2.16,1.26,21.89,18.31,27.33,18.12,0,82.75,02 June 2018
2018,6,3,2.03,1.13,21.92,17.74,27.03,17.72,0,80.19,03 June 2018
2018,6,4,1.49,1.55,21.18,18.05,26.11,18.21,5.27,84.56,04 June 2018
2018,6,5,1.89,1.32,21.51,17.44,28.04,17.15,0,80.62,05 June 2018
2018,6,6,1.73,1.77,21.27,17.86,26.31,17.27,0,83.19,06 June 2018
2018,6,7,2.11,1.86,21.96,18.48,27.06,18.44,0,82.62,07 June 2018
2018,6,8,1.79,1.59,22.23,18.68,27.55,18.4,0,82.62,08 June 2018
2018,6,9,1.67,1.67,21.81,18.77,25.15,19.2,0,84.38,09 June 2018
2018,6,10,1.89,1.62,22.12,18.4,28.68,18.58,5.27,82,10 June 2018
2018,6,11,2.01,1.63,21.17,18.18,25.62,17.98,0,84.88,11 June 2018
2018,6,12,2.34,1.77,21.51,17.83,26.93,18.16,0,82.31,12 June 2018
2018,6,13,1.96,1.37,21.62,17.77,27.06,17.69,0,81.81,13 June 2018
2018,6,14,1.65,1.28,21.2,17.8,25.46,17.66,0,83.25,14 June 2018
2018,6,15,1.94,1.69,21.27,17.26,26.42,17.86,0,80.81,15 June 2018
2018,6,16,1.98,1.59,21.62,17.3,27.75,17.05,0,79.75,16 June 2018
2018,6,17,1.82,1.24,21.4,17.7,26.15,17.35,0,82.12,17 June 2018
2018,6,18,1.86,1.31,21.78,17.4,27.85,18.05,0,79.38,18 June 2018
2018,6,19,1.92,1.19,21.16,16.87,27.12,17.15,0,79.75,19 June 2018
2018,6,20,2.04,1.38,20.72,17.04,25.27,17.12,0,82.19,20 June 2018
2018,6,21,1.99,1.6,20.64,17.12,24.78,17.4,0,82.75,21 June 2018
2018,6,22,2.1,1.43,21.16,17.53,26.41,17.3,0,82.5,22 June 2018
2018,6,23,1.74,1.52,20.42,17.29,23.7,18.09,0,84,23 June 2018
2018,6,24,2.05,1.7,20.61,17.62,24.34,17.77,0,84.62,24 June 2018
2018,6,25,1.78,1.79,20.51,17.69,24.16,18.09,0,85.56,25 June 2018
2018,6,26,1.82,1.49,20.69,17.04,25.44,17.31,0,82.12,26 June 2018
2018,6,27,1.8,1.82,20.6,17.3,25.36,17.27,5.27,83.88,27 June 2018
2018,6,28,1.81,2.05,20.26,17.42,24.3,17.54,0,85.44,28 June 2018
2018,6,29,1.9,2.15,20.55,17.12,25.39,17.01,0,82.88,29 June 2018
2018,6,30,1.5,1.53,20.12,17.18,24.12,17.47,0,84.94,30 June 2018
2018,7,1,2.16,1.8,20.4,16.42,26.69,15.57,0,80.88,01 July 2018
2018,7,2,2.2,2.07,20.66,17.63,25.05,17.83,0,84.62,02 July 2018
2018,7,3,2.13,1.55,21.23,17.38,26.87,17.27,0,81.25,03 July 2018
2018,7,4,2.15,1.42,21.58,17.4,26.95,17.76,0,79.94,04 July 2018
2018,7,5,1.65,1.52,21.32,17.24,26.26,17.77,0,80.5,05 July 2018
2018,7,6,1.75,1.62,21.13,17.66,25.44,17.98,0,82.81,06 July 2018
2018,7,7,2.05,1.53,21.4,17.99,25.89,18.05,0,83.5,07 July 2018
2018,7,8,2.2,1.35,22.4,17.32,28.8,17.51,0,77.12,08 July 2018
2018,7,9,1.76,1.52,21.97,17.48,28.04,17.69,0,79.25,09 July 2018
2018,7,10,1.96,1.28,21.83,17.17,27.26,17.11,5.27,78.25,10 July 2018
2018,7,11,2.17,1.66,21.67,17.19,27.78,17.2,0,79.06,11 July 2018
2018,7,12,2.18,1.55,22,17.35,27.63,17.68,0,78.44,12 July 2018
2018,7,13,1.74,1.39,21.61,18.07,25.48,18.65,0,82.44,13 July 2018
2018,7,14,1.91,1.39,21.84,18.23,26.32,18.76,0,82.31,14 July 2018
2018,7,15,1.79,1.34,21.8,18.03,26.02,19.1,0,81.62,15 July 2018
2018,7,16,2.05,1.89,21.8,17.37,27.13,17.38,0,79.06,16 July 2018
2018,7,17,1.73,1.5,21.85,17.64,27.32,18.08,5.27,80.06,17 July 2018
2018,7,18,2.06,1.88,22.07,17.28,28.7,17.44,0,78,18 July 2018
2018,7,19,1.73,1.92,22.06,17.29,28.57,17.89,0,78.06,19 July 2018
2018,7,20,1.87,1.87,21.64,17.73,27.08,17.87,0,81.31,20 July 2018
2018,7,21,1.64,1.88,21.94,17.83,28.75,17.78,5.27,80.69,21 July 2018
2018,7,22,1.53,1.49,21.23,17.55,26.78,17.92,5.27,82.12,22 July 2018
2018,7,23,1.71,2.18,21.29,17.33,26.63,16.62,0,80.88,23 July 2018
2018,7,24,1.12,1.51,21.4,17.76,26.44,17.86,5.27,82.12,24 July 2018
2018,7,25,2.29,1.52,22.18,17.03,29.12,17.4,0,76.88,25 July 2018
2018,7,26,2,1.31,21.66,17.61,26.37,18.12,5.27,80.56,26 July 2018
2018,7,27,1.94,1.31,21.19,16.83,27.51,17.12,5.27,79.62,27 July 2018
2018,7,28,2.12,1.94,20.72,17.33,25.24,16.94,0,83.25,28 July 2018
2018,7,29,1.57,1.9,20.32,18.01,23.03,18.34,5.27,87.81,29 July 2018
2018,7,30,1.6,1.77,20.3,17.77,24.38,17.88,21.09,86.62,30 July 2018
2018,7,31,2.04,1.46,21.26,17.68,26.39,18.01,10.55,82.44,31 July 2018
2018,8,1,2.05,1.34,21.37,17.2,27.26,17.8,15.82,80.31,01 August 2018
2018,8,2,2.31,1.61,21.44,16.83,27.38,16.76,5.27,78.69,02 August 2018
2018,8,3,1.93,2.3,20.94,18.05,25.41,17.24,5.27,85.44,03 August 2018
2018,8,4,2.31,1.41,20.83,17.73,25.77,17.8,31.64,84.44,04 August 2018
2018,8,5,2.07,1.6,21.29,16.88,28.06,16.26,5.27,79.31,05 August 2018
2018,8,6,2.33,1.44,21.94,16.4,28.9,16.51,0,75.19,06 August 2018
2018,8,7,2.32,1.55,22.05,17.5,28.43,17.03,0,78.88,07 August 2018
2018,8,8,2.35,1.09,21.72,18.5,25.96,19.08,0,83.94,08 August 2018
2018,8,9,1.92,0.9,22.54,17.01,29.18,18.44,0,75.06,09 August 2018
2018,8,10,2.31,2.55,22.37,14.15,29.55,17.33,0,64.81,10 August 2018
2018,8,11,2.8,1.42,22.36,15.3,29.69,17.08,0,70,11 August 2018
2018,8,12,2,1.12,22.03,16.42,28.3,17.85,0,75.12,12 August 2018
2018,8,13,1.99,2.2,21.24,16.78,26.68,17.18,0,78.69,13 August 2018
2018,8,14,1.7,1.83,20.69,17.2,26.05,17.54,0,82.75,14 August 2018
2018,8,15,2.08,1.61,21.4,16.86,27.65,17.07,0,78.75,15 August 2018
2018,8,16,2.71,1.53,22.12,17.26,28.05,18,0,77.69,16 August 2018
2018,8,17,2.05,1.56,21.82,17.29,27.15,18.14,0,78.94,17 August 2018
2018,8,18,1.9,1.62,21.69,17.07,27.57,17.51,0,78.94,18 August 2018
2018,8,19,2.05,1.77,22.09,16.4,28.08,17.72,0,75.06,19 August 2018
2018,8,20,2.43,1.26,21.89,17.37,27.71,17.73,5.27,79.19,20 August 2018
2018,8,21,2.38,1.04,21.67,16.8,28.07,17.1,5.27,77.5,21 August 2018
2018,8,22,2.27,0.99,22.48,15.64,29.26,18.1,0,70.25,22 August 2018
2018,8,23,2.18,2.28,21.33,16.57,26.88,16.9,0,77.56,23 August 2018
2018,8,24,2.19,1.97,22.05,17.58,27.78,18.22,0,79.06,24 August 2018
2018,8,25,2.05,1.78,21.66,17.87,25.6,18.37,0,81.56,25 August 2018
2018,8,26,1.91,1.21,22.12,15.68,29.14,17.83,0,71.12,26 August 2018
2018,8,27,2.12,2.04,21.62,15.26,28.69,16.83,0,71.12,27 August 2018
2018,8,28,2.04,1.66,21.4,16.47,27.08,16.48,0,77.25,28 August 2018
2018,8,29,1.78,1.91,21.26,17.18,25.95,17.4,0,80.38,29 August 2018
2018,8,30,2.03,1.84,21.26,17.51,25.57,18.13,0,81.38,30 August 2018
2018,8,31,2.23,2.01,21.94,17,28.11,17.61,0,77.12,31 August 2018
2018,9,1,2.1,2.39,21.45,18.11,26.3,18.44,0,83.06,01 September 2018
2018,9,2,2.18,2.04,21.51,17.96,26.57,18.03,0,82.44,02 September 2018
2018,9,3,2.05,1.23,22.1,16.66,28.17,18.19,5.27,75.81,03 September 2018
2018,9,4,2.14,1.38,21.48,16.69,27.58,17.62,0,77.62,04 September 2018
2018,9,5,1.84,1.94,21.4,15.73,28.22,17.3,0,74.62,05 September 2018
2018,9,6,2.06,1.93,21.72,16.19,28.74,16.96,0,75.44,06 September 2018
2018,9,7,1.71,1.86,21.16,17.63,25.51,18.44,0,82.44,07 September 2018
2018,9,8,2.22,1.45,21.83,16.74,28.33,17.08,0,77,08 September 2018
2018,9,9,1.91,1.72,22.05,17.08,28.02,17.79,0,77.31,09 September 2018
2018,9,10,2.37,1.97,22.23,17.26,27.95,18.09,0,77.19,10 September 2018
2018,9,11,1.88,1.94,21.56,17.67,27.08,18.17,0,81.31,11 September 2018
2018,9,12,2.22,2.36,21.23,17.94,25.87,18.95,0,83.56,12 September 2018
2018,9,13,1.5,3.38,20.33,18.24,24.34,18.18,15.82,88.94,13 September 2018
2018,9,14,1.92,2.96,19.77,17.73,23.73,17.64,5.27,88.94,14 September 2018
2018,9,15,1.48,2.44,19.6,17.51,23.54,17.38,15.82,88.81,15 September 2018
2018,9,16,1.95,1.55,20.65,17.09,25.73,17.04,5.27,82.12,16 September 2018
2018,9,17,2.68,2.12,21.73,17.48,27.73,17.26,0,79.94,17 September 2018
2018,9,18,2.36,1.63,22.44,16.59,29.39,17.23,0,74.69,18 September 2018
2018,9,19,2.36,1.61,22.55,17.36,28.58,17.77,0,76.5,19 September 2018
2018,9,20,2.66,1.7,22.83,17.8,28.61,18.5,0,76.94,20 September 2018
2018,9,21,2.42,1.75,22.47,17.84,28.46,18.98,0,78.5,21 September 2018
2018,9,22,2.22,1.59,22.28,17.62,27.58,18.69,0,78.19,22 September 2018
2018,9,23,2.06,1.73,21.84,17.2,27.91,17.76,0,78.44,23 September 2018
2018,9,24,2.46,1.54,22.29,17.68,27.16,18.42,0,78.5,24 September 2018
2018,9,25,1.7,1.66,22.15,16.8,27.64,18.05,0,76.06,25 September 2018
2018,9,26,1.99,1.8,21.43,17.28,25.95,17.8,0,80.38,26 September 2018
2018,9,27,1.96,1.88,20.87,18.1,24.03,18.86,5.27,85.56,27 September 2018
2018,9,28,2.35,1.92,21.21,18.12,25.8,18.01,0,84.5,28 September 2018
2018,9,29,2.61,2.22,21.35,18.22,24.92,18.76,5.27,84,29 September 2018
2018,9,30,2.43,2.24,21.83,18.58,27.24,18.79,0,83.88,30 September 2018
2018,10,1,2.56,2.41,22.06,18.26,28.15,18.82,0,81.88,01 October 2018
2018,10,2,2.32,2.31,22.3,17.83,28.9,18.9,0,79,02 October 2018
2018,10,3,2.03,2.28,21.97,17.44,29.27,17.65,10.55,79.12,03 October 2018
2018,10,4,2.46,2.52,20.48,17.39,25.94,17.55,10.55,84.19,04 October 2018
2018,10,5,2.36,2.62,20.5,17.21,26.03,17.4,5.27,83.19,05 October 2018
2018,10,6,2.35,2.27,20.23,17.11,25.6,17.63,0,83.94,06 October 2018
2018,10,7,2.08,2.31,20.34,17.29,25.68,17.15,10.55,84.38,07 October 2018
2018,10,8,1.75,2.35,20.36,17.56,25.38,17.27,5.27,85.56,08 October 2018
2018,10,9,1.93,3.3,19.24,17.76,21.68,17.31,5.27,91.75,09 October 2018
2018,10,10,2.18,1.91,19.48,15.09,24.88,16.07,5.27,79.12,10 October 2018
2018,10,11,2.27,2.34,19.85,15.8,25.75,15.74,0,80.62,11 October 2018
2018,10,12,2.19,2.96,20.05,17.11,25.48,16.77,5.27,85.38,12 October 2018
2018,10,13,2.68,2.05,19.66,15.8,25.23,16,0,82.06,13 October 2018
2018,10,14,2.71,2.59,20.76,17.32,27.29,16.65,5.27,83.31,14 October 2018
2018,10,15,2.25,2.42,20.66,17.23,27.05,17.26,0,83,15 October 2018
2018,10,16,1.91,2.76,20.51,17.39,26.23,17.12,0,84.25,16 October 2018
2018,10,17,2.06,2.92,20.54,17.55,25.89,17.39,0,84.69,17 October 2018
2018,10,18,2.12,3.05,20.04,17.23,25.3,17.34,0,85.38,18 October 2018
2018,10,19,2.16,1.87,20.29,17.66,24.84,17.65,0,86.44,19 October 2018
2018,10,20,1.69,2.43,20.19,18.23,24.15,18.01,10.55,89.56,20 October 2018
2018,10,21,1.59,2.98,20.64,18.17,25.89,17.87,5.27,87.25,21 October 2018
2018,10,22,2.12,2.8,20.74,17.91,25.61,17.56,0,85.69,22 October 2018
2018,10,23,2.08,3.46,21.01,18.4,25.87,18.3,0,86.69,23 October 2018
2018,10,24,1.76,3.48,20.69,18.43,25.24,18.47,0,88.19,24 October 2018
2018,10,25,1.92,2.38,21.37,18.15,27.93,17.82,0,84.19,25 October 2018
2018,10,26,1.94,2.36,20.72,18.19,24.76,17.98,5.27,86.62,26 October 2018
2018,10,27,1.92,1.73,21.87,16.76,28.82,17.64,0,76.81,27 October 2018
2018,10,28,2.2,2.41,21.45,17.34,28.26,17.12,0,80.62,28 October 2018
2018,10,29,1.84,1.98,20.84,18.47,24.91,18.19,0,87.5,29 October 2018
2018,10,30,2.09,2.1,21.81,18,26.97,18.58,0,81.62,30 October 2018
2018,10,31,2.28,1.92,21.22,18.33,25.62,17.95,0,85.25,31 October 2018
2018,11,1,1.67,1.55,20.8,17.8,24.26,18.49,5.27,84.88,01 November 2018
2018,11,2,1.91,1.42,20.25,17.52,23.65,18.33,26.37,86,02 November 2018
2018,11,3,1.96,2.54,20.48,17.95,25.43,17.58,10.55,87.12,03 November 2018
2018,11,4,1.83,1.92,19.7,17.46,22.65,17.45,10.55,88,04 November 2018
2018,11,5,2.06,2.73,19.92,17.96,23.3,18.3,15.82,89.56,05 November 2018
2018,11,6,2.49,2.12,20.8,17.78,25.95,17.66,0,84.69,06 November 2018
2018,11,7,2.19,2.09,21.41,18.58,26.45,18.77,0,85.62,07 November 2018
2018,11,8,1.9,2.31,20.83,18.46,24.62,18.8,5.27,87.31,08 November 2018
2018,11,9,1.46,2.6,20.58,18.56,24.58,17.94,5.27,89.25,09 November 2018
2018,11,10,1.97,2.98,20.67,18.95,23.97,19.01,5.27,90.56,10 November 2018
2018,11,11,1.71,2.46,21.26,19.15,25.9,18.74,5.27,88.88,11 November 2018
2018,11,12,1.55,2.05,21.17,18.76,24.6,18.72,5.27,87.44,12 November 2018
2018,11,13,1.64,2.42,21.1,18.87,26.34,18.48,5.27,88.38,13 November 2018
2018,11,14,1.65,2.34,20.4,18.39,24.02,18.12,15.82,89.06,14 November 2018
2018,11,15,2.24,2.09,21.47,18.25,27.45,18.11,5.27,83.88,15 November 2018
2018,11,16,2.02,2.48,20.76,19.14,23.49,19.32,10.55,91.06,16 November 2018
2018,11,17,1.72,2.24,21.6,19.11,26.33,18.89,5.27,87.12,17 November 2018
2018,11,18,1.98,1.53,20.87,19.06,23.55,19.26,10.55,90.25,18 November 2018
2018,11,19,2.02,1.99,21.19,19.15,25.25,18.96,15.82,89.19,19 November 2018
2018,11,20,2,2.08,21.31,18.98,25.96,18.62,5.27,87.81,20 November 2018
2018,11,21,1.48,2.09,20.73,18.54,24.24,18.83,5.27,88.25,21 November 2018
2018,11,22,2.16,2.72,20.94,18.7,25.75,18.26,0,88.38,22 November 2018
2018,11,23,1.79,2.97,21.65,18.62,27.51,18.28,0,85.25,23 November 2018
2018,11,24,1.92,3.33,21.01,19.12,24.74,19.14,0,89.88,24 November 2018
2018,11,25,2.15,2.4,21.07,18.98,25.04,18.82,5.27,88.75,25 November 2018
2018,11,26,1.3,2.55,20.23,18.64,22.9,18.54,15.82,91.12,26 November 2018
2018,11,27,1.69,2.44,20.37,18.08,24.61,18.07,5.27,88.06,27 November 2018
2018,11,28,2.02,2.27,20.95,18.1,26.26,17.43,0,85.56,28 November 2018
2018,11,29,1.76,3.25,20.11,18.86,22.58,18.78,5.27,93,29 November 2018
2018,11,30,1.58,3.26,20.12,18.65,22.74,18.33,10.55,92.06,30 November 2018
2018,12,1,2.03,2.59,20.26,18.01,24.71,17.8,0,88.19,01 December 2018
2018,12,2,1.85,2.93,20.53,17.62,26.07,17.62,0,85.62,02 December 2018
2018,12,3,2.18,3.18,20.75,17.94,25.8,17.83,0,85.94,03 December 2018
2018,12,4,1.83,1.59,20.45,16.8,25.53,17.73,0,82.38,04 December 2018
2018,12,5,1.83,2.04,19.51,17.51,23.19,17.01,5.27,89.19,05 December 2018
2018,12,6,2.23,2.34,20.55,15.91,26.95,15,0,78.25,06 December 2018
2018,12,7,1.73,1.87,21.08,17.26,26.35,17.7,0,81.5,07 December 2018
2018,12,8,2.02,1.8,21.17,17.38,26.68,17.32,0,81.88,08 December 2018
2018,12,9,2.33,1.91,21.93,17.7,28,17.83,0,79.94,09 December 2018
2018,12,10,2.06,1.93,21.76,17.8,27.72,17.4,0,81.44,10 December 2018
2018,12,11,1.87,1.38,22.21,18.25,27.91,18.19,0,81.25,11 December 2018
2018,12,12,1.95,1.69,21.79,18.33,26.62,18.69,0,83.12,12 December 2018
2018,12,13,1.65,1.92,20.47,17.59,23.93,18.44,5.27,84.88,13 December 2018
2018,12,14,1.62,1.68,20.88,17.69,26.34,17.73,0,84.06,14 December 2018
2018,12,15,2.22,1.94,21.16,17.12,26.57,17.02,0,80.56,15 December 2018
2018,12,16,2.42,1.85,21.84,16.57,28.4,16.16,0,75.56,16 December 2018
2018,12,17,2.3,2.28,21.62,18.3,26.8,18.29,0,83.75,17 December 2018
2018,12,18,2.11,1.93,21,18.14,24.36,18.91,0,85.44,18 December 2018
2018,12,19,2.01,1.93,21.38,17.91,26.49,17.65,0,83,19 December 2018
2018,12,20,1.83,2.02,20.52,17.19,25.42,17.75,0,83.5,20 December 2018
2018,12,21,1.9,2.24,20.57,17.51,25.05,17.22,0,84.19,21 December 2018
2018,12,22,1.74,1.77,21.73,17.53,27.68,18.04,0,80.31,22 December 2018
2018,12,23,2.28,1.91,21.96,16.78,29,16.51,0,76.75,23 December 2018
2018,12,24,1.84,1.62,22.07,17.32,28.15,17.68,0,78.19,24 December 2018
2018,12,25,2.06,1.84,22.42,15.72,29.28,17.09,0,71.62,25 December 2018
2018,12,26,2.18,1.72,22.15,17.01,28.56,17.37,0,77.12,26 December 2018
2018,12,27,2,1.52,22.54,17.59,28.93,17.7,0,77.44,27 December 2018
2018,12,28,2.34,1.69,22.77,17.62,29.92,18.15,0,76.75,28 December 2018
2018,12,29,2.38,1.83,22.4,17.9,28.3,18.12,0,79.19,29 December 2018
2018,12,30,2.26,1.8,22.4,17.33,28.82,17.44,0,76.94,30 December 2018
2018,12,31,2.54,1.23,22.58,16.53,30.23,17.44,0,73.62,31 December 2018
2019,1,1,2.65,1.31,22.99,16.46,30.69,17.6,0,71.31,01 January 2019
2019,1,2,2.72,1.73,23.27,16.05,31.44,16.92,0,69.5,02 January 2019
2019,1,3,2.31,1.66,22.81,17.84,28.31,18.57,0,77.25,03 January 2019
2019,1,4,2.65,1.64,23.21,17.98,29.77,18.91,0,76.38,04 January 2019
2019,1,5,2.16,1.79,22.8,18.13,28.82,18.89,0,78.31,05 January 2019
2019,1,6,1.69,2.15,21.35,18.76,24.59,19.46,5.27,86.81,06 January 2019
2019,1,7,1.14,2.77,19.78,18.62,21.52,17.48,26.37,93.44,07 January 2019
2019,1,8,2.06,3.69,19.83,17.34,24.61,16.82,5.27,86.94,08 January 2019
2019,1,9,1.7,1.91,20.4,16.62,25.94,17.14,5.27,81.75,09 January 2019
2019,1,10,1.91,2.21,20.65,16.33,26.59,16.42,0,79.44,10 January 2019
2019,1,11,2.27,2.46,21.11,16.7,27.33,16.83,0,79.25,11 January 2019
2019,1,12,2.06,2.42,20.61,17.84,24.6,18.48,0,85.62,12 January 2019
2019,1,13,1.65,2.55,19.91,17.58,23.49,18.05,5.27,87.5,13 January 2019
2019,1,14,1.73,1.85,20.51,17,25.9,17.06,5.27,82.44,14 January 2019
2019,1,15,2.17,1.72,21.62,17.41,27.42,17.39,0,80.25,15 January 2019
2019,1,16,1.67,1.89,21.43,17.72,26.8,17.42,0,82.19,16 January 2019
2019,1,17,2.17,1.83,21.94,17.52,27.95,17.66,0,79.44,17 January 2019
2019,1,18,1.54,1.98,22.04,18.19,26.87,18.68,0,81.12,18 January 2019
2019,1,19,1.86,2.32,21.88,18.44,26.45,18.74,0,82.69,19 January 2019
2019,1,20,1.57,2.44,21.35,18.39,25.25,18.79,0,84.62,20 January 2019
2019,1,21,1.96,2.07,21.75,18.53,26.56,19.15,0,83.69,21 January 2019
2019,1,22,2.28,1.59,22.87,18.01,29.6,18.37,0,77.62,22 January 2019
2019,1,23,2.29,1.7,22.87,18.2,28.48,18.52,0,78.06,23 January 2019
2019,1,24,2.26,1.97,22.69,18.15,28.74,18.95,0,78.44,24 January 2019
2019,1,25,2.14,2.02,22.38,17.87,28.7,18.25,0,78.69,25 January 2019
2019,1,26,2.29,1.7,23.18,17.76,29.53,18.44,0,75.31,26 January 2019
2019,1,27,2.11,2.55,22.26,18.87,27.23,19.3,0,83.06,27 January 2019
2019,1,28,0.93,3.17,20.54,18.99,23.02,18.86,5.27,91.31,28 January 2019
2019,1,29,1.99,2.3,20.91,17.74,26.05,17.65,5.27,83.75,29 January 2019
2019,1,30,1.65,2.45,20.82,18.81,23.51,19.05,5.27,89.12,30 January 2019
2019,1,31,1.77,2.8,20.81,18.23,25.37,18.21,5.27,86.5,31 January 2019
2019,2,1,1.29,1.7,20.65,17.55,25.27,17.7,0,83.88,01 February 2019
2019,2,2,2.09,2.12,21.03,17.9,25.06,18.37,0,83.88,02 February 2019
2019,2,3,2.15,2.15,21.61,17.36,27.48,17.03,0,79.75,03 February 2019
2019,2,4,1.51,2.29,22.08,18.32,27.42,18.39,0,81.69,04 February 2019
2019,2,5,1.71,2.16,21.82,18.59,25.33,19.07,0,83.56,05 February 2019
2019,2,6,1.79,2.12,21.24,18.8,25.19,19.12,5.27,87.06,06 February 2019
2019,2,7,1.69,2.7,21.14,18.51,25.77,18.26,10.55,86.38,07 February 2019
2019,2,8,1.66,1.86,20.8,18.45,24.57,18.51,5.27,87.5,08 February 2019
2019,2,9,1.57,1.91,20.87,18.44,23.89,18.92,0,86.88,09 February 2019
2019,2,10,1.8,2.16,21.08,17.87,25.64,17.87,0,83.44,10 February 2019
2019,2,11,1.92,2.08,21.65,18.05,27.08,18.01,0,82.06,11 February 2019
2019,2,12,1.7,2.13,21.92,18.39,26.52,18.64,0,82.25,12 February 2019
2019,2,13,2.14,2.16,22.03,18.08,27.35,18.45,0,80.62,13 February 2019
2019,2,14,2.32,2.1,21.12,18.64,23.9,18.93,0,86.69,14 February 2019
2019,2,15,2.2,2.2,22.43,18.12,28.44,18.69,0,79.12,15 February 2019
2019,2,16,2.13,2.47,22.3,18.38,28.44,18.64,0,80.81,16 February 2019
2019,2,17,1.93,2.56,21.12,18.09,25.51,18.69,0,84.19,17 February 2019
2019,2,18,2.03,2.45,21.33,17.9,27,17.68,0,82.75,18 February 2019
2019,2,19,1.29,2.78,20.59,18.54,23.96,18.97,5.27,88.75,19 February 2019
2019,2,20,1.98,2.16,21.49,18.25,27.34,18.34,5.27,83.81,20 February 2019
2019,2,21,2.13,1.95,22.21,17.96,28.01,18.94,0,79.56,21 February 2019
2019,2,22,2.33,1.82,22.34,17.59,29.16,18.41,0,77.81,22 February 2019
2019,2,23,1.99,2.3,21.32,18.3,25.94,18.71,5.27,84.5,23 February 2019
2019,2,24,1.93,2.12,20.4,18.04,24.69,18.15,10.55,87.56,24 February 2019
2019,2,25,2.29,2.11,21.44,17.82,27.87,17.99,5.27,82.19,25 February 2019
2019,2,26,1.89,1.82,21.11,18.03,25.44,18.37,10.55,84.19,26 February 2019
2019,2,27,2.07,1.94,21.8,18.4,26.69,18.65,5.27,83,27 February 2019
2019,2,28,2.38,1.98,22.24,18.64,27.67,19.25,5.27,82.25,28 February 2019
2019,3,1,1.93,2.24,20.95,18,24.63,18.94,5.27,84.38,01 March 2019
2019,3,2,2.17,1.5,21.28,17.44,26.37,18.08,0,81.06,02 March 2019
2019,3,3,1.97,1.62,21.01,18.43,25.12,18.9,0,86.38,03 March 2019
2019,3,4,1.87,1.66,20.94,18.43,24.01,19.04,0,86.69,04 March 2019
2019,3,5,2,1.85,20.94,18.38,24.66,18.86,0,86.56,05 March 2019
2019,3,6,1.91,1.47,21.05,18.39,24.88,18.55,0,86.12,06 March 2019
2019,3,7,1.93,1.89,21.17,18.58,25.23,18.78,0,86.69,07 March 2019
2019,3,8,2.02,1.69,22.59,17.75,28.83,18.12,0,77.38,08 March 2019
2019,3,9,2.05,1.55,23.05,18.51,28.69,19.26,0,78.25,09 March 2019
2019,3,10,1.48,1.83,21.29,19.11,24.53,19.12,0,88.25,10 March 2019
2019,3,11,2.1,1.91,22.5,17.34,28.55,17.47,0,76.06,11 March 2019
2019,3,12,1.33,1.99,22.29,18.94,25.72,19.77,0,82.81,12 March 2019
2019,3,13,2.08,1.97,21.49,18.73,24.82,19.25,0,85.44,13 March 2019
2019,3,14,1.43,2.58,21.44,18.2,26.09,18.82,0,83.38,14 March 2019
2019,3,15,2.13,2.09,21.53,18.22,26.6,18.18,0,83.12,15 March 2019
2019,3,16,2.26,1.85,22.45,18.25,28.06,19.36,0,79.44,16 March 2019
2019,3,17,1.79,1.73,22.22,18.67,26.85,18.97,0,82.25,17 March 2019
2019,3,18,1.76,2.31,21.88,18.55,26.58,19.18,5.27,83.25,18 March 2019
2019,3,19,0.97,2.52,20.83,18.39,24.82,18.55,10.55,87,19 March 2019
2019,3,20,2.33,1.95,22.58,17.75,29.15,18.37,0,77.19,20 March 2019
2019,3,21,1.78,2.54,21.19,18.62,24.82,19.1,5.27,86.31,21 March 2019
2019,3,22,1.39,1.67,20.28,16.56,25.33,17.1,5.27,81.12,22 March 2019
2019,3,23,1.91,1.53,21.48,17.7,26.37,18.55,5.27,80.5,23 March 2019
2019,3,24,1.34,1.36,21.26,18.08,25.3,18.8,0,83.38,24 March 2019
2019,3,25,1.95,2.19,21.7,18.2,27.69,18.16,0,82.44,25 March 2019
2019,3,26,1.88,1.83,21.86,17.74,27.4,18.28,0,79.88,26 March 2019
2019,3,27,2.01,1.92,22.76,17.98,29,18.55,0,77.69,27 March 2019
2019,3,28,1.58,2.1,21.46,18.83,25.69,19.55,10.55,86.31,28 March 2019
2019,3,29,1.29,2.1,20.23,18.6,22.19,18.98,31.64,90.81,29 March 2019
2019,3,30,1.98,1.6,22.49,18.35,28.29,19.1,5.27,79.38,30 March 2019
2019,3,31,1.64,2.2,21.68,18.61,26.62,18.65,5.27,84.31,31 March 2019
2019,4,1,1.35,2.94,20.69,18.91,23.83,18.7,26.37,90.25,01 April 2019
2019,4,2,1.99,2.38,20.81,18.68,24.24,18.54,5.27,88.5,02 April 2019
2019,4,3,1.61,2.58,20.8,18.65,24.55,18.32,5.27,88.5,03 April 2019
2019,4,4,2,2.54,20.95,18.26,25.73,17.79,31.64,86.12,04 April 2019
2019,4,5,2.02,2.27,21.55,18.42,26.44,17.93,10.55,84.25,05 April 2019
2019,4,6,2.26,2.21,21.56,17.65,26.92,18.15,5.27,81.5,06 April 2019
2019,4,7,1.88,2.09,20.85,18.24,24.87,18.82,5.27,86.25,07 April 2019
2019,4,8,1.87,2.08,21.39,18.45,26.03,18.71,0,84.69,08 April 2019
2019,4,9,2.18,2.62,20.85,18.02,25.92,17.72,10.55,85.5,09 April 2019
2019,4,10,1.99,2.64,20.6,18.16,25.37,17.63,5.27,87.31,10 April 2019
2019,4,11,2.44,2.1,22.07,17.72,28.23,17.37,0,79.06,11 April 2019
2019,4,12,2.03,2.27,22.18,18.8,26.51,19.62,0,82.69,12 April 2019
2019,4,13,1.84,2.34,21.52,19,26.23,18.59,5.27,87,13 April 2019
2019,4,14,1.96,2.41,21.31,19.35,25.26,19.65,15.82,89.5,14 April 2019
2019,4,15,1.7,1.82,21.26,18.89,25.36,19.19,15.82,87.38,15 April 2019
2019,4,16,2.3,1.81,21.93,18.85,26.61,19.01,5.27,84.19,16 April 2019
2019,4,17,1.67,2.48,21.55,18.98,26.46,18.62,5.27,86.62,17 April 2019
2019,4,18,2.03,1.91,21.03,18.77,24.59,19.35,10.55,87.88,18 April 2019
2019,4,19,1.51,2.3,20.78,18.75,24.14,18.87,10.55,88.94,19 April 2019
2019,4,20,2.19,2.23,20.89,18.47,25.05,18.43,10.55,87.06,20 April 2019
2019,4,21,1.85,2.02,20.37,18.39,23.92,18.22,36.91,89.25,21 April 2019
2019,4,22,1.75,1.33,20.74,17.65,25.08,18.09,21.09,84.25,22 April 2019
2019,4,23,2.22,1.88,21.02,18.36,25.68,18.18,5.27,86.25,23 April 2019
2019,4,24,2.05,1.73,21.51,18.59,26.33,18.65,5.27,85.38,24 April 2019
2019,4,25,2.1,1.67,22.03,19.12,26.83,19.08,10.55,85.19,25 April 2019
2019,4,26,2.27,1.8,22.03,19.02,26.63,18.49,5.27,84.62,26 April 2019
2019,4,27,2.08,1.48,22.79,18.83,29.08,18.93,0,81.06,27 April 2019
2019,4,28,2.03,1.52,22.86,18.95,28.28,18.89,0,81.25,28 April 2019
2019,4,29,1.63,1.27,22.08,19.57,24.94,19.58,0,87.19,29 April 2019
2019,4,30,2.27,1.53,22.41,17.54,27.72,18.89,0,77.38,30 April 2019
2019,5,1,2.51,1.86,22.9,17.44,29.78,17.18,0,75.31,01 May 2019
2019,5,2,2.22,1.96,22.62,19.13,27.76,19.19,0,83.38,02 May 2019
2019,5,3,1.71,1.23,21.5,18.87,24.48,19.58,0,86.25,03 May 2019
2019,5,4,1.94,2.13,21.93,18.55,26.89,18.14,0,83.12,04 May 2019
2019,5,5,2.16,1.48,22.58,18.96,27.89,19.12,0,82.38,05 May 2019
2019,5,6,1.75,1.89,22.51,19.28,27,19.67,0,83.88,06 May 2019
2019,5,7,1.74,1.84,22.62,19.03,27.55,19.73,5.27,82.38,07 May 2019
2019,5,8,1.61,2.08,22.3,18.95,27.32,19.02,5.27,83.5,08 May 2019
2019,5,9,1.55,2.1,21.3,18.49,26.46,18.66,10.55,85.56,09 May 2019
2019,5,10,1.8,2.13,21.43,18.69,26.04,18.41,5.27,85.81,10 May 2019
2019,5,11,2.17,2.34,21.69,19.04,25.8,19.44,0,86.19,11 May 2019
2019,5,12,2,2.14,21.07,18.79,24.48,19.14,5.27,87.88,12 May 2019
2019,5,13,1.5,1.88,21.3,19.07,24.9,18.3,5.27,88.25,13 May 2019
2019,5,14,2.16,1.44,21.82,18.01,26.9,18.62,5.27,81.19,14 May 2019
2019,5,15,2.03,1.47,21.63,18.01,26.67,18.23,5.27,81.94,15 May 2019
2019,5,16,2.12,1.91,21.18,18.94,24.73,18.84,36.91,88.31,16 May 2019
2019,5,17,1.81,2.84,20.65,19.16,23.78,18.43,42.19,91.75,17 May 2019
2019,5,18,1.94,2.41,20.39,18,24.49,17.78,15.82,87.31,18 May 2019
2019,5,19,1.65,2.35,21.32,18.12,26.44,17.6,5.27,84,19 May 2019
2019,5,20,1.94,1.77,21.07,18.23,25.31,18.64,5.27,85.19,20 May 2019
2019,5,21,2.16,1.55,21.69,17.94,26.95,17.48,0,81.5,21 May 2019
2019,5,22,2.13,1.68,21.75,19.2,25.62,18.67,0,86.88,22 May 2019
2019,5,23,1.5,2.17,20.29,18.89,22.42,18.24,15.82,92.12,23 May 2019
2019,5,24,2.26,2.02,21.49,18.22,26.26,18.17,5.27,82.88,24 May 2019
2019,5,25,1.31,2.27,20.3,19.21,21.73,18.76,15.82,93.81,25 May 2019
2019,5,26,2.16,2.05,20.81,17.93,25.43,17.63,5.27,85,26 May 2019
2019,5,27,2.01,2.15,20.71,18.85,23.44,18.94,5.27,89.94,27 May 2019
2019,5,28,1.52,2.01,20.46,18.45,23.47,18.57,5.27,89.12,28 May 2019
2019,5,29,2.04,1.73,21.01,17.91,26.27,17.36,5.27,84.44,29 May 2019
2019,5,30,1.62,2.48,20.32,18.51,23.8,18.23,10.55,90.38,30 May 2019
2019,5,31,1.84,1.89,20.46,18.06,24.71,17.47,5.27,87.31,31 May 2019
2019,6,1,1.68,2.58,20.19,18.84,22.65,18.83,5.27,92.5,01 June 2019
2019,6,2,2.3,1.63,21.72,18.38,28.15,18.14,5.27,83.75,02 June 2019
2019,6,3,1.8,1.12,22.11,17.82,27.43,17.77,5.27,79.88,03 June 2019
2019,6,4,2.19,1.36,22.19,17.83,27.62,17.78,0,79.44,04 June 2019
2019,6,5,2.14,1.34,22.23,18.37,27.43,18.3,0,81.69,05 June 2019
2019,6,6,1.75,1.7,20.61,17.96,23.58,18.12,10.55,86.19,06 June 2019
2019,6,7,1.52,1.94,20.62,18.4,24.03,18.37,5.27,88.31,07 June 2019
2019,6,8,2.14,1.49,21.74,17.58,27.96,16.91,0,80.12,08 June 2019
2019,6,9,1.91,1.78,21.62,18.63,25.83,18.44,0,85.06,09 June 2019
2019,6,10,1.87,1.88,21.48,19.07,24.85,18.69,5.27,87.62,10 June 2019
2019,6,11,1.99,1.95,21.31,18.5,25.94,19.16,5.27,85.56,11 June 2019
2019,6,12,1.92,1.94,21.49,18.09,26.4,17.57,0,83.06,12 June 2019
2019,6,13,1.81,1.87,21.4,18.32,26.05,17.92,10.55,84.62,13 June 2019
2019,6,14,1.9,1.8,21.73,18.21,26.67,17.73,0,82.62,14 June 2019
2019,6,15,1.93,1.8,21.04,18.74,23.98,18.91,0,87.81,15 June 2019
2019,6,16,1.99,1.21,22.28,17.79,28.25,18.01,0,79.12,16 June 2019
2019,6,17,2.11,1.04,22.79,18.13,29.44,17.83,5.27,78.69,17 June 2019
2019,6,18,1.92,1.22,22.53,19.21,27.27,18.77,5.27,83.62,18 June 2019
2019,6,19,1.27,1.42,22.45,19.03,26.3,19.2,0,83.25,19 June 2019
2019,6,20,1.92,1.88,22.85,16.72,28.8,18.92,0,72.69,20 June 2019
2019,6,21,1.39,2.79,22.94,16.05,29.73,17.65,0,69.12,21 June 2019
2019,6,22,1.92,0.6,22.62,17.37,28.55,18.26,0,76,22 June 2019
2019,6,23,1.54,2,21.92,17.77,26.87,17.87,0,79.88,23 June 2019
2019,6,24,1.82,1.95,22.02,18.53,26.64,18.79,0,82.94,24 June 2019
2019,6,25,1.92,1.45,20.9,18.94,23.33,18.84,5.27,89.69,25 June 2019
2019,6,26,2.27,1.88,22.44,18.01,29.36,17.41,0,79.25,26 June 2019
2019,6,27,2.2,1.59,22.51,17.83,28.79,17.8,0,78.5,27 June 2019
2019,6,28,1.78,1.38,22.35,18.19,28.48,18.12,0,80.25,28 June 2019
2019,6,29,1.96,1.73,21.37,18.32,24.93,18.7,0,84.5,29 June 2019
2019,6,30,1.71,1.8,22.01,17.76,27.45,18.3,0,79.81,30 June 2019
2019,7,1,1.65,1.88,21.84,17.98,26.55,18.99,0,81.19,01 July 2019
2019,7,2,1.94,2.02,21.3,18.25,25.3,18.69,0,84.5,02 July 2019
2019,7,3,2.08,2.21,21.36,18.53,24.98,18.58,0,85.38,03 July 2019
2019,7,4,2.08,1.47,22.14,18.57,27.43,19.13,0,82.44,04 July 2019
2019,7,5,2.09,1.62,22.19,17.2,28.53,17.6,0,77.06,05 July 2019
2019,7,6,2.56,1.27,22.82,16.89,30.25,17.48,0,74,06 July 2019
2019,7,7,1.97,1.29,22.55,17.83,28.21,18.56,0,78.25,07 July 2019
2019,7,8,1.93,1.48,21.71,16.82,27.36,17.55,0,77.31,08 July 2019
2019,7,9,2.07,1.87,21.24,17.44,25.97,17.8,0,81.5,09 July 2019
2019,7,10,2.07,1.69,21.64,17.08,26.69,17.9,0,78.56,10 July 2019
2019,7,11,2.2,1.97,21.43,17.46,26.47,17.49,0,80.75,11 July 2019
2019,7,12,2.07,2.13,21.29,17.91,25.01,17.82,0,83.38,12 July 2019
2019,7,13,1.85,1.46,21.26,18.46,24.55,19.22,0,85.69,13 July 2019
2019,7,14,1.82,1.55,21.07,17.12,25.69,17.87,5.27,80.69,14 July 2019
2019,7,15,1.97,1.67,20.88,16.64,26.12,17.17,0,80.06,15 July 2019
2019,7,16,2.27,1.48,22.04,17.09,28.38,17.67,0,77.06,16 July 2019
2019,7,17,2.36,1.41,22.65,17.37,29.02,18.37,0,76.25,17 July 2019
2019,7,18,2.13,1.75,21.91,18.08,27.04,18.28,0,81.44,18 July 2019
2019,7,19,2.06,1.01,22.48,17.72,27.77,19.07,0,78.19,19 July 2019
2019,7,20,2.14,1.32,23.01,17.1,29.84,17.46,0,74.12,20 July 2019
2019,7,21,2.07,1.84,22.69,17.98,27.4,19.4,0,77.94,21 July 2019
2019,7,22,1.69,2.19,21.27,18.42,24.63,19.58,0,85.19,22 July 2019
2019,7,23,1.55,2.12,21.08,18.26,25.23,18.69,0,85.56,23 July 2019
2019,7,24,1.85,2.28,21.23,17.95,25.9,18.64,0,83.56,24 July 2019
2019,7,25,1.76,1.85,21.02,17.7,26.04,17.9,5.27,83.56,25 July 2019
2019,7,26,2.2,1.66,21.79,16.82,27.99,17.54,0,77.38,26 July 2019
2019,7,27,2.07,1.24,21.85,17.05,27.15,18.32,0,77.88,27 July 2019
2019,7,28,2.06,1.45,22.23,17.37,28.28,17.74,0,77.94,28 July 2019
2019,7,29,2.19,2.05,21.88,16.75,28.12,17.35,0,76.19,29 July 2019
2019,7,30,1.92,1.41,22.18,17.03,27.83,17.96,0,76.62,30 July 2019
2019,7,31,2.1,1.4,22.67,16.35,30.14,16.96,0,72.5,31 July 2019
2019,8,1,2.13,1.93,21.84,17.24,27.95,17.55,0,78.5,01 August 2019
2019,8,2,1.91,2.16,21.87,18.25,26.98,18.8,0,82.12,02 August 2019
2019,8,3,1.67,1.89,22.42,17.92,28.69,18.38,0,78.94,03 August 2019
2019,8,4,1.85,0.59,22.41,16.51,28.33,18.23,0,73.31,04 August 2019
2019,8,5,2.42,1.48,22.51,15.83,30.06,17.19,0,70.88,05 August 2019
2019,8,6,2.2,1.62,22.42,15.55,30.09,16.97,0,69.88,06 August 2019
2019,8,7,1.98,1.48,22.33,16.65,28.67,17.82,0,74.44,07 August 2019
2019,8,8,1.8,1.81,22.37,17.1,28.36,18.03,0,75.81,08 August 2019
2019,8,9,1.94,1.82,22.45,17.9,27.21,19.02,0,78.5,09 August 2019
2019,8,10,2.26,1.52,23.03,17.76,29.63,18.4,0,76.12,10 August 2019
2019,8,11,2.08,1.66,22.98,18.19,29.1,19.74,0,77.56,11 August 2019
2019,8,12,2.25,1.91,22.88,17.57,29.15,18.08,0,75.81,12 August 2019
2019,8,13,1.95,1.2,22.71,17.67,28.4,18.79,0,76.75,13 August 2019
2019,8,14,1.93,0.76,22.62,16.63,28.35,18.66,0,73.19,14 August 2019
2019,8,15,1.96,1.88,21.43,14.65,27.8,16.36,0,69.75,15 August 2019
2019,8,16,1.62,1.91,21.26,16.44,27.26,18.15,0,77.44,16 August 2019
2019,8,17,2.17,1.46,21.59,15.94,27.79,17.07,0,74.19,17 August 2019
2019,8,18,2.32,1.84,22.64,16.4,29.6,17.49,0,71.5,18 August 2019
2019,8,19,2.02,2.13,21.83,18.15,25.97,19.21,0,81.81,19 August 2019
2019,8,20,2.31,1.55,22.01,16.75,27.46,18.73,0,75.88,20 August 2019
2019,8,21,2.61,1.33,22.74,16.73,30.17,17.63,0,74.06,21 August 2019
2019,8,22,2.58,1.72,22.73,16.98,29.45,18.13,0,74.56,22 August 2019
2019,8,23,2.43,1.34,23.14,17,30.16,18.17,0,73.25,23 August 2019
2019,8,24,2.14,1.51,23.23,16.73,30.37,18.55,0,71.69,24 August 2019
2019,8,25,2.61,2.05,22.58,16.99,28.76,18.38,0,74.81,25 August 2019
2019,8,26,2.39,1.55,22.51,17.42,27.84,18.85,0,76.38,26 August 2019
2019,8,27,2.59,1.55,23.01,16.62,29.81,18.28,0,71.81,27 August 2019
2019,8,28,1.76,0.83,22.83,16.33,28.24,18.7,0,71.19,28 August 2019
2019,8,29,1.93,1.77,22.32,16.57,28.18,17.95,0,73.88,29 August 2019
2019,8,30,2.49,2.09,22.37,17.29,28.33,18.26,0,76.69,30 August 2019
2019,8,31,1.9,1.91,22.37,17.55,27.34,19.15,0,77.31,31 August 2019
2019,9,1,1.72,2.09,22.71,17.3,28,18.69,0,75.06,01 September 2019
2019,9,2,1.93,2.11,22.01,17.48,27.5,18.92,0,78.38,02 September 2019
2019,9,3,2.53,2.04,22.48,17.75,27.8,18.8,0,77.69,03 September 2019
2019,9,4,2.28,1.49,22.2,17,27.44,19.08,0,75.88,04 September 2019
2019,9,5,2.02,2.15,22.15,17.56,27.33,18.76,0,78.12,05 September 2019
2019,9,6,2.12,1.8,22.64,17.44,28.44,18.76,0,75.94,06 September 2019
2019,9,7,2.48,1.97,22.96,16.54,29.23,18.68,0,71.69,07 September 2019
2019,9,8,2.69,1.4,22.8,16.59,29.15,18.98,0,72.56,08 September 2019
2019,9,9,2.32,2.1,23.06,17.15,29.45,19.07,0,73.75,09 September 2019
2019,9,10,2.22,2.28,22.48,17.46,29.19,18.78,0,76.56,10 September 2019
2019,9,11,2.27,2.45,22.4,17.74,28.23,18.28,0,77.88,11 September 2019
2019,9,12,2.2,2.41,22.46,17.86,28.18,19.07,0,77.94,12 September 2019
2019,9,13,2,1.91,22.87,16.44,30.01,17.81,0,71.69,13 September 2019
2019,9,14,1.83,1.98,22.76,16.96,28.86,18.39,0,73.94,14 September 2019
2019,9,15,1.73,1.91,22.41,17.02,27.58,19.19,0,75,15 September 2019
2019,9,16,1.95,2.52,22.12,17.16,27.57,18.67,0,76.44,16 September 2019
2019,9,17,1.77,2.45,21.29,17.87,26.1,18.35,5.27,82.75,17 September 2019
2019,9,18,1.93,2.74,20.37,18.23,24.4,18.44,15.82,88.56,18 September 2019
2019,9,19,2.04,2.64,20.37,17.89,24.88,17.58,15.82,87.12,19 September 2019
2019,9,20,1.42,2.12,20.08,18.06,23.58,17.96,5.27,89.12,20 September 2019
2019,9,21,2.12,1.88,20.73,17.83,25.4,18.26,10.55,85.12,21 September 2019
2019,9,22,2.35,2.66,21.44,18.01,26.21,17.8,0,83.12,22 September 2019
2019,9,23,2.4,2.64,20.8,18.25,23.55,18.88,0,86.81,23 September 2019
2019,9,24,2.3,1.82,22.11,17.21,28.62,17.48,0,77.56,24 September 2019
2019,9,25,1.98,2.05,21.45,18.51,25.17,19.05,0,84.94,25 September 2019
2019,9,26,2.44,2.16,21.55,17.5,26.14,18.54,0,80.38,26 September 2019
2019,9,27,2.22,2.28,21.37,17.98,25.74,18.69,0,83.19,27 September 2019
2019,9,28,2.16,2.77,21.1,18.06,26.18,17.83,5.27,85,28 September 2019
2019,9,29,1.85,2.52,20.1,18.49,22.67,18.25,15.82,91.12,29 September 2019
2019,9,30,2.16,2.58,20.63,18.32,24.9,18.3,15.82,87.88,30 September 2019
2019,10,1,2.41,2.62,21.36,18.18,26.95,18.58,15.82,84.31,01 October 2019
2019,10,2,1.95,2.82,19.94,18.07,23.72,18.15,10.55,89.81,02 October 2019
2019,10,3,1.68,2.13,19.55,17.77,22.38,17.4,5.27,90.19,03 October 2019
2019,10,4,2.25,2.16,21.05,16.9,27.19,16.07,0,80.44,04 October 2019
2019,10,5,2.07,2.79,20.3,18.44,23.7,18.76,10.55,89.88,05 October 2019
2019,10,6,1.91,2.16,19.68,18.02,22.67,17.69,10.55,90.94,06 October 2019
2019,10,7,2.12,2.11,20.62,18.33,24.44,18.15,10.55,88.06,07 October 2019
2019,10,8,2.01,1.89,20.62,17.82,25.02,17.69,0,85.62,08 October 2019
2019,10,9,2.36,1.64,20.86,17.96,24.49,18.27,0,85.19,09 October 2019
2019,10,10,2.02,2.12,21.37,17.61,27.08,17.74,0,81.81,10 October 2019
2019,10,11,1.95,1.93,20.24,18.45,22.87,18.51,15.82,90.38,11 October 2019
2019,10,12,2.23,2.18,20.87,18.51,24.58,18.63,10.55,87.69,12 October 2019
2019,10,13,2.03,1.6,20.79,17.92,24.48,18.4,10.55,85.44,13 October 2019
2019,10,14,2.12,2.05,20.44,17.47,24.33,18.19,0,84.88,14 October 2019
2019,10,15,1.77,2.21,20.27,17.67,24.45,16.92,0,86.88,15 October 2019
2019,10,16,2.01,2.2,20.5,17.88,24.55,17.32,0,86.38,16 October 2019
2019,10,17,2.17,2.02,20.43,17.9,23.73,18.3,5.27,86.75,17 October 2019
2019,10,18,2.16,2.8,19.61,18.26,22.71,18.07,10.55,92.5,18 October 2019
2019,10,19,2.13,2.55,20.07,17.87,24.74,17.83,10.55,88.38,19 October 2019
2019,10,20,2.16,2.09,20.57,17.9,24.88,17.81,5.27,86.19,20 October 2019
2019,10,21,1.9,3.31,19.48,18.49,21.33,17.9,5.27,94.25,21 October 2019
2019,10,22,2.01,2.63,19,17.62,21.78,17.38,10.55,92.25,22 October 2019
2019,10,23,2.13,2.04,20.24,17.29,25.12,16.78,10.55,85.06,23 October 2019
2019,10,24,1.86,2.05,20.63,18.37,24.21,18.46,5.27,88.12,24 October 2019
2019,10,25,2.06,2.02,21.09,18.12,26.55,18.45,5.27,84.75,25 October 2019
2019,10,26,1.98,2.09,21.06,17.94,26.21,17.96,5.27,84.19,26 October 2019
2019,10,27,2,2.29,21.17,18.44,25.45,18.08,0,85.81,27 October 2019
2019,10,28,2.11,2.38,21.62,18.72,26.27,19.15,0,85.19,28 October 2019
2019,10,29,1.58,2.02,20.91,18.51,24.53,18.84,0,87.31,29 October 2019
2019,10,30,2.2,2.13,20.79,18.55,24,18.6,0,88.06,30 October 2019
2019,10,31,2.14,2.26,21.39,18.31,26.6,17.9,0,84.69,31 October 2019
2019,11,1,2,2.97,20.16,18.83,22.6,18.52,5.27,92.56,01 November 2019
2019,11,2,2.21,2.18,21.23,17.21,27.91,17.42,5.27,81.06,02 November 2019
2019,11,3,1.92,2.41,21.3,18.84,25.76,18.55,5.27,87.38,03 November 2019
2019,11,4,1.76,1.96,21.1,19.12,24.55,18.71,5.27,89.62,04 November 2019
2019,11,5,2.25,2.31,21.29,18.93,24.89,18.91,5.27,87.69,05 November 2019
2019,11,6,2.07,1.88,21.09,18.66,24.4,19.02,5.27,87.12,06 November 2019
2019,11,7,2.29,1.86,22.04,18.22,27.73,18.57,0,81.5,07 November 2019
2019,11,8,1.97,2.28,21.88,18.64,27.12,18.98,0,83.94,08 November 2019
2019,11,9,1.35,1.99,21.01,18.48,25.9,18.41,21.09,86.81,09 November 2019
2019,11,10,1.97,2.76,20.76,18.61,24.8,18.44,10.55,88.5,10 November 2019
2019,11,11,1.87,2.73,21.01,18.49,26.08,18.55,10.55,87,11 November 2019
2019,11,12,1.35,2.99,20.55,18.48,24.69,17.86,15.82,89,12 November 2019
2019,11,13,1.55,3.7,20.29,18.79,23.8,18.55,52.73,91.69,13 November 2019
2019,11,14,1.86,3.12,20.57,18.29,25.52,17.97,52.73,88.25,14 November 2019
2019,11,15,1.96,2.6,19.79,18.34,23.11,18.05,10.55,92.25,15 November 2019
2019,11,16,1.78,3.02,19.9,18.69,22.68,18.36,5.27,93.38,16 November 2019
2019,11,17,1.63,2.88,20.3,18.66,24.11,18.12,5.27,91.19,17 November 2019
2019,11,18,1.83,3.06,20.32,18.42,24.63,17.94,5.27,89.94,18 November 2019
2019,11,19,2.04,3.05,20.21,18.29,24.57,17.55,5.27,89.75,19 November 2019
2019,11,20,2.08,1.95,20.44,18.47,24.07,18.19,5.27,89.44,20 November 2019
2019,11,21,1.96,2.88,20.23,18.8,22.99,18.71,5.27,91.94,21 November 2019
2019,11,22,1.94,2.53,19.76,18.23,22.62,18.05,0,91.69,22 November 2019
2019,11,23,2.1,2.76,20.4,18.2,25.34,17.58,0,88.44,23 November 2019
2019,11,24,2.2,2.36,21.17,18.35,26.9,17.44,0,85.62,24 November 2019
2019,11,25,2.22,2.05,21.94,18.42,27.48,18.32,0,82.56,25 November 2019
2019,11,26,2,2.14,22.08,18.76,27.17,18.41,0,83.31,26 November 2019
2019,11,27,1.6,2.07,21.73,18.63,27.11,18.16,0,84.38,27 November 2019
2019,11,28,1.69,2.17,21.9,18.4,28.41,17.83,0,83.12,28 November 2019
2019,11,29,1.55,3.09,20.27,18.97,22.33,18.9,10.55,92.56,29 November 2019
2019,11,30,1.83,2.68,20.76,18.59,25.35,18.33,0,88.38,30 November 2019
2019,12,1,1.89,2.16,21.39,18.95,25.15,18.9,0,87.25,01 December 2019
2019,12,2,2.01,2.13,21.49,18.56,25.35,18.61,0,84.88,02 December 2019
2019,12,3,1.96,2.35,20.43,18.72,23.62,18.73,5.27,90.62,03 December 2019
2019,12,4,1.93,1.84,20.03,18.3,23.4,18.15,5.27,90.5,04 December 2019
2019,12,5,2.19,1.98,21.16,18.98,25.71,18.51,5.27,88.5,05 December 2019
2019,12,6,1.82,2.59,20.58,18.9,23.51,18.68,10.55,90.75,06 December 2019
2019,12,7,1.57,2.84,20.16,18.29,24.55,17.79,5.27,89.88,07 December 2019
2019,12,8,2.07,2.35,20.55,17.37,25.53,16.48,0,83.94,08 December 2019
2019,12,9,2.04,2.33,21.05,18.68,25.79,18.15,0,87.81,09 December 2019
2019,12,10,1.88,2.95,20.69,18.84,24.15,18.28,5.27,90.12,10 December 2019
2019,12,11,1.82,2.82,19.89,18.28,23.19,18.06,5.27,91.06,11 December 2019
2019,12,12,1.87,2.17,20.5,17.87,25.7,17.45,5.27,86.62,12 December 2019
2019,12,13,1.88,2.43,20.51,18.08,25.56,17.17,10.55,87.56,13 December 2019
2019,12,14,1.9,2.52,20.69,18.55,25.44,17.9,10.55,88.88,14 December 2019
2019,12,15,1.88,2.04,21.01,18.5,25.08,18.48,5.27,86.75,15 December 2019
2019,12,16,1.98,2.02,20.94,18.94,24.5,18.66,5.27,89.25,16 December 2019
2019,12,17,1.69,2.55,20.83,18.85,25.67,18.07,5.27,89.56,17 December 2019
2019,12,18,1.88,2.24,20.84,18.68,24.73,18.05,0,88.56,18 December 2019
2019,12,19,2.14,2.24,21.52,19.19,25.58,19.21,0,87.75,19 December 2019
2019,12,20,1.9,2.02,21.47,18.71,25.98,18.08,0,86,20 December 2019
2019,12,21,1.65,2.03,21.77,18.77,26.4,18.76,0,84.75,21 December 2019
2019,12,22,1.79,2.04,21.83,18.63,27.16,17.95,0,84.25,22 December 2019
2019,12,23,1.75,2.09,21.86,18.65,27.05,18.05,0,84,23 December 2019
2019,12,24,1.81,2.09,22.21,18.86,26.98,18.76,0,83.25,24 December 2019
2019,12,25,1.74,1.95,22.1,19.15,27.3,18.3,0,85.19,25 December 2019
2019,12,26,2.04,2.11,22.64,19.56,27.55,19.36,0,84.56,26 December 2019
2019,12,27,1.35,1.75,21.69,19.72,24.49,19.75,5.27,89.69,27 December 2019
2019,12,28,2.12,1.98,22.24,18.9,27.34,18.86,0,83.12,28 December 2019
2019,12,29,2.03,2.76,21.91,19.06,26.96,18.45,0,85.69,29 December 2019
2019,12,30,1.72,2.14,20.68,19.56,22.53,19.41,21.09,93.81,30 December 2019
2019,12,31,1.91,2.76,20.9,18.6,25.24,18.48,10.55,87.94,31 December 2019
2020,1,1,2.1,2.91,20.81,18.73,24.95,18.31,5.27,89.06,01 January 2020
2020,1,2,2.12,3.25,20.77,18.91,25.53,18.65,0,90.19,02 January 2020
2020,1,3,2.31,2.68,20.92,18.47,25.34,17.56,0,87.25,03 January 2020
2020,1,4,2.49,3.09,21.35,19.02,26.01,17.91,0,87.81,04 January 2020
2020,1,5,2.2,3.68,20.12,18.92,23.23,18.15,0,93.38,05 January 2020
2020,1,6,2.45,2.75,20.32,17.4,25.81,16.86,0,85.19,06 January 2020
2020,1,7,2.48,2.47,21.05,17.73,26.77,16.93,0,83.44,07 January 2020
2020,1,8,2.6,1.83,21.77,17.3,27.78,16.87,0,79.38,08 January 2020
2020,1,9,2.47,1.57,21.97,17.21,28.55,16.85,0,78.31,09 January 2020
2020,1,10,2.43,1.18,22.44,17.25,29.14,17.49,0,76.81,10 January 2020
2020,1,11,2.16,1.73,22.05,17.43,28.3,17.15,0,78.69,11 January 2020
2020,1,12,2.3,1.34,22.41,17.96,28.04,18.07,0,79.25,12 January 2020
2020,1,13,2.39,1.54,22.84,18.2,29.02,18.11,0,78.88,13 January 2020
2020,1,14,2.34,1.67,22.55,18.15,28.24,18.08,0,79.56,14 January 2020
2020,1,15,2.28,2,22.33,18.03,28.67,17.3,0,79.75,15 January 2020
2020,1,16,2.54,1.3,23.52,17.6,30.78,18.26,0,74.38,16 January 2020
2020,1,17,2.45,1.12,24.15,18.47,31.19,18.86,0,74.88,17 January 2020
2020,1,18,2.44,1.21,24.08,18.79,31.05,19.42,0,76.5,18 January 2020
2020,1,19,2.11,1.95,23.9,19.07,30.85,19.85,0,77.94,19 January 2020
2020,1,20,1.33,2.64,22.13,19.12,27.46,19.95,5.27,84.94,20 January 2020
2020,1,21,1.25,2.44,19.99,18.76,22.13,18.3,26.37,93,21 January 2020
2020,1,22,1.62,1.77,20.83,17.69,25.44,17.37,5.27,84.19,22 January 2020
2020,1,23,2.32,2.2,21.47,18.2,26.92,17.85,0,83.81,23 January 2020
2020,1,24,2.2,2.16,21.03,18.64,25.4,18.12,0,87.69,24 January 2020
2020,1,25,1.81,2.93,20.75,19.3,23.03,18.87,0,91.94,25 January 2020
2020,1,26,2.02,3.2,19.86,17.72,22.21,17.46,10.55,88.31,26 January 2020
2020,1,27,2.24,1.62,20.3,15.89,25.05,16.8,0,77.94,27 January 2020
2020,1,28,2.04,2.48,20.58,17.17,25.4,17.13,5.27,82.44,28 January 2020
2020,1,29,2.14,2.38,20.62,17.99,24.96,17.73,0,86.25,29 January 2020
2020,1,30,2.34,1.81,20.98,18.11,25.36,17.95,0,85,30 January 2020
2020,1,31,2.16,1.95,21.9,17.98,27.28,17.63,0,81.19,31 January 2020
2020,2,1,2.05,1.91,20.92,18.86,23.58,18.77,0,88.88,01 February 2020
2020,2,2,1.97,2.2,20.69,19.03,24.08,18.44,5.27,91.12,02 February 2020
2020,2,3,2.09,1.73,22.15,18.76,27.2,18.69,0,83.12,03 February 2020
2020,2,4,2.59,2.03,23.24,18.04,31.33,18.11,0,77.38,04 February 2020
2020,2,5,2.7,2.02,22.58,17,29.95,17.69,0,75.31,05 February 2020
2020,2,6,2.9,2.16,22.72,17.45,29.55,17.56,0,76.94,06 February 2020
2020,2,7,2.32,2.22,21.48,19.02,24.72,19.14,0,87.25,07 February 2020
2020,2,8,1.98,3.14,20.5,18.67,23.27,18.68,0,89.94,08 February 2020
2020,2,9,2.06,2.35,21.37,18.17,26.4,17.89,0,83.44,09 February 2020
2020,2,10,2.34,1.47,22.81,17.97,28.73,18.56,0,77.62,10 February 2020
2020,2,11,2.63,2.26,22.86,15.92,30.23,16.73,0,69.56,11 February 2020
2020,2,12,2.51,1.71,23,18.08,29.42,18.29,0,77.88,12 February 2020
2020,2,13,2.47,2.16,22.85,18.88,28.05,18.8,0,81.25,13 February 2020
2020,2,14,2.09,2.54,22.19,19.26,26.63,20.02,0,85,14 February 2020
2020,2,15,2.43,1.92,22.65,18.87,28.28,19.23,0,81.69,15 February 2020
2020,2,16,2.18,1.61,22.83,18.19,28.33,18.54,0,78.38,16 February 2020
2020,2,17,2.43,1.58,23.91,18.4,30.63,18.66,0,75.25,17 February 2020
2020,2,18,2.58,1.5,24.02,18.74,30.68,19.16,0,76.12,18 February 2020
2020,2,19,1.85,2.56,23.25,19.61,28.01,20.13,0,82.06,19 February 2020
2020,2,20,1.34,2.83,21.94,19.9,25.66,20.08,10.55,89.19,20 February 2020
2020,2,21,1.56,2.81,21.12,18.74,24.37,18.62,5.27,87.44,21 February 2020
2020,2,22,1.56,2.3,22.4,18.33,28.36,18.19,5.27,80.69,22 February 2020
2020,2,23,2.04,2.21,22.08,19.01,27.42,19.52,5.27,84.56,23 February 2020
2020,2,24,1.92,2.47,21.11,18.69,25.09,18.47,10.55,87.06,24 February 2020
2020,2,25,1.78,2.66,21.28,18.82,26.3,18.58,10.55,87.19,25 February 2020
2020,2,26,1.69,1.77,20.15,17.53,23.76,17.9,21.09,86.12,26 February 2020
2020,2,27,2.21,1.59,20.79,17.26,26.04,17.12,5.27,82.56,27 February 2020
2020,2,28,2.12,1.77,21.45,18.46,26.26,18.46,5.27,84.69,28 February 2020
2020,2,29,2.01,2.16,22.23,18.97,28.12,18.81,0,83.69,29 February 2020
2020,3,1,1.9,2.22,21.99,19.44,26.01,19.71,5.27,86.62,01 March 2020
2020,3,2,2,2.13,21.98,18.93,26.99,18.57,0,84.5,02 March 2020
2020,3,3,2,2.2,21.45,19.16,24.75,19.66,0,87.75,03 March 2020
2020,3,4,2.27,2.22,22.29,19.01,27.07,19.39,0,83.44,04 March 2020
2020,3,5,2.35,2.16,22.46,18.98,27.72,19.01,0,82.69,05 March 2020
2020,3,6,2.01,2.18,22.34,18.56,27.88,18.27,0,81.56,06 March 2020
2020,3,7,1.62,2.6,21.73,19.15,25.45,19.4,0,86.44,07 March 2020
2020,3,8,2.17,2.48,21.66,18.8,26.65,19.13,0,85.31,08 March 2020
2020,3,9,1.89,2.16,22.15,18.73,26.55,18.75,0,82.56,09 March 2020
2020,3,10,1.84,2.12,22.06,19.08,26.4,19.22,0,84.81,10 March 2020
2020,3,11,1.97,3.05,21.69,18.99,26.65,19.23,0,86.06,11 March 2020
2020,3,12,1.96,3.09,21.25,18.53,25.58,18.22,5.27,85.62,12 March 2020
2020,3,13,1.78,2.86,21.36,18.32,26.12,18.21,0,84.56,13 March 2020
2020,3,14,1.5,2.3,20.17,17.02,23.82,17.12,5.27,83.5,14 March 2020
2020,3,15,1.96,2.37,21.67,17.95,27.52,17.56,0,81.44,15 March 2020
2020,3,16,1.5,2.84,21.09,18.75,24.78,18.75,0,87.44,16 March 2020
2020,3,17,1.77,3.43,20.9,18.78,24.38,18.82,0,88.62,17 March 2020
2020,3,18,2.04,2.41,21.64,18.46,27.4,17.86,0,83.94,18 March 2020
2020,3,19,2.05,2.09,21.06,18.23,25.02,18.8,5.27,85.06,19 March 2020
2020,3,20,2.27,2.99,20.2,17.7,24.69,17.28,10.55,86.81,20 March 2020
2020,3,21,2.99,2.48,21.09,15.41,28.02,15.44,0,73.81,21 March 2020
2020,3,22,3.13,2.38,21.63,16.65,28.28,16.57,0,76.94,22 March 2020
2020,3,23,2.53,1.78,21.56,18.37,26.48,18.54,0,83.94,23 March 2020
2020,3,24,1.67,1.9,21.14,18.58,25.09,18.99,0,86.62,24 March 2020
2020,3,25,1.84,2.62,21.01,18.74,24.47,19.03,5.27,87.94,25 March 2020
2020,3,26,1.7,2.32,20.05,18.37,21.64,18.65,5.27,90.62,26 March 2020
2020,3,27,1.59,2.62,21.86,18.54,27.82,17.93,0,83.75,27 March 2020
2020,3,28,2.06,3.13,20.94,18.38,25.45,18.73,0,86.62,28 March 2020
2020,3,29,1.63,2.59,20.35,17.66,24.87,17.65,0,85.94,29 March 2020
2020,3,30,1.68,1.78,20.46,17.73,24.46,17.45,0,85.62,30 March 2020
2020,3,31,1.4,2.7,20.82,17.8,25.03,17.83,0,84.5,31 March 2020
2020,4,1,1.7,2.37,19.76,17.3,23.34,17.67,0,86.5,01 April 2020
2020,4,2,2.15,2.14,21.95,17.46,28.89,17.67,0,78.12,02 April 2020
2020,4,3,2.26,2.14,22.18,17.52,27.85,17.65,0,77.56,03 April 2020
2020,4,4,1.97,2.3,22.43,18.65,27.65,18.79,0,81.06,04 April 2020
2020,4,5,1.99,2.02,21.86,18.93,25.16,19.67,0,84.62,05 April 2020
2020,4,6,1.8,1.85,22.01,18.99,25.39,19.23,0,84.5,06 April 2020
2020,4,7,2.21,1.45,22.65,18.24,27.55,18.78,0,79.12,07 April 2020
2020,4,8,2.09,1.61,23.12,18.82,29.44,19.18,0,79.56,08 April 2020
2020,4,9,2.16,1.73,22.54,18.84,28.25,19.55,0,82,09 April 2020
2020,4,10,1.91,2.11,22.94,18.58,29.3,19.04,0,79.25,10 April 2020
2020,4,11,1.35,2.2,22.51,19.21,28.37,19.26,10.55,83.81,11 April 2020
2020,4,12,1.31,2.11,21.01,18.54,24.57,19.08,5.27,86.69,12 April 2020
2020,4,13,1.73,2.16,20.89,18.19,24.9,18.37,10.55,85.94,13 April 2020
2020,4,14,1.73,2.21,20.21,17.77,24.36,17.65,5.27,87.25,14 April 2020
2020,4,15,2.13,2.53,21.25,18.15,26.21,18.08,5.27,84.69,15 April 2020
2020,4,16,1.97,1.65,20.45,17.96,23.59,18.39,0,86.88,16 April 2020
2020,4,17,2.19,1.87,20.69,17.97,25.44,18.47,0,85.81,17 April 2020
2020,4,18,1.47,2.2,20.66,17.79,25.38,17.43,10.55,85.19,18 April 2020
2020,4,19,2.09,1.91,21.37,17.91,26.92,18.29,5.27,82.75,19 April 2020
2020,4,20,2.18,2.32,21.69,17.67,27.54,17.57,0,80.5,20 April 2020
2020,4,21,1.96,2.16,20.95,17.97,25.87,18.24,5.27,84.62,21 April 2020
2020,4,22,2.11,2.05,20.92,18.2,26.06,18.05,5.27,85.94,22 April 2020
2020,4,23,2.05,2.19,21.07,17.94,25.89,17.55,0,84.25,23 April 2020
2020,4,24,2,2.88,20.87,18.46,24.52,18.79,5.27,87.31,24 April 2020
2020,4,25,2.29,2.58,21.24,18.23,26.52,17.95,0,84.81,25 April 2020
2020,4,26,2.31,2.09,22.26,18.14,28.18,18.77,0,80.75,26 April 2020
2020,4,27,2.01,1.52,21.99,18.62,26.8,18.83,0,83.31,27 April 2020
2020,4,28,1.93,2.05,22.59,18.85,28.26,18.91,0,81.94,28 April 2020
2020,4,29,1.94,2.13,21.81,18.95,25.33,19.94,0,85.12,29 April 2020
2020,4,30,1.96,2.64,21.19,19.3,24.15,19.76,0,89.69,30 April 2020
2020,5,1,2.06,2.17,22.27,18.95,26.79,19.55,0,83.31,01 May 2020
2020,5,2,1.74,2.03,23.18,19.3,29.65,19.15,5.27,81.44,02 May 2020
2020,5,3,1.79,1.85,21.83,19.65,24.33,19.8,0,88.25,03 May 2020
2020,5,4,1.99,1.72,22.47,19.23,27.68,19.04,5.27,84,04 May 2020
2020,5,5,1.89,1.93,21.69,19.02,25.43,19.43,0,85.88,05 May 2020
2020,5,6,1.83,1.66,22.33,18.64,28.18,18.85,0,81.94,06 May 2020
2020,5,7,1.4,1.64,21.98,19.44,25.4,19.85,0,86.75,07 May 2020
2020,5,8,1.8,1.52,23.03,18.73,28.68,19.19,0,79.88,08 May 2020
2020,5,9,2.12,1.85,23.51,18.83,28.91,19.38,0,78.12,09 May 2020
2020,5,10,1.84,2.02,23.05,19.72,28.16,19.85,5.27,83.62,10 May 2020
2020,5,11,1.89,2.05,21.65,19.81,25.12,19.2,15.82,90,11 May 2020
2020,5,12,1.52,2.7,20.86,18.06,25.65,18.41,5.27,85.19,12 May 2020
2020,5,13,1.67,1.58,21.26,17.76,26.94,17.97,0,82.38,13 May 2020
2020,5,14,2.33,1.95,22.37,18.74,28.08,18.85,0,82.44,14 May 2020
2020,5,15,2.2,1.36,22.01,18.21,25.65,19.16,0,81.12,15 May 2020
2020,5,16,2.23,1.52,23.01,17.98,29.73,18.01,0,76.81,16 May 2020
2020,5,17,2.07,1.62,22.62,19.37,27.33,19.72,5.27,83.94,17 May 2020
2020,5,18,1.91,2.02,22.2,18.51,27.26,19.01,5.27,81.69,18 May 2020
2020,5,19,1.66,2.07,22.06,18.76,26.61,19.38,0,83.31,19 May 2020
2020,5,20,2.27,1.88,22.48,18.83,27.02,19.31,0,82,20 May 2020
2020,5,21,1.99,1.9,22.7,19.06,26.76,19.65,0,82,21 May 2020
2020,5,22,1.79,1.97,22.84,18.91,28.11,19.22,0,81.31,22 May 2020
2020,5,23,2.22,1.78,22.52,19.2,26.65,19.8,0,83.44,23 May 2020
2020,5,24,1.91,1.33,23.4,17.74,29.91,18.83,0,75.19,24 May 2020
2020,5,25,2.05,1.82,22.58,17.7,28.3,18.88,5.27,77.19,25 May 2020
2020,5,26,1.68,1.34,23.03,18.05,29.15,18.69,0,76.94,26 May 2020
2020,5,27,1.13,1.48,21.75,17.73,26.38,18.62,0,80.31,27 May 2020
2020,5,28,1.68,1.73,21.06,18.48,24.67,19.27,5.27,86.44,28 May 2020
2020,5,29,1.84,2.67,20.35,18.35,24.13,18.3,5.27,89.19,29 May 2020
2020,5,30,1.57,2.32,20.18,17.58,24.57,17.62,5.27,86.25,30 May 2020
2020,5,31,1.96,1.98,20.71,17.42,25.99,17.49,5.27,83.38,31 May 2020
2020,6,1,1.83,2.2,21.01,18.2,25.68,18.16,5.27,85.5,01 June 2020
2020,6,2,1.74,2.37,21.21,18.51,25.81,18.33,5.27,86.25,02 June 2020
2020,6,3,1.24,2.02,20.45,18.33,24.4,18.49,5.27,88.62,03 June 2020
2020,6,4,1.96,2.14,22.1,17.85,28.59,17.75,0,79.38,04 June 2020
2020,6,5,1.75,1.89,21.87,18.34,26.68,18.95,0,82.69,05 June 2020
2020,6,6,1.48,1.61,22.08,17.68,28.3,18.06,0,79.12,06 June 2020
2020,6,7,2.04,1.53,22.41,17.4,28.71,18.45,0,77.06,07 June 2020
2020,6,8,2.07,1.33,22.73,16.58,29.48,17.98,0,72.75,08 June 2020
2020,6,9,2.21,2.05,21.83,17.08,27.13,17.41,5.27,77.75,09 June 2020
2020,6,10,2.11,2.88,20.6,18.87,23.92,19.14,21.09,90.56,10 June 2020
2020,6,11,1.98,2.58,20.81,17.66,25.88,17.83,0,84.19,11 June 2020
2020,6,12,1.81,2.52,20.37,18.37,23.34,18.6,0,89.12,12 June 2020
2020,6,13,2.08,2.09,20.99,18.45,24.73,18.35,5.27,86.69,13 June 2020
2020,6,14,1.68,1.31,21.38,18.03,26.33,17.83,0,83.5,14 June 2020
2020,6,15,2.08,1.48,21.83,17.37,27.87,17.48,0,79.19,15 June 2020
2020,6,16,1.87,1.89,21.83,18.37,26.59,18.19,0,83,16 June 2020
2020,6,17,1.75,1.67,21.48,18.22,25.35,18.96,0,83.31,17 June 2020
2020,6,18,2.17,1.71,21.86,18.09,27.64,18.29,0,81.81,18 June 2020
2020,6,19,2.16,1.88,21.39,18.36,25.73,18.55,0,84.75,19 June 2020
2020,6,20,1.84,1.76,21.83,17.96,27.08,18.28,0,81.44,20 June 2020
2020,6,21,1.94,1.42,22.46,17.83,27.57,18.9,0,78.69,21 June 2020
2020,6,22,2.1,1.31,22.64,17.89,28.98,18.02,10.55,78.69,22 June 2020
2020,6,23,1.86,1.62,22.03,17.12,28.7,17.79,21.09,77.44,23 June 2020
2020,6,24,2.02,1.65,21.35,18.65,25.58,18.42,47.46,86.5,24 June 2020
2020,6,25,2,1.77,21.3,17.89,25.73,17.94,0,83.06,25 June 2020
2020,6,26,1.77,1.66,21.35,17.87,26.11,18.23,0,82.94,26 June 2020
2020,6,27,1.86,1.63,22.15,17.87,28.34,18.74,0,79.81,27 June 2020
2020,6,28,1.58,1.7,21.59,17.38,27.97,17.93,0,79.88,28 June 2020
2020,6,29,2.17,1.61,21.57,17.72,26.9,18.01,0,81.31,29 June 2020
2020,6,30,1.96,2.07,21.11,17.83,25.57,17.92,0,83.75,30 June 2020
2020,7,1,1.65,2.17,21.07,18.12,25.3,18.51,5.27,85,01 July 2020
2020,7,2,1.88,1.94,21.08,18.04,25.34,18.45,0,84.62,02 July 2020
2020,7,3,1.56,1.98,21.15,18.05,26.27,18.06,10.55,84.5,03 July 2020
2020,7,4,1.72,2.1,20.71,18.23,25.15,18.33,5.27,87.12,04 July 2020
2020,7,5,2.03,2.04,21.19,17.62,26.83,17.41,0,82.44,05 July 2020
2020,7,6,2.02,1.66,21.24,17.94,26.61,18.25,0,83.69,06 July 2020
2020,7,7,1.85,1.87,20.8,17.63,24.01,18.05,5.27,83.88,07 July 2020
2020,7,8,2.24,2.45,20.57,18.21,23.94,18.67,0,87.38,08 July 2020
2020,7,9,2.18,1.66,21.63,18.03,27.28,17.51,21.09,82.5,09 July 2020
2020,7,10,1.38,1.75,20.13,18.08,22.86,18.17,73.83,89.25,10 July 2020
2020,7,11,1.91,1.75,20.76,17.54,26.27,17.18,5.27,84,11 July 2020
2020,7,12,2.1,1.99,21.32,18,26.7,17.59,0,83.5,12 July 2020
2020,7,13,2.27,1.69,21.23,18.19,25.45,18.4,0,84.56,13 July 2020
2020,7,14,2.33,1.13,21.58,17.06,27.91,17.29,0,79.06,14 July 2020
2020,7,15,2.39,1.69,21.67,15.77,28.34,16.49,0,73.56,15 July 2020
2020,7,16,2.45,1.75,21.72,16.51,28.73,17.29,0,76.19,16 July 2020
2020,7,17,2.34,1.98,22.06,15.75,28.58,17.01,0,70.94,17 July 2020
2020,7,18,2.28,1.57,21.89,17.19,28.08,17.19,0,78.25,18 July 2020
2020,7,19,2,1.34,21.7,17.9,26.26,18.61,0,81.69,19 July 2020
2020,7,20,1.78,1.53,21.69,16.55,27.92,17.83,0,76.38,20 July 2020
2020,7,21,2.04,2.02,21.26,17.49,26.53,17.78,0,81.5,21 July 2020
2020,7,22,1.59,2.61,20.4,17.96,24.91,18.15,0,87.25,22 July 2020
2020,7,23,1.9,2.21,20.23,17.74,24.52,17.62,0,86.94,23 July 2020
2020,7,24,1.66,2.13,20.41,18.01,24.8,17.92,10.55,87.5,24 July 2020
2020,7,25,1.73,1.78,20.5,17.77,25.13,17.73,5.27,86,25 July 2020
2020,7,26,2.03,1.15,21.44,16.33,28.01,16.84,0,77,26 July 2020
2020,7,27,1.77,1.95,21.33,17.22,26.54,17.16,5.27,80.31,27 July 2020
2020,7,28,2.09,1.95,21.59,17.83,26.49,17.69,0,81.69,28 July 2020
2020,7,29,1.83,2.02,21.28,18.4,25.42,18.8,0,85.31,29 July 2020
2020,7,30,2.11,1.5,22.33,17.4,29.34,17.39,0,77.69,30 July 2020
2020,7,31,2.43,1.73,22.56,17.33,29.04,17.31,0,76.31,31 July 2020
2020,8,1,2.59,1.78,22.65,17.87,28.76,18.21,0,78.06,01 August 2020
2020,8,2,2.61,1.46,22.95,16.91,30.12,18,0,73.69,02 August 2020
2020,8,3,2.14,2.04,22.23,16.08,28.58,17.15,0,72.12,03 August 2020
2020,8,4,2.05,1.88,22.09,15.48,28.84,17.54,0,70.94,04 August 2020
2020,8,5,1.53,1.91,21.69,15.62,28.83,16.4,0,72.62,05 August 2020
2020,8,6,1.34,1.39,21.9,16.48,28.29,17.26,0,75.38,06 August 2020
2020,8,7,1.6,1.15,22.44,16.13,29.66,17.06,0,72.19,07 August 2020
2020,8,8,1.99,1.57,22.94,16.08,30.95,17.55,0,70.19,08 August 2020
2020,8,9,1.85,1.77,22.54,16.62,29.83,17.05,0,73.62,09 August 2020
2020,8,10,1.61,2.12,22.11,17.21,27.99,17.2,0,77,10 August 2020
2020,8,11,1.63,2.32,22.35,17.87,29.67,17.98,0,79.06,11 August 2020
2020,8,12,1.93,2.08,22.44,18.39,28.79,18.39,0,80.62,12 August 2020
2020,8,13,1.46,2.12,21.43,18.27,26.79,18.88,5.27,83.94,13 August 2020
2020,8,14,1.64,1.98,21.9,17.87,28.23,18.41,5.27,80.44,14 August 2020
2020,8,15,1.47,2.38,21.47,17.7,26.82,18.23,5.27,81.44,15 August 2020
2020,8,16,1.66,2.12,21.66,17.44,28.28,17.32,5.27,80.44,16 August 2020
2020,8,17,1.67,2.71,21.2,18.44,26.12,18.65,5.27,86,17 August 2020
2020,8,18,1.58,3.98,20.14,18.56,22.99,18.26,5.27,91.19,18 August 2020
2020,8,19,1.4,2.49,19.67,17.66,23.32,17.27,10.55,89.12,19 August 2020
2020,8,20,2.03,2.45,20.9,17.87,26.15,17.42,0,84.75,20 August 2020
2020,8,21,1.9,2.18,20.97,17.43,27.25,17.7,5.27,82.62,21 August 2020
2020,8,22,1.77,1.79,21.29,16.91,27.05,17.52,0,79.06,22 August 2020
2020,8,23,2.23,2.43,21.37,17.26,27.33,17.78,5.27,80.06,23 August 2020
2020,8,24,2.01,2.38,21.17,17.63,26.63,18.08,0,82.38,24 August 2020
2020,8,25,1.85,2.53,20.15,17.05,25.24,17.14,0,83.94,25 August 2020
2020,8,26,1.98,2.52,20.25,16.49,26.17,16.6,0,81.25,26 August 2020
2020,8,27,1.64,2.11,20.69,16.53,26.21,16.76,0,79.62,27 August 2020
2020,8,28,1.95,2.52,21.18,17.24,26.7,17.78,0,80.69,28 August 2020
2020,8,29,1.83,2.84,20.94,17.35,26.15,17.44,5.27,82.44,29 August 2020
2020,8,30,2.05,2.1,20.4,17.33,24.54,17.82,5.27,84.44,30 August 2020
2020,8,31,2.34,1.86,21.34,17.68,26.16,17.97,0,81.94,31 August 2020
2020,9,1,2.09,2.05,21.17,17.87,26.05,18.55,5.27,83.69,01 September 2020
2020,9,2,1.87,2.12,20.23,17.93,23.27,17.7,0,87.94,02 September 2020
2020,9,3,2.53,1.98,21.11,17.74,25.62,17.98,0,83.19,03 September 2020
2020,9,4,2.07,2.15,21.95,17.87,27.14,18.05,0,80.38,04 September 2020
2020,9,5,2.36,2.3,22.21,18.55,26.87,19.52,0,82.06,05 September 2020
2020,9,6,2,2.41,21.38,17.94,25.98,18.48,0,83.06,06 September 2020
2020,9,7,2.36,2.54,20.81,17.98,25.55,18.3,0,85.56,07 September 2020
2020,9,8,1.34,2.4,20.67,17.73,25.59,17.9,0,85.12,08 September 2020
2020,9,9,2.54,1.95,22.12,16.49,29.04,17.12,0,75.25,09 September 2020
2020,9,10,2.26,1.84,21.76,17.39,26.69,17.91,0,79.19,10 September 2020
2020,9,11,2.19,2.05,22,17.97,27.11,18.45,0,80.5,11 September 2020
2020,9,12,2.25,2.09,21.01,18.62,24.38,18.72,10.55,87.5,12 September 2020
2020,9,13,1.91,1.79,22.08,17.76,28.19,18.26,0,79.81,13 September 2020
2020,9,14,2.33,1.77,22.44,17.27,28.83,18.3,0,76.88,14 September 2020
2020,9,15,1.7,1.98,21.65,18.02,25.69,18.83,5.27,82.31,15 September 2020
2020,9,16,2.14,2.73,21.4,18.04,26.23,18.42,0,83.31,16 September 2020
2020,9,17,2.17,2.8,20.31,17.71,24.22,18.33,5.27,86.31,17 September 2020
2020,9,18,2.17,2.41,20.73,17.96,26.12,17.5,5.27,85.88,18 September 2020
2020,9,19,2.15,1.84,20.98,17.93,25.23,18.2,0,84.31,19 September 2020
2020,9,20,2.02,1.88,21.8,18.44,26.48,18.63,0,83.25,20 September 2020
2020,9,21,2.37,1.97,21.9,17.55,27.4,17.86,0,79.19,21 September 2020
2020,9,22,2.59,2.43,22.58,17.51,29.36,17.63,0,77.56,22 September 2020
2020,9,23,1.83,1.84,21.73,18.28,25.58,19.37,0,82.75,23 September 2020
2020,9,24,1.99,1.36,22.12,17.11,27.69,18.33,0,76.94,24 September 2020
2020,9,25,2.26,2.35,21.82,16.9,27.56,17.55,0,77.75,25 September 2020
2020,9,26,1.76,2.55,20.44,17.8,23.62,17.77,0,86,26 September 2020
2020,9,27,2.3,2.48,21.58,16.86,28.51,17.36,0,77.81,27 September 2020
2020,9,28,2.21,2,21.1,18.15,24.59,18.84,0,85.19,28 September 2020
2020,9,29,1.65,2.11,20.89,17.83,24.95,18.33,0,84.62,29 September 2020
2020,9,30,1.84,2.07,21.57,17.15,27.49,17.61,0,79.06,30 September 2020
2020,10,1,2.28,2.05,21.44,17.72,25.39,18.23,0,81.62,01 October 2020
2020,10,2,2.16,2.45,20.92,18.32,24.24,18.98,0,86.38,02 October 2020
2020,10,3,1.9,2.41,20.91,18.15,24.4,18.64,0,85.56,03 October 2020
2020,10,4,1.68,2.12,21.12,17.53,25.83,17.98,0,82.44,04 October 2020
2020,10,5,2.35,1.78,21.83,17.22,28.07,17.66,0,78.69,05 October 2020
2020,10,6,2.33,2.27,21.94,17.33,27.66,17.86,0,78.69,06 October 2020
2020,10,7,1.72,2.07,20.96,18.25,24.31,19.08,5.27,86.06,07 October 2020
2020,10,8,2.17,1.64,21.54,17.76,26.12,18.15,5.27,81.69,08 October 2020
2020,10,9,2.38,1.78,21.87,16.92,27.55,17.87,0,77.12,09 October 2020
2020,10,10,2.57,1.59,22.95,16.91,30.63,17.63,0,74.19,10 October 2020
2020,10,11,2.44,1.44,21.8,18.5,25.78,19.37,10.55,83.56,11 October 2020
2020,10,12,2.53,1.72,21.58,18.2,26.02,18.84,10.55,83.25,12 October 2020
2020,10,13,1.89,2.19,21.29,18.05,25.74,18.86,0,83.75,13 October 2020
2020,10,14,2.22,2.23,20.85,18.33,24.17,18.63,0,86.88,14 October 2020
2020,10,15,2.32,2.13,21.73,17.71,26.88,18.29,0,80.31,15 October 2020
2020,10,16,1.95,1.84,22.88,17.78,28.99,18.61,0,76.69,16 October 2020
2020,10,17,1.82,2.15,22.37,18.76,27.3,19.05,0,82.38,17 October 2020
2020,10,18,1.98,1.77,21.47,18.62,25.6,19.22,10.55,85.5,18 October 2020
2020,10,19,1.82,2.2,20.14,18.33,22.67,18.87,5.27,90,19 October 2020
2020,10,20,2.24,1.78,20.83,18.17,25.05,18.37,0,86.19,20 October 2020
2020,10,21,2,2.1,21.68,18.22,26.22,18.87,5.27,82.69,21 October 2020
2020,10,22,2.07,2.02,22.31,17.76,27.75,18.29,0,78.88,22 October 2020
2020,10,23,1.9,1.99,22.06,17.82,27.88,18.29,0,80,23 October 2020
2020,10,24,1.63,2.51,21.15,18.3,25.43,18.85,0,85.31,24 October 2020
2020,10,25,2.35,2.97,21.23,18.5,25.8,18.76,0,85.88,25 October 2020
2020,10,26,2.2,2.85,20.8,18.87,23.21,19.28,0,89.44,26 October 2020
2020,10,27,1.99,3.17,20.52,19.15,24.48,18.44,5.27,92.12,27 October 2020
2020,10,28,1.58,3.49,20.31,19.08,22.87,18.86,15.82,93.19,28 October 2020
2020,10,29,2.43,2.49,21.23,18.51,26.74,17.94,5.27,86.38,29 October 2020
2020,10,30,2.08,2.86,21.29,18.56,25.91,18.57,0,86.25,30 October 2020
2020,10,31,1.6,2.74,21.11,18.3,26.22,18.09,0,85.81,31 October 2020
2020,11,1,1.97,2.41,21.15,18.06,26.98,17.9,0,84.81,01 November 2020
2020,11,2,2.49,2.8,21.79,18.31,27.72,17.5,0,82.81,02 November 2020
2020,11,3,2.44,2.52,21.62,17.96,27.33,18.14,0,82.56,03 November 2020
2020,11,4,2.41,2.81,21.93,17.7,28.32,17.71,0,80.44,04 November 2020
2020,11,5,1.64,2.95,20.18,18.14,23.77,18.58,0,88.88,05 November 2020
2020,11,6,1.81,2.6,20.49,17.83,24.3,18.01,0,86.12,06 November 2020
2020,11,7,2.08,2.71,21.21,17.82,27.33,17.8,0,83.25,07 November 2020
2020,11,8,1.95,2.62,21.12,17.8,26.73,18.17,0,83.5,08 November 2020
2020,11,9,1.51,2.8,20.33,17.67,25.21,17.95,0,86.12,09 November 2020
2020,11,10,1.62,2.7,19.62,17.4,23.81,17.59,36.91,88,10 November 2020
2020,11,11,1.84,2.09,19.89,17.63,24.66,17.26,10.55,88.31,11 November 2020
2020,11,12,2.14,2.55,20.4,18.01,24.6,17.83,0,87.56,12 November 2020
2020,11,13,1.97,2.56,19.9,18.1,22.66,18.05,0,90.12,13 November 2020
2020,11,14,2.02,2.31,20.58,16.71,26.56,17.3,0,81.81,14 November 2020
2020,11,15,2.23,2.25,20.74,17.56,26.15,17.24,15.82,84.25,15 November 2020
2020,11,16,1.61,1.53,20.21,17.91,24.41,17.91,21.09,88.12,16 November 2020
2020,11,17,1.26,2.45,19.34,17.69,22.26,17.66,0,90.81,17 November 2020
2020,11,18,1.63,1.98,19.94,17.17,24.54,17.12,0,85.88,18 November 2020
2020,11,19,1.57,2.27,19.15,17.86,21.55,17.73,5.27,92.75,19 November 2020
2020,11,20,1.56,2.02,19.51,17.74,23.3,17.48,10.55,90.5,20 November 2020
2020,11,21,2.02,1.95,19.9,17.73,24.26,17.35,0,88.56,21 November 2020
2020,11,22,1.96,2.54,20.62,17.97,26.05,17.32,0,86.31,22 November 2020
2020,11,23,2.02,1.77,20.76,18.42,24.14,18.15,10.55,87.56,23 November 2020
2020,11,24,1.72,1.97,20.76,18.83,24.04,18.01,5.27,89.81,24 November 2020
2020,11,25,1.9,2.11,20.55,18.6,23.92,18.44,0,89.69,25 November 2020
2020,11,26,1.88,2.57,20.33,18.97,22.75,18.84,0,92.44,26 November 2020
2020,11,27,1.63,2.77,20.1,18.53,22.66,18.58,0,91.38,27 November 2020
2020,11,28,1.98,2.35,21.16,18.61,26.26,17.92,0,86.94,28 November 2020
2020,11,29,2.01,2.13,21.47,19,25.69,19.13,0,87.12,29 November 2020
2020,11,30,2.06,2.38,20.82,19.06,23.09,19.52,0,90.31,30 November 2020
2020,12,1,1.81,2.89,20.22,18.65,23.12,18.25,0,91.25,01 December 2020
2020,12,2,1.79,2.34,20.05,17.88,24.25,17.74,10.55,88.44,02 December 2020
2020,12,3,1.98,2.98,20.08,18.26,24.02,17.37,0,90.19,03 December 2020
2020,12,4,1.8,2.38,20.48,18.45,23.79,18.43,0,89.06,04 December 2020
2020,12,5,1.87,2.2,21.04,18.97,25,18.33,0,89.06,05 December 2020
2020,12,6,2,2.12,20.82,18.72,23.2,18.54,0,88.62,06 December 2020
2020,12,7,1.91,2.37,21.08,18.39,26.26,17.54,0,86.38,07 December 2020
2020,12,8,1.89,2.84,20.26,18.88,23.07,18.23,0,92.25,08 December 2020
2020,12,9,2.1,2.4,21.06,17.96,26.09,17.08,0,84.19,09 December 2020
2020,12,10,2.12,2.92,20.85,18.28,25.37,17.88,0,86.62,10 December 2020
2020,12,11,2.03,2.27,20.69,18.7,24.32,18,0,89.38,11 December 2020
2020,12,12,2.17,3.12,20.27,19.3,22.06,19.01,0,94.44,12 December 2020
2020,12,13,2.13,2.06,21.38,18.6,26.03,18.5,0,85.81,13 December 2020
2020,12,14,2.04,2.06,20.48,17.71,24.15,18.28,0,85.69,14 December 2020
2020,12,15,1.87,2.59,19.87,18,23.09,17.12,0,89.69,15 December 2020
2020,12,16,2.12,2.48,21.21,17.56,27.42,17.29,0,82.31,16 December 2020
2020,12,17,1.72,2.65,20.6,18.68,24.39,18.22,15.82,89.62,17 December 2020
2020,12,18,1.9,2.4,20.23,18.88,22.67,18.37,5.27,92.56,18 December 2020
2020,12,19,1.93,3.95,20.56,18.87,23.23,19.02,0,90.69,19 December 2020
2020,12,20,1.86,2.52,19.78,18.63,22.38,18.34,0,93.56,20 December 2020
2020,12,21,2.38,2.05,21.18,18.36,26.05,17.34,0,85.62,21 December 2020
2020,12,22,1.76,2.41,21.08,19.06,24.53,19.12,0,89.38,22 December 2020
2020,12,23,2,2.35,20.9,19.01,24.26,19.24,0,89.81,23 December 2020
2020,12,24,1.94,2.85,20.23,18.97,22.51,18.34,0,92.81,24 December 2020
2020,12,25,1.62,2.62,19.25,17.98,21.62,17.6,15.82,92.88,25 December 2020
2020,12,26,1.67,1.89,19.39,16.55,24.16,16.19,5.27,85.19,26 December 2020
2020,12,27,1.86,1.77,19.18,17.22,22.65,17.1,21.09,89.44,27 December 2020
2020,12,28,2,1.67,20.19,17.47,24.75,17.37,5.27,86.31,28 December 2020
2020,12,29,1.91,2.85,19.76,18.05,22.8,17.95,0,90.56,29 December 2020
2020,12,30,1.7,2.7,19.6,17.57,23.15,17.87,10.55,89.19,30 December 2020
2020,12,31,2,2.84,19.87,18.08,23.92,17.23,21.09,90.38,31 December 2020
2021,1,1,1.79,2.37,19.9,18.62,22.29,18.37,5.27,92.81,
2021,1,2,1.58,2.28,20.08,18.42,23.03,18.3,5.27,90.88,
2021,1,3,1.64,2.65,19.96,18.13,24.19,17.68,10.55,90.06,
2021,1,4,1.95,2.88,20.31,18.09,25.22,17.09,5.27,88.44,
2021,1,5,1.45,3.42,19.9,18.06,23.9,17.85,5.27,90.25,
2021,1,6,1.9,1.94,19.19,17.46,21.9,17.4,0,90.44,
2021,1,7,2.15,1.96,20.08,17.66,24.19,17.15,0,87.12,
2021,1,8,1.73,2.5,19.92,18.54,22.02,18.33,5.27,92.44,
2021,1,9,1.93,2.23,19.68,17.35,23.48,17.08,15.82,87.5,
2021,1,10,2.05,1.95,20.4,17.77,25.39,16.97,5.27,86.38,
2021,1,11,1.9,1.82,20.77,17.91,25.49,17.68,5.27,85.31,
2021,1,12,2.1,2.01,21.01,18.3,25.62,17.86,0,86.19,
2021,1,13,2.01,2.05,21.56,18.74,26.71,18.29,0,85.94,
2021,1,14,1.89,2.48,20.79,19.26,23.96,19.23,5.27,91.62,
2021,1,15,1.95,2.77,20.24,18.48,24.02,18.31,0,90.44,
2021,1,16,2.16,3.31,19.83,18.22,23.26,17.51,0,90.81,
2021,1,17,2.05,2.48,20.62,17.72,26.44,16.16,0,85.31,
2021,1,18,2,2.34,21.15,18.65,25.5,17.58,0,87,
2021,1,19,2.25,2.44,21.31,18.83,25.02,18.77,0,87.06,
2021,1,20,2.26,2.2,21.83,18.33,26.9,18.3,0,82.81,
2021,1,21,2.07,2.52,21.19,18.33,25.43,18.8,10.55,85.06,
2021,1,22,2,2.3,20.6,17.78,25.76,17.55,21.09,85.25,
2021,1,23,2.13,1.93,20.8,18.51,25.12,18.05,5.27,87.94,
2021,1,24,2.03,2.01,21.02,18.89,24.74,18.97,15.82,88.69,
2021,1,25,1.82,2.2,21.37,18.54,25.63,18.58,10.55,85.44,
2021,1,26,1.98,2.01,20.73,18.58,24.65,18.57,15.82,88.44,
2021,1,27,2.14,2.48,20.9,18.97,24.13,18.86,15.82,89.44,
2021,1,28,2.01,2.91,21.17,19.38,25.05,19.3,10.55,90.31,
2021,1,29,2.31,2.63,21.4,19.23,25.59,19.02,0,88.56,
2021,1,30,2.17,1.45,22.1,17.8,28.59,17.34,5.27,79.88,
2021,1,31,2.56,1.91,22.15,18.01,28.23,17.04,0,80.19,
2021,2,1,1.91,2.36,21.57,18.79,25.33,18.88,0,85.44,
2021,2,2,2.03,2.67,21.92,18.94,26.68,18.28,0,85,
2021,2,3,1.99,2.17,22.01,19.69,24.91,20.12,0,88,
2021,2,4,2.09,2.67,21.17,19.25,23.78,19.21,5.27,89.56,
2021,2,5,1.91,2.95,21.23,19.44,24.54,19.6,5.27,90.31,
2021,2,6,2.03,2.1,21.71,18.99,26.76,18.51,15.82,86.06,
2021,2,7,1.71,2.24,22.2,19.22,27.45,18.47,5.27,84.94,
2021,2,8,1.64,2.87,21.65,19.39,25.83,19.51,0,88.12,
2021,2,9,1.87,2.3,20.98,18.9,24.77,18.98,0,88.81,
2021,2,10,1.96,3.1,21.3,19.08,25.76,19.05,5.27,88.44,
2021,2,11,2.2,2.46,21.01,19.04,25.21,18.73,0,89.5,
2021,2,12,1.69,3.05,20.87,18.88,25.25,18.41,0,89.44,
2021,2,13,1.94,2.25,20.93,17.99,26.21,18.05,0,84.75,
2021,2,14,2.14,2.57,20.75,17.7,25.31,17.66,0,84.12,
2021,2,15,1.53,1.95,19.87,17.3,23.66,16.98,15.82,85.94,
2021,2,16,2.1,2.52,21,18.2,26.48,17.53,5.27,85.56,
2021,2,17,1.94,3.11,20.5,18.3,25.12,18.11,0,88.44,
2021,2,18,1.95,2.72,20.87,18.34,25.23,17.97,0,86.94,
2021,2,19,2.03,2.5,20.97,18.26,25.99,17.74,5.27,86.12,
2021,2,20,2.25,2.53,21.41,17.81,27.2,17.9,0,82.62,
2021,2,21,2.16,2.84,21.08,18.01,25.77,17.94,0,84.5,
2021,2,22,1.87,2.41,20.44,17.94,24.19,17.6,0,86.88,
2021,2,23,2.22,2.02,20.57,18,23.12,18.51,0,86.25,
2021,2,24,1.95,1.91,22.04,18.79,26.74,18.82,0,83.75,
2021,2,25,1.82,1.98,22.44,19.23,27.19,19.21,0,84,
2021,2,26,1.97,2.09,21.49,19.04,24.48,19.05,5.27,87.38,
2021,2,27,1.84,2.35,20.99,18.69,24.18,19.19,10.55,87.62,
2021,2,28,1.76,2.84,20.88,19.27,24.11,18.67,5.27,91.19,
2021,3,1,1.29,1.8,19.76,17.86,22.57,17.69,5.27,89.5,
2021,3,2,1.99,2.2,20.62,17.79,24.51,17.95,5.27,84.81,
2021,3,3,2.11,2.3,21,18.43,25.5,18.13,0,86.69,
2021,3,4,2.36,2.13,21.37,18.41,26.15,18.27,0,85.19,
2021,3,5,2.11,2.25,20.44,18.67,22.84,19.08,0,90.25,
2021,3,6,1.9,1.82,21.35,18.47,25.87,18.27,0,85.12,
2021,3,7,1.49,2.24,20.9,19.11,23.98,18.9,15.82,90.31,
2021,3,8,0.86,2.23,20.55,18.36,23.38,18.05,31.64,88.25,
2021,3,9,2.27,2.27,21.47,18.37,26.46,18.01,0,84.62,
2021,3,10,1.38,3.17,20.01,17.9,23.16,17.94,5.27,88.81,
2021,3,11,1.51,1.88,20.08,17.13,24.17,17.44,0,84.62,
2021,3,12,1.97,1.81,19.94,16.51,24.15,16.82,0,82.38,
2021,3,13,1.9,1.45,20.48,16.96,24.51,17.69,10.55,81.81,
2021,3,14,2.28,2.11,20.96,18.23,25.33,17.76,5.27,86,
2021,3,15,1.65,1.76,20.16,17.05,23.33,17.81,5.27,83.69,
2021,3,16,2.05,1.89,21.11,17.62,25.8,18.04,0,82.12,
2021,3,17,2.05,2.34,19.97,16.86,23.08,17.87,0,83.5,
2021,3,18,1.83,1.98,19.99,16.48,25.64,16.44,0,82,
2021,3,19,2.28,2.41,21.3,16.69,27.78,17.44,0,77.81,
2021,3,20,2.1,1.88,21.23,17.93,26.55,17.48,0,83.62,
2021,3,21,2.47,2.3,20.66,18.95,24.54,18.51,10.55,90.75,
2021,3,22,1.41,2.3,20.72,17.73,25.23,17.78,10.55,84.81,
2021,3,23,2.59,2.61,21.66,17.06,27.46,17.26,0,78.06,
2021,3,24,1.88,1.95,20.95,18.37,25.26,18.54,0,86.62,
2021,3,25,2.27,1.93,20.54,18.54,23.12,18.87,0,88.94,
2021,3,26,1.84,2.45,20.4,18.07,24.24,18.09,0,87.44,
2021,3,27,1.94,2.41,20.52,18.54,23.77,18.25,0,89.19,
2021,3,28,2,1.84,21.26,18.41,26.22,18.33,15.82,85.31,
2021,3,29,2.12,1.8,21.67,18.66,25.73,18.71,5.27,84.44,
2021,3,30,2.19,1.64,22.09,18.55,26.74,18.87,0,82.31,
2021,3,31,2.16,2.08,22.62,19.1,26.57,19.07,0,82.25,
2021,4,1,1.06,1.97,21.41,19.23,24.62,19.13,5.27,88.44,
2021,4,2,2.29,2.02,21.37,19.27,25.24,19.37,31.64,88.38,
2021,4,3,1.97,1.83,20.87,18.88,24.56,18.76,58.01,88.94,
2021,4,4,1.87,1.45,21.12,18.58,25.1,18.3,21.09,86.12,
2021,4,5,2.32,1.74,21.57,18.75,26.73,18.06,42.19,85.25,
2021,4,6,1.72,2.02,21.05,19.15,24.12,19.26,52.73,89.38,
2021,4,7,1.85,1.38,21.53,18.26,27.39,17.83,15.82,83.19,
2021,4,8,2.01,1.92,20.91,18.94,24.46,18.4,36.91,88.94,
2021,4,9,1.68,1.92,20.54,18.95,23.42,18.7,47.46,90.94,
2021,4,10,2.15,2.07,20.86,18.68,24.57,18.56,36.91,87.81,
2021,4,11,2.15,1.59,20.62,18.5,24.12,18.44,15.82,88.19,
2021,4,12,1.7,0.96,21.14,18.25,25.45,17.75,5.27,84.5,
2021,4,13,2.31,1.44,21.3,18.88,26.08,18.3,21.09,86.88,
2021,4,14,1.9,1.36,21.26,18.63,25.71,18.14,10.55,85.81,
2021,4,15,1.85,1.59,21.05,18.79,25.15,18.52,42.19,87.5,
2021,4,16,1.78,1.71,20.1,18.75,22.3,18.4,58.01,92.19,
2021,4,17,2.09,1.8,20.12,18.53,23.23,18.28,21.09,91,
2021,4,18,1.87,2.5,19.84,18.3,23.26,17.9,36.91,91.25,
2021,4,19,2.33,1.25,20.33,17.59,24.76,17.4,15.82,85.25,
2021,4,20,2.19,1.95,20.92,17.22,27.04,16.03,5.27,81.06,
2021,4,21,2.28,1.13,21.11,17.82,25.78,17.69,10.55,82.75,
2021,4,22,2.37,2.06,21.39,18.69,26.15,17.84,10.55,85.56,
2021,4,23,1.75,1.74,20.79,18.56,24.66,18.35,26.37,87.69,
2021,4,24,2.31,1.62,20.8,18.28,25.82,16.95,5.27,86.38,
2021,4,25,1.82,2.23,20.52,18.69,24.35,18.08,15.82,89.69,
2021,4,26,1.54,2.14,20.54,18.58,24.44,18.37,15.82,89.12,
2021,4,27,1.74,2.6,19.82,18.67,22.15,18.12,105.47,93.38,
2021,4,28,1.97,2.63,19.27,18.34,22.05,17.83,158.2,94.56,
2021,4,29,1.93,2.54,19.49,17.53,23.85,17.12,47.46,89.06,
2021,4,30,1,1.59,19.48,17.3,23.65,16.8,36.91,88.06,
2021,5,1,2.44,2.14,20.2,17.62,24.62,17.08,5.27,86,
2021,5,2,-999,1.59,20.44,17.21,24.86,17.98,10.55,83.38,
2021,5,3,-999,1.88,19.76,17.16,23.52,17.35,10.55,85.62,
2021,5,4,-999,2.57,20.23,16.83,25.69,15.97,15.82,82.5,
2021,5,5,-999,1.98,20.5,18.18,25.03,17.66,15.82,87.62,
2021,5,6,-999,2.18,19.8,18.15,21.59,17.58,73.83,90.56,
2021,5,7,-999,2.5,21.07,17.62,26.65,17.19,10.55,82.06,
2021,5,8,-999,1.69,20.16,18.76,22.26,18.78,58.01,91.94,
2021,5,9,-999,1.41,21.05,18.91,24.95,18.31,26.37,88.12,
2021,5,10,-999,0.98,21.67,18.65,27.05,18.01,10.55,84.19,
2021,5,11,-999,1.37,21.78,18.98,27.33,17.85,47.46,85.25,
2021,5,12,-999,1.81,21.99,18.86,27.9,18.38,58.01,83.75,
2021,5,13,-999,1.7,22.33,19.41,27.81,18.33,21.09,84.75,
2021,5,14,-999,1.84,22.25,19.84,28.06,19.26,42.19,87.19,
2021,5,15,-999,2.11,22.04,19.12,27.89,18.83,142.38,84.75,
2021,5,16,-999,2.31,21.12,19.03,25.91,18.18,26.37,88.56,
2021,5,17,-999,1.96,20.87,18.76,25.68,18.32,52.73,88.5,
2021,5,18,-999,1.84,20.55,18.8,24.33,18,58.01,90.25,
2021,5,19,-999,1.84,21.48,18.96,26.11,18.48,63.28,86.44,
2021,5,20,-999,1.46,21.87,18.58,27.65,17.68,5.27,83.06,
2021,5,21,-999,1.98,21.49,19.07,26.08,17.8,21.09,86.88,
2021,5,22,-999,1.51,20.9,19.18,23.56,19.24,47.46,90.12,
2021,5,23,-999,1.65,21.28,18.67,25.71,18.41,21.09,85.88,
2021,5,24,-999,1.82,21.54,19.01,26.31,18.19,21.09,86.25,
2021,5,25,-999,1.73,22.05,18.82,28.4,18.13,21.09,83.56,
2021,5,26,-999,1.58,22.07,19.01,26.75,18.8,26.37,84,
2021,5,27,-999,1.61,21.74,19.23,25.73,18.9,31.64,86.25,
2021,5,28,-999,2.03,20.35,18.75,23.33,18.63,94.92,90.88,
2021,5,29,-999,2.79,20.44,18.22,24.28,17.28,21.09,87.75,
2021,5,30,-999,2.06,20.73,19.12,23.83,18.26,47.46,90.94,
2021,5,31,-999,1.53,20.93,19.15,24.11,18.92,73.83,90,
2021,6,1,-999,1.59,21.15,18.93,24.99,18.17,21.09,87.75,
2021,6,2,-999,1.69,20.35,18.68,22.51,18.42,94.92,90.38,
2021,6,3,-999,1.6,21.12,19.4,24.61,18.26,47.46,90.25,
2021,6,4,-999,1.42,21.41,19.16,25.41,18.58,58.01,87.62,
2021,6,5,-999,1.48,21.07,19.13,23.83,18.45,42.19,89,
2021,6,6,-999,2.25,20.95,18.87,25.44,18.05,52.73,88.56,
2021,6,7,-999,2.02,20.29,18.41,23.53,18.12,52.73,89.44,
2021,6,8,-999,1.99,19.91,17.71,24.74,16.78,26.37,88,
2021,6,9,-999,1.98,20.35,18.07,25.01,17.08,21.09,87.69,
2021,6,10,-999,1.84,20.64,18.8,24.12,18.37,63.28,89.62,
2021,6,11,-999,1.94,20.95,18.7,25.47,18.3,31.64,87.69,
2021,6,12,-999,1.59,21.23,18.83,25.79,18.15,63.28,87.06,
2021,6,13,-999,1.73,20.44,18.48,23.33,18.27,89.65,88.94,
2021,6,14,-999,2.41,19.94,18.32,23.15,17.69,100.2,90.88,
2021,6,15,-999,1.69,19.62,17.55,23.37,17.11,15.82,88.44,
2021,6,16,-999,1.38,20.88,18.19,25.48,17.75,21.09,85.31,
2021,6,17,-999,1.55,21.02,18.01,26.46,17.15,15.82,84.19,
2021,6,18,-999,1.49,21.62,18.26,27.08,17.3,26.37,82.81,
2021,6,19,-999,1.8,20.87,18.67,24.53,18.33,52.73,87.75,
2021,6,20,-999,1.03,21.23,17.58,26.98,17.04,15.82,81.56,
2021,6,21,-999,1.38,20.95,17.71,26.7,16.94,21.09,83.12,
2021,6,22,-999,1.84,20.44,17.76,25.13,16.98,26.37,85.56,
2021,6,23,-999,1.53,20.62,18.14,25.43,16.99,42.19,86.69,
2021,6,24,-999,1.95,20.24,18.13,24.08,17.53,31.64,88.25,
2021,6,25,-999,2.09,20.44,18.34,24.76,17.8,31.64,88.44,
2021,6,26,-999,2.54,19.94,18.24,23.37,17.62,58.01,90.31,
2021,6,27,-999,2.19,20.38,17.69,25.17,17.53,21.09,85.69,
2021,6,28,-999,1.69,20.97,18.3,25.77,17.35,15.82,85.62,
2021,6,29,-999,1.18,20.97,18.74,24.91,18.56,26.37,87.62,
2021,6,30,-999,1,20.74,18.02,25.11,17.8,58.01,85.38,
2021,7,1,-999,1.32,20.36,17.26,25.57,17.35,42.19,83.81,
2021,7,2,-999,1.34,20.47,17.02,25.93,15.76,10.55,82.19,
2021,7,3,-999,1.29,20.85,16.8,27.4,16.16,15.82,79.81,
2021,7,4,-999,1.52,20.77,15.88,27.21,15.75,5.27,76.19,
2021,7,5,-999,1.97,20.38,15.94,26.83,14.91,5.27,78.19,
2021,7,6,-999,1.41,21.23,17.15,27.62,15.98,5.27,79.69,
2021,7,7,-999,1.73,21.49,18.19,27.05,16.93,21.09,83,
2021,7,8,-999,1.58,20.88,18.77,24.75,17.68,100.2,88.31,
2021,7,9,-999,1.51,21.37,17.62,27.43,17.39,42.19,81.06,
2021,7,10,-999,1.62,21.01,17.88,26.02,17.65,21.09,83.56,
2021,7,11,-999,1.49,20.9,18,25.84,17.25,21.09,84.69,
2021,7,12,-999,1.34,21.13,18.07,26.67,16.84,36.91,84,
2021,7,13,-999,1.44,21.19,17.94,26.44,17.4,21.09,83,
2021,7,14,-999,1.52,21.32,17.96,26.9,16.92,21.09,82.62,
2021,7,15,-999,1.31,21.19,18.67,25.28,17.81,42.19,86.31,
2021,7,16,-999,2.16,20.8,17.91,24.9,17.74,42.19,84.5,
2021,7,17,-999,1.75,20.68,18.73,24.36,17.94,36.91,89,
2021,7,18,-999,1.49,20.8,18.69,24.43,18.49,26.37,88.06,
2021,7,19,-999,1.14,21.79,17.68,28.39,17.26,5.27,79.88,
2021,7,20,-999,1.61,21.91,17.44,28.25,17.47,5.27,77.75,
2021,7,21,-999,0.89,21.53,18.27,26.69,17.28,10.55,82.94,
2021,7,22,-999,1.08,22.06,18.91,27.51,18.78,21.09,83.56,
2021,7,23,-999,1.7,21.24,18.32,26.2,17.83,31.64,84.62,
2021,7,24,-999,2.27,20.08,18,23.84,17.56,31.64,88.44,
2021,7,25,-999,2.58,20.01,18.01,24.83,17.34,31.64,89.12,
2021,7,26,-999,2.34,20.08,17.76,24.45,17.13,15.82,87.38,
2021,7,27,-999,2.04,19.87,17.93,23.3,17.17,15.82,89.12,
2021,7,28,-999,1.27,21.49,18.03,27.38,17.58,10.55,82.31,
2021,7,29,-999,0.94,21.93,17.51,28.16,17.44,5.27,78.62,
2021,7,30,-999,0.83,21.6,17.7,26.98,18.2,10.55,80.38,
2021,7,31,-999,1.34,21.96,17.81,28.39,17.05,5.27,79.44,
2021,8,1,-999,1.2,22.19,17.93,28.51,17.39,10.55,79,
2021,8,2,-999,1.3,21.49,17.51,26.98,17.8,10.55,79.81,
2021,8,3,-999,1.38,21.37,16.53,27.44,17.4,10.55,76.31,
2021,8,4,-999,1.62,21.31,15.99,27.79,16.54,5.27,74.75,
2021,8,5,-999,2.06,20.76,16.05,27.34,16.08,10.55,77,
2021,8,6,-999,1.93,20.76,16.96,26.23,15.97,15.82,80.56,
2021,8,7,-999,2.14,20.76,17.97,25.95,17.27,31.64,85.38,
2021,8,8,-999,3.13,19.97,18.36,23.08,18.41,58.01,90.94,
2021,8,9,-999,1.94,20.13,18.19,23.15,18.05,63.28,89.06,
2021,8,10,-999,1.48,21.07,18.22,25.76,17.1,21.09,84.75,
2021,8,11,-999,1.77,20.63,17.65,25.83,16.92,31.64,84.25,
2021,8,12,-999,1.98,20.6,18.49,24.16,18.53,47.46,88.25,
2021,8,13,-999,1.75,20.8,18.19,25.33,18.11,36.91,85.88,
2021,8,14,-999,1.58,21.03,17.85,26.65,17.42,26.37,83.62,
2021,8,15,-999,1.8,19.67,17.93,22.99,17.36,52.73,90.06,
2021,8,16,-999,1.86,19.82,17.34,24.62,16.6,26.37,86.31,
2021,8,17,-999,1.81,20.32,17.79,25.13,16.76,26.37,86.25,
2021,8,18,-999,1.59,21.04,18.34,25.61,18.15,26.37,85.38,
2021,8,19,-999,2.2,20.08,18.3,24.35,17.18,94.92,90,
2021,8,20,-999,2.37,20.19,17.36,25.23,16.8,15.82,84.75,
2021,8,21,-999,-999,-999,-999,-999,-999,-999,-999,
2021,8,22,-999,-999,-999,-999,-999,-999,-999,-999,
2021,8,23,-999,-999,-999,-999,-999,-999,-999,-999,
