"Crop","Exp","Label","Trt","Duration","Biomass","Yield"
"wheat","FACE92","Dry_Normal CO2",1,151,18156,6536
"wheat","FACE92","Wet_Normal CO2",2,151,21756,7832
"wheat","FACE92","Dry_High CO2",3,148,20475,7371
"wheat","FACE92","Wet_High CO2",4,148,24749,8910
"wheat","FACE95","Full_irri-Normal CO2",1,144,21573,7766
"wheat","FACE95","Full_irri-High CO2",2,144,25024,9009
"wheat","HSCE0701","01DEC08 C_T70",1,155,20983,7554
"wheat","HSCE0701","12JAN09 C_T79",10,125,20288,7304
"wheat","HSCE0701","02JAN08 H_T34 ",11,131,20291,7305
"wheat","HSCE0701","13FEB08 C_T40",14,117,20466,7368
"wheat","HSCE0701","10MAR08 C_T43",15,96,17861,6430
"wheat","HSCE0701","10MAR08 H_T46",18,88,15192,5469
"wheat","HSCE0701","13MAR07 C_T1 ",21,83,13609,4899
"wheat","HSCE0701","13MAR07 H_T4 ",24,73,11225,4041
"wheat","HSCE0701","28APR08 C_T52",27,56,7216,2598
"wheat","HSCE0701","19APR07 C_T10",28,59,7098,2555
"wheat","HSCE0701","25AUG08 C_T55",29,51,3464,1247
"wheat","HSCE0701","25JUL07 C_T16",30,36,1482,534
"wheat","HSCE0701","12JUN07 C_T13 ",31,26,454,163
"wheat","HSCE0701","02JAN08 C_T31",4,141,23104,8317
"wheat","HSCE0701","01DEC08 H_T73",7,142,19222,6920
