"Crop","Exp","Label","Trt","Duration","Biomass","Yield"
"potato","WAPA9202","Russet Burbank_1992",1,122,17235,14650
"potato","WAPA9202","Hilite Russet_1992",2,122,17089,14526
"potato","WAPA9202","Russet Burbank_1993",3,133,20639,17543
"potato","WAPA9202","Hilite Russet_1993",4,133,20428,17364
"potato","WAPA9202","Russet Burbank_1994",5,133,20474,17403
"potato","WAPA9202","Hilite Russet_1994",6,133,20176,17149
"potato","WAPA9202","Russet Burbank_1995",7,131,20151,17129
"potato","WAPA9202","Hilite Russet_1995",8,131,20098,17083
