"Crop","Exp","Label","Trt","SowingDate","Duration","Biomass","Yield","MaturityDay"
"wheat","FACE92","Dry_Normal CO2",1,1992-12-18,151,18156,6536,1993-05-18
"wheat","FACE92","Wet_Normal CO2",2,1992-12-18,151,21756,7832,1993-05-18
"wheat","FACE92","Dry_High CO2",3,1992-12-18,148,20475,7371,1993-05-15
"wheat","FACE92","Wet_High CO2",4,1992-12-18,148,24749,8910,1993-05-15
"wheat","FACE95","Full_irri-Normal CO2",1,1995-12-21,144,21573,7766,1996-05-13
"wheat","FACE95","Full_irri-High CO2",2,1995-12-21,144,25024,9009,1996-05-13
