"Crop","Exp","Label","Trt","SowingDate","Duration","Biomass","Yield","MaturityDay"
"banana","BRBA0503","South Brazil",1,2005-12-10,387,45386,6808,2007-01-01
"carrot","CAPO0301","South Polonia-N trial-no irrig",1,2003-04-28,141,12672,8870,2003-09-16
"cassava","CCPA7801","CVtrial-Irrig",1,1978-12-15,338,20312,14219,1979-11-18
"cotton","AZMC8901","Control",1,1989-04-17,157,10437,4175,1989-09-21
"cotton","AZMC8901","High-CO2",2,1989-04-17,157,11907,4763,1989-09-21
"drybean","UFGA8601","Portillo Sintet-Spec",4,1986-03-25,96,5479,1917,1986-06-29
"drybean","UFGA8601","Portillo Sintet-daily",1,1986-03-25,96,6451,2258,1986-06-29
"drybean","UFGA8601","Portillo Sintet-4th day",2,1986-03-25,96,6209,2173,1986-06-29
"drybean","UFGA8601","Portillo Sintet-8th day",3,1986-03-25,95,5575,1951,1986-06-28
"grbean","UFGA0701","High N-Opt Irr",1,2007-03-15,63,3295,1483,2007-05-17
"maize","UFGA8201","Full_irri",2,1982-02-26,137,22452,11226,1982-07-13
"maize","UFGA8201","Rainfed",1,1982-02-26,134,8999,4500,1982-07-10
"maize","UFGA8201","Irri_veg_stress",3,1982-02-26,137,18007,9004,1982-07-13
"peanut","UFGA8401","Irri",1,1984-06-12,144,18037,6313,1984-11-03
"potato","AUHU9601","High-N-Desiree",1,1996-04-27,133,20046,14032,1996-09-07
"potato","AUHU9801","High-N-Desiree",1,1998-05-27,139,21168,14818,1998-10-13
"potato","IAWM9901","Cult-Desiree",1,1999-04-30,117,19891,13924,1999-08-25
"potato","WAPA9202","Hilite Russet_1993",4,1993-04-06,133,19398,16488,1993-08-17
"potato","WAPA9202","Hilite Russet_1995",8,1995-04-05,131,18871,16040,1995-08-14
"potato","WAPA9202","Hilite Russet_1994",6,1994-04-05,131,17397,14787,1994-08-14
"potato","WAPA9202","Hilite Russet_1992",2,1992-04-11,117,13928,11839,1992-08-06
"potato","WAPA9202","Russet Burbank_1993",3,1993-04-06,133,19648,16700,1993-08-17
"potato","WAPA9202","Russet Burbank_1994",5,1994-04-05,133,17397,14788,1994-08-16
"potato","WAPA9202","Russet Burbank_1992",1,1992-04-11,118,14078,11966,1992-08-07
"potato","WAPA9202","Russet Burbank_1995",7,1995-04-05,131,19008,16157,1995-08-14
"potato","AUCB7001","Radiation= 66%- Sebago CV",3,1970-08-10,135,9646,7910,1970-12-23
"potato","AUCB7001","Radiation=100%-Sebago CV",1,1970-08-10,135,12503,10253,1970-12-23
"potato","AUCB7001","Radiation= 79%- Sebago CV",2,1970-08-10,135,10910,8946,1970-12-23
"potato","IAWM9901","Cult-Jinguan",3,1999-04-30,117,18570,8356,1999-08-25
"potato","IAWM9901","Cult-Zibaihua",2,1999-04-30,117,18570,8356,1999-08-25
"rice","IRMA9203","27N + 30N late",1,1992-07-13,105,12591,5918,1992-10-26
"soybean","UFGA7801","Rainfed-Brag CV",2,1978-06-15,100,5991,2097,1978-09-23
"soybean","UFGA8401","Rainfed-Brag CV",2,1984-06-12,113,6352,2223,1984-10-03
"soybean","UFGA7801","Irri (190mm)-Brag-CV",1,1978-06-15,117,8232,2881,1978-10-10
"soybean","UFGA8401","Irri (341mm)-Bragg CV",1,1984-06-12,124,8403,2941,1984-10-14
"soybean","OHWO","88May2_irri-Williams82",1,1988-05-01,245,9605,3842,1989-01-01
"soybean","OHWO","90April29_rainfed-William82",2,1990-04-30,185,9314,3726,1990-11-01
"soybean","IUAM","88May11_rainfed-Williams82 CV",1,1988-05-11,124,6319,2528,1988-09-12
"soybean","IUAM","90May7_rainfed-William82",2,1990-05-08,153,10350,4140,1990-10-08
"sweetcorn","UFCI0201","High-N",1,2002-04-26,70,7888,3155,2002-07-05
"tomato","UFGA9601","High-N- Agriset761 CV",1,1996-03-14,92,7106,3553,1996-06-14
"tomato","UFBR9401","High-N-Irri-SunnySD CV",1,1994-03-01,101,12405,8435,1994-06-10
