"Crop","Exp","Label","Trt","SowingDate","Duration","Biomass","Yield","MaturityDay"
"maize","UFGA8201","Rainfed",1,1982-02-26,134,8999,4500,1982-07-10
"maize","UFGA8201","Full_irri",2,1982-02-26,137,22452,11226,1982-07-13
"maize","UFGA8201","Irri_veg_stress",3,1982-02-26,137,18007,9004,1982-07-13
"rice","IRMA9203","27N + 30N late",1,1992-07-13,105,12591,5918,1992-10-26
"wheat","FACE95","Full_irri-Normal CO2",1,1995-12-21,144,21573,7766,1996-05-13
"wheat","FACE95","Full_irri-High CO2",2,1995-12-21,144,25024,9009,1996-05-13
