"Crop","Exp","Label","Trt","SowingDate","Duration","Biomass","Yield","MaturityDay"
"wheat","NEWZ9201","Full_irri_(606mm)",1,1991-06-08,221,23476,7982,1992-01-15
"wheat","NEWZ9201","Irri_early_dry_(493mm)",2,1991-06-08,221,23460,7976,1992-01-15
"wheat","NEWZ9201","Irri_early_dry_(163mm)",3,1991-06-08,221,14552,4948,1992-01-15
"wheat","NEWZ9201","Irri_late_dry_(89mm)",4,1991-06-08,219,15967,5429,1992-01-13
"wheat","NEWZ9201","Irri_late_dry_(164mm)",5,1991-06-08,221,18612,6328,1992-01-15
"wheat","NEWZ9201","Irri_late_dry_(263mm)",6,1991-06-08,221,21685,7373,1992-01-15
"wheat","NEWZ9201","Rainfed",7,1991-06-08,210,12920,4393,1992-01-04
