"Crop","Exp","Label","Trt","SowingDate","Duration","Biomass","Yield","MaturityDay"
"maize","UFGA8201","Rainfed",1,1982-02-26,134,8999,4500,1982-07-10
"maize","UFGA8201","Full_irri",2,1982-02-26,137,22452,11226,1982-07-13
"maize","UFGA8201","Irri_veg_stress",3,1982-02-26,137,18007,9004,1982-07-13
"potato","AUCB7001","Radiation=100%-Sebago CV",1,1970-08-10,135,12503,10253,1970-12-23
"potato","AUCB7001","Radiation= 79%- Sebago CV",2,1970-08-10,135,10910,8946,1970-12-23
"potato","AUCB7001","Radiation= 66%- Sebago CV",3,1970-08-10,135,9646,7910,1970-12-23
"wheat","FACE95","Full_irri-Normal CO2",1,1995-12-21,144,21573,7766,1996-05-13
"wheat","FACE95","Full_irri-High CO2",2,1995-12-21,144,25024,9009,1996-05-13
