YEAR,DOY,rain,WS2M,RH,T,T2MDEW,T2M_MAX,T2M_MIN,SRAD,date,month
2018,1,5.27,0.65,89.81,25.4,23.52,28.96,23.17,7.97,01-Jan-18,1
2018,2,15.82,0.64,91.88,24.8,23.33,27.49,23.09,9.17,02-Jan-18,1
2018,3,0,0.65,91.19,24.41,22.83,27.1,22.44,7.53,03-Jan-18,1
2018,4,0,0.55,87.31,25.44,23.05,28.97,23.01,8.65,04-Jan-18,1
2018,5,0,0.7,90.69,25.08,23.36,28.43,22.83,8.62,05-Jan-18,1
2018,6,10.55,0.56,87.38,25.83,23.39,30.28,22.67,8.48,06-Jan-18,1
2018,7,5.27,0.85,89.12,25.51,23.48,29.39,23.26,9.1,07-Jan-18,1
2018,8,52.73,0.62,89.5,25.17,23.24,28.23,22.89,6.99,08-Jan-18,1
2018,9,47.46,0.57,89.5,25.16,23.23,28.45,22.82,5.17,09-Jan-18,1
2018,10,0,0.62,89.12,25.01,22.99,27.9,22.56,9.88,10-Jan-18,1
2018,11,0,0.69,87.88,25.51,23.24,29.03,23.35,7.71,11-Jan-18,1
2018,12,31.64,0.7,95,23.92,23.08,25.34,22.83,5.77,12-Jan-18,1
2018,13,79.1,0.87,95.5,24.24,23.48,26.33,22.83,5.65,13-Jan-18,1
2018,14,26.37,1.04,94.56,24.33,23.41,26.44,23.09,6.73,14-Jan-18,1
2018,15,5.27,0.82,91.62,24.53,23.04,27.08,22.74,6.67,15-Jan-18,1
2018,16,0,0.7,91.25,24.81,23.23,27.21,22.94,6.57,16-Jan-18,1
2018,17,0,0.76,95.38,24.38,23.6,26.06,23.19,7.33,17-Jan-18,1
2018,18,10.55,0.67,94.31,24.17,23.19,26.08,23.07,6.94,18-Jan-18,1
2018,19,21.09,0.59,91.88,24.61,23.16,27.19,22.99,6.57,19-Jan-18,1
2018,20,0,0.73,91,25.59,23.93,28.69,23.31,7.58,20-Jan-18,1
2018,21,0,0.69,89.88,25.73,23.84,28.82,23.57,7.33,21-Jan-18,1
2018,22,0,0.47,90.5,24.97,23.27,27.05,23.38,6.79,22-Jan-18,1
2018,23,0,0.53,90.69,25.02,23.33,27.68,22.66,5.3,23-Jan-18,1
2018,24,0,0.87,90.69,25.69,23.95,29.17,23.51,7.37,24-Jan-18,1
2018,25,0,1.01,88.5,25.88,23.72,29.61,23.4,7.6,25-Jan-18,1
2018,26,0,1.18,87.69,26.08,23.75,29.94,23.76,8.81,26-Jan-18,1
2018,27,0,1.19,87.56,25.77,23.4,29.81,23.55,8.75,27-Jan-18,1
2018,28,0,1,87.19,26.02,23.56,30.25,23.18,8.87,28-Jan-18,1
2018,29,0,0.96,86.75,26.29,23.75,30.42,23.55,6.54,29-Jan-18,1
2018,30,0,1.16,87.06,26.26,23.8,30.33,23.8,7.2,30-Jan-18,1
2018,31,0,1.3,87,26.26,23.79,30.3,23.76,8.79,31-Jan-18,1
2018,32,0,1.28,86.44,26.2,23.63,30.3,23.86,9.01,01-Feb-18,1
2018,33,0,1.38,86.94,25.58,23.12,29.62,23.26,7.2,02-Feb-18,1
2018,34,0,1.34,86.81,24.96,22.52,28.83,22.85,7.94,03-Feb-18,1
2018,35,0,1.12,86.56,25.06,22.53,29.48,22.15,8.07,04-Feb-18,1
2018,36,0,1.24,86,25.08,22.44,29.36,22.33,7.49,05-Feb-18,1
2018,37,0,1.24,84.88,25.26,22.38,29.67,22.55,8.91,06-Feb-18,1
2018,38,0,1.09,86.81,25.55,23,30.12,22.74,9.36,07-Feb-18,1
2018,39,0,1.16,85.81,25.11,22.36,29.62,22.17,10.15,08-Feb-18,1
2018,40,0,0.99,85.88,25.73,22.96,30.46,22.69,10.26,09-Feb-18,1
2018,41,0,0.66,86.25,26.1,23.4,30.68,22.76,8.31,10-Feb-18,1
2018,42,0,0.48,85.06,26.04,23.12,29.75,23.61,7.38,11-Feb-18,1
2018,43,0,0.77,85.81,26.24,23.48,30.52,23.57,8,12-Feb-18,1
2018,44,0,1.34,84.25,25.51,22.47,29.54,23.01,9.2,13-Feb-18,1
2018,45,0,1.34,83.62,25.15,21.95,29.41,22.46,8.45,14-Feb-18,1
2018,46,0,1.18,83.69,25.61,22.43,30.23,22.4,9.28,15-Feb-18,1
2018,47,0,0.95,86.12,25.65,23,30.05,22.91,8.21,16-Feb-18,1
2018,48,0,1.02,86.19,25.76,23.15,30.01,23.14,7.88,17-Feb-18,1
2018,49,0,1.11,85,25.8,22.92,30.3,22.84,9.26,18-Feb-18,1
2018,50,0,1.03,83.94,25.7,22.57,30.42,22.25,9.73,19-Feb-18,1
2018,51,0,0.97,83.56,25.65,22.39,30.63,22.48,9.63,20-Feb-18,1
2018,52,0,1.05,84.69,25.18,22.12,30.05,22.23,10.34,21-Feb-18,1
2018,53,0,0.93,84.12,25.41,22.25,30.41,22.38,10,22-Feb-18,1
2018,54,0,0.83,83.94,25.4,22.2,30.33,21.93,9.56,23-Feb-18,1
2018,55,0,0.76,82.75,25.46,22.03,30.12,22.29,9.59,24-Feb-18,1
2018,56,0,0.65,83.69,25.23,21.97,29.95,21.83,10.43,25-Feb-18,1
2018,57,0,0.83,83.81,25.3,22.1,30.25,21.84,10.25,26-Feb-18,1
2018,58,0,1.19,82.69,24.86,21.5,29.33,21.84,9.96,27-Feb-18,1
2018,59,0,1.3,80.94,24.31,20.6,28.95,21.57,9.98,28-Feb-18,1
2018,60,0,1.12,83.69,24.69,21.49,29.77,21.27,10.03,01-Mar-18,1
2018,61,0,1.14,83.62,25.21,22.02,30.05,22.19,9.34,02-Mar-18,1
2018,62,0,1.3,84.44,24.86,21.9,29.08,22.28,7.08,03-Mar-18,1
2018,63,0,1.42,83.19,24.38,21.19,28.51,22.02,6.82,04-Mar-18,1
2018,64,0,1.28,82.5,23.93,20.61,28.14,21.09,9.04,05-Mar-18,1
2018,65,0,1.44,83.81,24.65,21.55,29.13,21.46,8.08,06-Mar-18,1
2018,66,0,1.16,84,25.71,22.62,30.44,22.77,7.23,07-Mar-18,1
2018,67,0,0.8,87.56,26.18,23.8,30.23,23.44,5.89,08-Mar-18,1
2018,68,0,0.85,91.25,25.49,23.93,27.61,24.2,6.68,09-Mar-18,1
2018,69,0,0.78,84.44,26.72,23.65,31.18,23.72,7.08,10-Mar-18,1
2018,70,0,0.61,83.81,26.89,23.66,31.89,23.42,8.97,11-Mar-18,1
2018,71,0,0.51,82.94,26.9,23.48,31.83,23.6,7.97,12-Mar-18,1
2018,72,0,0.76,84.88,26.44,23.51,30.83,23.72,5.79,13-Mar-18,1
2018,73,0,0.91,85.62,25.84,23.12,29.44,23.21,6.19,14-Mar-18,1
2018,74,0,1.39,82.69,25.95,22.62,30.15,23.55,7.28,15-Mar-18,1
2018,75,0,1.23,82.94,26.41,23.08,31.03,23.45,6.55,16-Mar-18,1
2018,76,0,0.93,86.12,26.23,23.58,29.85,23.99,7.54,17-Mar-18,1
2018,77,5.27,0.79,87.44,25.84,23.46,29.91,23.44,7.12,18-Mar-18,1
2018,78,0,1.03,85.5,25.42,22.65,29.43,23.18,7.17,19-Mar-18,1
2018,79,0,0.62,86.56,25.26,22.74,28.58,23.05,5.4,20-Mar-18,1
2018,80,0,0.87,84.75,25.7,22.75,30.03,23.04,6.99,21-Mar-18,1
2018,81,0,1.3,82.75,26.3,22.96,30.54,23.62,4.74,22-Mar-18,1
2018,82,0,1.29,86.81,25.94,23.49,29.46,24.04,8.62,23-Mar-18,1
2018,83,0,1.27,81.06,26.91,23.06,32.35,23.79,8.4,24-Mar-18,1
2018,84,0,1.04,77.56,26.99,22.36,32.96,23.27,9.24,25-Mar-18,1
2018,85,0,1.07,79.81,26.77,22.62,32.76,22.57,8.7,26-Mar-18,1
2018,86,0,1.37,80.69,26.78,22.93,31.98,23.58,7.81,27-Mar-18,1
2018,87,0,1.47,80.38,26.69,22.75,31.88,23.45,8.19,28-Mar-18,1
2018,88,0,1.05,77.69,27.61,22.88,33.47,23.6,7.46,29-Mar-18,1
2018,89,0,1.14,80.25,27.2,23.19,32.52,23.82,8.26,30-Mar-18,1
2018,90,0,1.48,81.69,25.8,22.23,30.08,23.15,7.79,31-Mar-18,1
2018,91,0,1.3,81.25,25.35,21.64,30.12,22.34,6.56,01-Apr-18,1
2018,92,5.27,1.12,81.31,25.79,22.03,31.04,22.47,6.55,02-Apr-18,1
2018,93,5.27,1.06,83.69,25.51,22.32,29.85,22.64,7.5,03-Apr-18,1
2018,94,0,1.05,79.81,26.51,22.4,31.66,22.87,8.7,04-Apr-18,2
2018,95,5.27,1.01,81,26.19,22.38,31.02,23.04,8.84,05-Apr-18,2
2018,96,0,0.55,77.75,25.7,21.12,30.39,22.69,9.85,06-Apr-18,2
2018,97,0,0.69,74.69,26.72,21.09,33.01,22.3,10.49,07-Apr-18,2
2018,98,0,0.59,76.06,27.07,21.83,33.11,22.65,10.55,08-Apr-18,2
2018,99,5.27,0.69,77.56,27.24,22.47,33.17,22.96,8.27,09-Apr-18,2
2018,100,10.55,0.64,82.94,26.47,23,31.23,23.36,7.47,10-Apr-18,2
2018,101,94.92,0.76,93.62,24.52,23.44,26.23,23.14,8.3,11-Apr-18,2
2018,102,5.27,0.73,87.06,25.3,22.83,29.32,22.4,9.36,12-Apr-18,2
2018,103,36.91,0.91,89.94,25.08,23.25,28.37,22.65,5.92,13-Apr-18,2
2018,104,0,0.62,86.12,26.01,23.33,29.84,23.12,9.22,14-Apr-18,2
2018,105,5.27,0.58,86.25,26.41,23.74,30.4,23.55,9.02,15-Apr-18,2
2018,106,5.27,1.06,88.19,26.45,24.22,30.02,24.02,5.47,16-Apr-18,2
2018,107,0,1.34,86.06,26.44,23.81,30.11,24.24,6.8,17-Apr-18,2
2018,108,0,1.29,86.31,26.53,23.96,30.1,24.19,8.26,18-Apr-18,2
2018,109,0,0.82,87.81,26.64,24.33,29.87,24.5,8.19,19-Apr-18,2
2018,110,0,0.59,89.5,25.92,23.98,28.03,24.49,6.91,20-Apr-18,2
2018,111,0,0.83,87.38,26.12,23.67,29.61,23.66,5.7,21-Apr-18,2
2018,112,15.82,0.67,91.38,26.01,24.43,28.42,24.34,5.02,22-Apr-18,2
2018,113,0,0.62,91.06,25.91,24.26,28.72,24.23,8.72,23-Apr-18,2
2018,114,5.27,0.71,89.31,26.42,24.39,29.57,24.08,5.29,24-Apr-18,2
2018,115,5.27,0.71,92.19,25.92,24.51,28.42,24.37,5.59,25-Apr-18,2
2018,116,5.27,0.48,90.69,26.05,24.37,28.4,24.21,5.55,26-Apr-18,2
2018,117,5.27,0.45,87,26.33,23.87,29.09,24.31,7.87,27-Apr-18,2
2018,118,0,0.73,90.69,25.62,23.9,28.91,23.97,7.27,28-Apr-18,2
2018,119,0,0.7,90.94,25.59,23.94,28.35,23.6,7.2,29-Apr-18,2
2018,120,0,0.83,89.44,26.2,24.26,29.15,24.07,7.55,30-Apr-18,2
2018,121,5.27,0.88,92.81,25.61,24.36,27.15,24.36,6.03,01-May-18,2
2018,122,0,0.62,91.88,25.86,24.38,28.49,24.03,7.86,02-May-18,2
2018,123,21.09,0.66,92.69,26.07,24.76,28.27,24.33,3.17,03-May-18,2
2018,124,5.27,0.59,88.38,26.42,24.24,29.68,24.09,8.27,04-May-18,2
2018,125,15.82,0.35,90.25,25.7,23.97,27.7,24.26,5.87,05-May-18,2
2018,126,21.09,0.49,86.56,25.82,23.26,29.41,23.15,8.47,06-May-18,2
2018,127,10.55,0.68,91.81,25.07,23.6,27.58,23.55,7.99,07-May-18,2
2018,128,5.27,0.7,91.75,25.15,23.66,28.15,23.45,7.79,08-May-18,2
2018,129,15.82,0.7,90.38,25.6,23.83,28.98,23.32,8.32,09-May-18,2
2018,130,36.91,0.73,95.62,24.69,23.96,25.79,23.69,7.92,10-May-18,2
2018,131,0,0.56,90.5,25.37,23.65,28.01,22.88,7.22,11-May-18,2
2018,132,0,0.63,87.06,26.63,24.15,30.48,23.96,8.16,12-May-18,2
2018,133,0,0.45,94.06,25.55,24.52,27.15,24.34,7.64,13-May-18,2
2018,134,10.55,0.66,89.81,25.44,23.58,28.37,23.55,6.91,14-May-18,2
2018,135,0,0.56,84.88,25.8,22.9,29.6,23.44,9.48,15-May-18,2
2018,136,0,0.64,89.69,25.59,23.7,28.46,23.26,5.16,16-May-18,2
2018,137,5.27,0.61,91.5,25.4,23.89,27.47,23.8,9.15,17-May-18,2
2018,138,5.27,0.58,88,25.87,23.62,29.07,23.52,6.13,18-May-18,2
2018,139,15.82,0.63,88,26.14,23.86,30.19,23.94,9.05,19-May-18,2
2018,140,5.27,0.7,89.31,25.65,23.69,28.76,23.55,8.13,20-May-18,2
2018,141,15.82,0.52,90.94,24.75,23.13,26.87,23.06,5.04,21-May-18,2
2018,142,26.37,0.79,88.88,25.3,23.24,29.19,22.64,8.58,22-May-18,2
2018,143,5.27,0.52,88.81,25.8,23.74,28.52,23.61,7.42,23-May-18,2
2018,144,10.55,0.91,92.25,25.81,24.42,28.7,23.61,7.72,24-May-18,2
2018,145,0,0.54,89.94,26.33,24.46,29.17,24.33,7.67,25-May-18,2
2018,146,5.27,0.87,95.81,25.28,24.58,26.68,24.04,5.66,26-May-18,2
2018,147,0,0.74,94.31,24.81,23.84,26.81,23.44,9.3,27-May-18,2
2018,148,5.27,0.45,88.06,25.52,23.33,28.49,22.75,8.24,28-May-18,2
2018,149,5.27,0.43,89.69,26.18,24.3,28.83,24.01,6.7,29-May-18,2
2018,150,21.09,0.61,91.88,25.98,24.52,28.32,23.94,7.73,30-May-18,2
2018,151,5.27,0.62,91.81,26.02,24.55,28.33,24.47,7.94,31-May-18,2
2018,152,10.55,0.71,93.81,25.84,24.76,27.62,24.47,2.58,01-Jun-18,2
2018,153,0,0.74,89.88,26.3,24.4,29.71,24.06,9.52,02-Jun-18,2
2018,154,15.82,0.63,93,26.27,25.02,28.77,24.47,7.67,03-Jun-18,2
2018,155,15.82,0.52,92.19,26.26,24.87,28.48,24.69,6.92,04-Jun-18,2
2018,156,0,0.7,92.19,25.95,24.54,28.75,24.12,7.46,05-Jun-18,2
2018,157,10.55,0.61,93.69,25.37,24.26,27.19,23.61,5.5,06-Jun-18,2
2018,158,15.82,0.62,90.12,26.53,24.72,29.46,24.31,8.82,07-Jun-18,2
2018,159,21.09,0.51,89.12,26.82,24.81,29.23,24.55,8.3,08-Jun-18,2
2018,160,5.27,0.55,90.56,26.87,25.15,29.56,24.98,5.13,09-Jun-18,2
2018,161,10.55,0.82,95.88,25.67,24.98,26.8,24.4,6.52,10-Jun-18,2
2018,162,47.46,0.52,92.44,25.26,23.94,26.97,23.73,6.6,11-Jun-18,2
2018,163,15.82,0.59,88.81,25.55,23.48,28.66,22.67,8.85,12-Jun-18,2
2018,164,0,0.5,90.19,26.15,24.37,28.83,24.18,7.01,13-Jun-18,2
2018,165,15.82,0.7,95.75,25.18,24.47,26.38,24.2,7.63,14-Jun-18,2
2018,166,15.82,0.45,87.06,25.75,23.37,28.56,23.48,8.27,15-Jun-18,2
2018,167,0,0.66,89.88,25.58,23.73,28.53,22.98,7.95,16-Jun-18,2
2018,168,5.27,0.55,89.5,26.22,24.3,28.75,23.81,7.18,17-Jun-18,2
2018,169,31.64,0.63,92.56,25.82,24.51,27.81,24.44,7.07,18-Jun-18,2
2018,170,10.55,0.54,92.56,24.89,23.62,25.9,23.47,8.24,19-Jun-18,2
2018,171,15.82,0.45,88.31,25.3,23.13,28.59,22.78,9.32,20-Jun-18,2
2018,172,0,0.61,88.5,25.75,23.64,28.86,22.82,7.29,21-Jun-18,2
2018,173,5.27,0.57,90.62,25.4,23.74,27.19,24.1,7.29,22-Jun-18,2
2018,174,0,0.38,87.5,25.9,23.58,28.51,23.76,8.26,23-Jun-18,2
2018,175,5.27,0.77,92,24.86,23.45,26.66,23.05,8.1,24-Jun-18,2
2018,176,10.55,0.64,88.75,25.33,23.26,28.24,22.91,7.75,25-Jun-18,2
2018,177,5.27,0.67,93,25.55,24.3,27.73,23.81,8.37,26-Jun-18,2
2018,178,15.82,0.76,94.5,24.7,23.76,26.37,23.04,7.81,27-Jun-18,2
2018,179,26.37,0.54,88.06,25.19,22.94,29.07,21.58,7.35,28-Jun-18,3
2018,180,15.82,0.5,89.38,25.65,23.73,27.97,23.83,8.68,29-Jun-18,3
2018,181,15.82,0.84,91.25,25.3,23.74,27.91,23.47,8.55,30-Jun-18,3
2018,182,0,0.63,88.81,25.65,23.56,28.91,22.97,8.82,01-Jul-18,3
2018,183,5.27,0.65,93.56,24.82,23.7,26.54,23.42,8.05,02-Jul-18,3
2018,184,0,0.54,91.81,24.31,22.87,26.49,22.55,8.98,03-Jul-18,3
2018,185,15.82,0.55,87.62,26.44,24.08,30.39,22.94,9.08,04-Jul-18,3
2018,186,26.37,0.78,94.62,25.69,24.77,27.59,24.01,8.11,05-Jul-18,3
2018,187,5.27,0.51,89.69,25.71,23.83,28.29,23.13,7.97,06-Jul-18,3
2018,188,0,0.62,92.69,25.58,24.3,27.53,24.35,8.48,07-Jul-18,3
2018,189,0,0.65,90.62,26.27,24.53,29.38,24.13,8.2,08-Jul-18,3
2018,190,10.55,0.59,90.75,26.76,25.06,29.58,24.67,6.02,09-Jul-18,3
2018,191,42.19,0.41,90,26.18,24.35,28.83,24.47,8.38,10-Jul-18,3
2018,192,21.09,0.35,88.75,25.56,23.46,28.33,23.7,10.32,11-Jul-18,3
2018,193,0,0.57,90.62,25.81,24.1,28.58,23.47,8.42,12-Jul-18,3
2018,194,5.27,0.57,90.81,25.92,24.27,28.05,24.18,8.68,13-Jul-18,3
2018,195,5.27,0.52,90.5,25.89,24.18,28.17,24.19,8.33,14-Jul-18,3
2018,196,10.55,0.58,89.88,26.48,24.61,29.24,24.3,8.01,15-Jul-18,3
2018,197,10.55,0.55,90.94,26.04,24.41,28.29,24.26,9.06,16-Jul-18,3
2018,198,5.27,0.45,87.88,26.75,24.53,28.96,24.56,8.77,17-Jul-18,3
2018,199,0,0.43,86.19,27.11,24.48,30.17,25.06,8.83,18-Jul-18,3
2018,200,5.27,0.43,90.62,26.43,24.72,29.13,24.62,8.42,19-Jul-18,3
2018,201,0,0.7,92.38,25.79,24.44,28.03,24.12,6.22,20-Jul-18,3
2018,202,5.27,0.62,88.5,26.6,24.46,29.72,24.49,8.47,21-Jul-18,3
2018,203,5.27,0.69,95.19,25.54,24.73,26.6,24.21,5.28,22-Jul-18,3
2018,204,5.27,0.64,90.81,25.91,24.25,28.93,23.88,7.23,23-Jul-18,3
2018,205,5.27,0.3,90.62,25.89,24.19,29.01,24.15,7.72,24-Jul-18,3
2018,206,0,0.45,86.75,26.48,24.01,29.82,23.58,7.57,25-Jul-18,3
2018,207,0,0.79,92.5,25.76,24.44,27.71,24.38,6.19,26-Jul-18,3
2018,208,5.27,0.71,93.12,25.01,23.82,26.33,23.98,8.65,27-Jul-18,3
2018,209,0,0.55,87.88,26.04,23.75,29.56,23.2,7.79,28-Jul-18,3
2018,210,10.55,0.63,94.81,25.33,24.44,27.19,24.08,7.78,29-Jul-18,3
2018,211,5.27,0.88,94.56,24.42,23.5,25.87,23.15,8.83,30-Jul-18,3
2018,212,5.27,0.66,89.88,25.05,23.22,28.02,22.82,9.4,31-Jul-18,3
2018,213,31.64,0.45,88.19,25.33,23.2,27.19,23.01,8.13,01-Aug-18,3
2018,214,15.82,0.52,89.25,25.23,23.27,27.9,23.2,9.42,02-Aug-18,3
2018,215,5.27,0.72,93,25.02,23.8,27.47,23.33,8.65,03-Aug-18,3
2018,216,5.27,0.67,92.69,25.37,24.07,27.92,23.5,8.84,04-Aug-18,3
2018,217,10.55,0.65,93.12,25.45,24.24,27.87,23.81,5.53,05-Aug-18,3
2018,218,0,0.52,87.12,26.55,24.11,29.63,24.08,10.05,06-Aug-18,3
2018,219,0,0.59,89.94,26.26,24.46,28.42,24.2,8.68,07-Aug-18,3
2018,220,0,0.45,87.5,26.89,24.57,29.53,24.08,9.14,08-Aug-18,3
2018,221,5.27,0.52,89.19,26.78,24.78,29.73,24.23,8.11,09-Aug-18,3
2018,222,0,0.56,88.81,26.22,24.15,29.08,24.33,9.21,10-Aug-18,3
2018,223,0,0.53,88.12,26.13,23.94,29.09,23.73,9.75,11-Aug-18,3
2018,224,0,0.43,86,26.92,24.26,29.66,24.5,8.06,12-Aug-18,3
2018,225,10.55,0.62,95.06,25.73,24.9,27.17,24.58,7.22,13-Aug-18,3
2018,226,5.27,0.69,91.5,24.65,23.13,26.15,22.66,7.01,14-Aug-18,3
2018,227,5.27,0.45,83.81,24.8,21.72,27.81,22.18,8.69,15-Aug-18,3
2018,228,0,0.68,84.69,26.1,23.18,30.3,22.41,9.6,16-Aug-18,3
2018,229,0,0.63,89.44,26.16,24.22,29.08,24.02,9.17,17-Aug-18,3
2018,230,0,0.58,92,25.87,24.43,28.02,23.99,8.59,18-Aug-18,3
2018,231,5.27,0.57,92.62,25.12,23.83,27.21,23.74,7.98,19-Aug-18,3
2018,232,0,0.48,87.75,26.1,23.8,29.55,23.26,9.39,20-Aug-18,3
2018,233,5.27,0.56,89.94,26.14,24.31,28.55,24.34,8.5,21-Aug-18,3
2018,234,10.55,0.57,90.81,24.95,23.33,26.85,22.92,8.44,22-Aug-18,3
2018,235,0,0.82,93.5,24.84,23.73,26.46,23.62,6.71,23-Aug-18,3
2018,236,0,0.52,88.75,25.65,23.57,28.72,23.31,8.54,24-Aug-18,3
2018,237,5.27,0.66,92.38,25.56,24.2,28.05,23.8,8.59,25-Aug-18,3
2018,238,0,0.48,88.69,26.41,24.33,29.07,24.23,7.15,26-Aug-18,3
2018,239,0,0.49,87.44,26.3,23.93,29.51,24.26,7.17,27-Aug-18,3
2018,240,0,0.52,86.38,26,23.43,29.25,22.94,8.65,28-Aug-18,3
2018,241,5.27,0.87,95.5,25.19,24.44,26.65,23.98,7.56,29-Aug-18,3
2018,242,5.27,0.7,94.12,24.81,23.8,26.6,23.32,9.34,30-Aug-18,3
2018,243,0,0.5,87.06,26.18,23.74,29.89,23.19,8.73,31-Aug-18,3
2018,244,0,0.71,90.5,25.97,24.24,28.19,24.1,7.87,01-Sep-18,3
2018,245,0,0.52,89.5,25.98,24.07,28.19,24.26,7.96,02-Sep-18,3
2018,246,10.55,0.49,91.31,26.01,24.45,28.26,24.14,8.31,03-Sep-18,3
2018,247,5.27,0.49,90.81,26.19,24.53,29.12,24.3,8.43,04-Sep-18,3
2018,248,5.27,0.65,92.81,25.13,23.88,26.83,23.87,7.95,05-Sep-18,3
2018,249,5.27,0.54,85.75,25.23,22.49,29.31,22.13,8.75,06-Sep-18,3
2018,250,5.27,0.53,90.88,25.21,23.55,27.96,23.02,8.01,07-Sep-18,3
2018,251,0,0.65,89.12,25.05,23.04,28.21,22.89,8.75,08-Sep-18,3
2018,252,0,0.41,86.31,26.09,23.51,29.56,23.55,6.7,09-Sep-18,3
2018,253,0,0.6,89.38,25.93,23.98,29.11,23.85,8.28,10-Sep-18,3
2018,254,42.19,0.61,92.5,25.5,24.16,27.92,23.94,8.44,11-Sep-18,3
2018,255,94.92,0.59,93.62,25.12,24.01,26.98,24.1,9.14,12-Sep-18,3
2018,256,10.55,0.91,92.94,24.8,23.54,27.45,22.96,7.13,13-Sep-18,3
2018,257,0,0.8,90,24.83,22.98,28.06,22.44,8.38,14-Sep-18,3
2018,258,21.09,0.73,92.69,24.99,23.69,28.21,22.72,8.11,15-Sep-18,3
2018,259,5.27,0.81,93.06,24.23,23.02,26.08,23.12,9.56,16-Sep-18,3
2018,260,0,0.49,85.56,26.07,23.31,29.98,22.94,8.39,17-Sep-18,3
2018,261,0,0.45,86.31,26.82,24.25,29.97,24.23,7.36,18-Sep-18,3
2018,262,0,0.53,92.31,25.96,24.58,27.83,24.69,9.35,19-Sep-18,3
2018,263,0,0.5,90,26.4,24.55,29.05,24.09,9.56,20-Sep-18,3
2018,264,0,0.66,93.69,25.54,24.45,26.91,24.19,9.21,21-Sep-18,3
2018,265,0,0.62,91.56,26,24.48,28.62,23.72,6.52,22-Sep-18,3
2018,266,84.38,0.73,95.88,25.45,24.76,26.88,24.28,8.72,23-Sep-18,3
2018,267,31.64,0.46,90.25,25.26,23.5,27.51,23.79,4.67,24-Sep-18,3
2018,268,31.64,0.66,90.38,25.65,23.9,28.56,23.32,8.25,25-Sep-18,3
2018,269,42.19,0.77,94.31,25.26,24.27,27.18,23.77,5.47,26-Sep-18,3
2018,270,42.19,0.7,94,24.48,23.46,25.73,23.5,7.61,27-Sep-18,3
2018,271,10.55,0.63,89.94,25.39,23.57,28.55,23.09,7.44,28-Sep-18,3
2018,272,10.55,0.7,93.38,25.13,23.97,27.46,23.63,7.61,29-Sep-18,4
2018,273,47.46,0.59,91.5,25.45,23.91,28.1,23.76,8.45,30-Sep-18,4
2018,274,15.82,0.58,88.12,26.09,23.88,29.15,23.26,8.14,01-Oct-18,4
2018,275,15.82,0.51,90.19,25.46,23.72,27.17,24.14,9.47,02-Oct-18,4
2018,276,31.64,0.65,87.81,25.97,23.65,30.12,22.8,8.61,03-Oct-18,4
2018,277,5.27,0.77,91.38,25.33,23.8,27.86,23.09,9.71,04-Oct-18,4
2018,278,0,0.58,87.75,25.37,23.09,28.45,22.88,9.98,05-Oct-18,4
2018,279,0,0.62,85.94,25.7,23.03,29.59,22.89,9.73,06-Oct-18,4
2018,280,0,0.51,86.38,25.51,22.98,28.58,23.48,8.25,07-Oct-18,4
2018,281,0,0.48,85.75,26.05,23.36,29.78,23.76,6.63,08-Oct-18,4
2018,282,0,0.55,93.69,24.78,23.69,27.07,23.18,7.09,09-Oct-18,4
2018,283,0,0.72,92.31,24.87,23.54,26.77,23.55,8.22,10-Oct-18,4
2018,284,5.27,0.93,92.62,24.55,23.26,26.6,23.15,8.9,11-Oct-18,4
2018,285,0,1.06,88.5,24.61,22.51,27.98,22.11,8.84,12-Oct-18,4
2018,286,0,0.95,87.88,24,21.73,28.04,20.89,9.99,13-Oct-18,4
2018,287,0,0.84,84.56,24.61,21.65,28.55,20.8,9.47,14-Oct-18,4
2018,288,0,0.54,85.06,25.38,22.53,29.4,21.69,7.84,15-Oct-18,4
2018,289,0,0.53,93,24.91,23.69,26.63,23.56,6.87,16-Oct-18,4
2018,290,42.19,0.6,92.56,25.19,23.86,27.88,23.03,7.68,17-Oct-18,4
2018,291,10.55,0.83,94.44,24.6,23.65,26.51,23.09,7.66,18-Oct-18,4
2018,292,15.82,0.63,90.56,25.12,23.4,28.28,22.88,8.75,19-Oct-18,4
2018,293,5.27,0.64,91,25.02,23.41,27.33,23.25,6.86,20-Oct-18,4
2018,294,10.55,0.64,91.12,25.43,23.81,28.64,23.08,7.25,21-Oct-18,4
2018,295,5.27,0.69,90.62,25.51,23.8,28.42,23.67,8.04,22-Oct-18,4
2018,296,15.82,0.57,90.75,25.27,23.6,28.07,23.12,9,23-Oct-18,4
2018,297,36.91,0.62,91.06,25.58,23.98,28.55,23.23,9.09,24-Oct-18,4
2018,298,36.91,0.8,91.25,25.5,23.91,28.85,22.76,8.47,25-Oct-18,4
2018,299,5.27,0.63,94.44,25,24.05,26.7,23.31,7.49,26-Oct-18,4
2018,300,0,0.72,94.81,25.08,24.19,26.69,23.49,8.01,27-Oct-18,4
2018,301,5.27,0.41,88.31,26.34,24.12,30.17,23.57,7.4,28-Oct-18,4
2018,302,89.65,0.52,91.94,26.17,24.73,28.8,24.14,8.27,29-Oct-18,4
2018,303,5.27,0.57,91.19,25.68,24.08,28.4,23.9,7.3,30-Oct-18,4
2018,304,5.27,0.66,93.62,25.56,24.44,27.79,23.98,6.04,31-Oct-18,4
2018,305,58.01,0.54,90.06,26.22,24.4,29.09,24.05,6.88,01-Nov-18,4
2018,306,42.19,0.62,93.94,24.96,23.91,26.35,23.37,5.36,02-Nov-18,4
2018,307,0,0.76,91.06,24.64,23.05,27.14,23.08,6.19,03-Nov-18,4
2018,308,21.09,0.63,90.44,25.01,23.27,27.93,22.91,7.7,04-Nov-18,4
2018,309,10.55,0.53,89.25,25.4,23.39,29.19,22.49,7.31,05-Nov-18,4
2018,310,47.46,0.54,91.25,25.39,23.8,28.33,23.2,8.25,06-Nov-18,4
2018,311,15.82,0.78,88.5,25.82,23.64,29.62,22.98,7.83,07-Nov-18,4
2018,312,10.55,0.84,90.31,26.13,24.33,29.66,23.54,7.18,08-Nov-18,4
2018,313,15.82,0.59,93.12,25.95,24.73,27.99,24.26,6.66,09-Nov-18,4
2018,314,0,0.49,91.62,25.9,24.39,28.02,24.51,7.08,10-Nov-18,4
2018,315,0,0.92,91.62,26.23,24.69,29.19,24.18,6.36,11-Nov-18,4
2018,316,0,0.72,94.5,25.98,25.03,27.59,24.77,6.96,12-Nov-18,4
2018,317,5.27,0.73,96.06,25.68,25.01,26.89,24.89,7.01,13-Nov-18,4
2018,318,5.27,0.77,97.12,25.32,24.86,26.58,24.35,7.31,14-Nov-18,4
2018,319,5.27,0.61,89.31,26.01,24,29.67,23.3,7.92,15-Nov-18,4
2018,320,5.27,0.61,88.88,26.62,24.55,29.87,24.11,6.76,16-Nov-18,4
2018,321,21.09,0.7,95,25.89,25.03,27.55,24.69,7.05,17-Nov-18,4
2018,322,26.37,0.74,95.25,25.95,25.13,27.95,24.8,6.64,18-Nov-18,4
2018,323,21.09,0.65,96.62,25.51,24.95,26.87,24.71,8.08,19-Nov-18,4
2018,324,10.55,0.57,93.69,25.92,24.8,28.29,24.09,8.36,20-Nov-18,4
2018,325,5.27,0.63,96.38,25.54,24.94,26.75,24.61,7.33,21-Nov-18,4
2018,326,0,0.76,95.69,25.33,24.62,26.89,24.3,7.82,22-Nov-18,4
2018,327,0,0.68,90.25,25.95,24.16,29.09,23.76,7.51,23-Nov-18,4
2018,328,10.55,0.77,90.56,25.83,24.11,29.23,23.3,6.19,24-Nov-18,4
2018,329,5.27,0.89,90.25,25.97,24.16,29.4,23.66,6.7,25-Nov-18,4
2018,330,5.27,0.92,92.25,25.92,24.54,28.71,24.18,6.56,26-Nov-18,4
2018,331,15.82,0.75,95.94,25,24.32,26.24,23.87,6.88,27-Nov-18,4
2018,332,5.27,0.57,88.75,25.13,23.03,28.96,22.62,8.17,28-Nov-18,4
2018,333,5.27,0.69,89.12,25.63,23.61,29.19,23.01,6.88,29-Nov-18,4
2018,334,5.27,0.8,89.12,25.86,23.83,29.33,23.45,7.44,30-Nov-18,4
2018,335,0,0.53,87.44,26.19,23.8,29.86,23.62,8.57,01-Dec-18,4
2018,336,0,0.75,88.25,25.67,23.42,29.44,22.89,8.95,02-Dec-18,4
2018,337,0,0.73,88.5,25.53,23.33,29.31,22.59,7.34,03-Dec-18,4
2018,338,26.37,0.78,90.94,25.33,23.66,28.52,22.98,6.52,04-Dec-18,4
2018,339,5.27,0.92,89.5,25.02,23.05,28.65,22.6,7.97,05-Dec-18,4
2018,340,0,0.73,87.38,25.35,22.94,29.33,22.57,8.94,06-Dec-18,4
2018,341,0,0.86,88.88,25.51,23.4,29.32,22.69,8.38,07-Dec-18,4
2018,342,0,0.65,89.75,25.23,23.33,28.26,23.37,6.97,08-Dec-18,4
2018,343,0,0.8,91.62,25.1,23.58,27.93,23.36,6.66,09-Dec-18,4
2018,344,0,0.95,89,25.78,23.71,29.35,23.35,7.97,10-Dec-18,4
2018,345,0,0.99,90.62,25.58,23.9,28.08,23.83,6.15,11-Dec-18,4
2018,346,0,1.2,87.81,26.07,23.8,29.65,23.87,7.09,12-Dec-18,4
2018,347,36.91,0.95,90.88,25.89,24.23,28.79,24.07,6.9,13-Dec-18,4
2018,348,15.82,0.77,89.69,26.33,24.39,30.01,24.02,7.18,14-Dec-18,4
2018,349,5.27,0.84,89.69,26.33,24.38,29.99,23.73,7.19,15-Dec-18,4
2018,350,5.27,1.02,88.56,26.14,23.98,29.64,23.73,8.07,16-Dec-18,4
2018,351,0,1.09,87,25.72,23.29,29.37,23.32,7.75,17-Dec-18,4
2018,352,0,1.05,88.19,25.54,23.33,28.99,23.13,6.78,18-Dec-18,4
2018,353,0,0.71,87.25,26.06,23.65,29.82,23.66,7.04,19-Dec-18,4
2018,354,21.09,0.59,93.69,24.78,23.69,26.52,23.69,6.55,20-Dec-18,4
2018,355,15.82,0.96,91.12,25.14,23.53,28.4,23.29,7.16,21-Dec-18,4
2018,356,0,1.19,88.31,25.85,23.69,29.43,23.65,8.51,22-Dec-18,4
2018,357,0,0.98,87.12,25.63,23.19,29.48,23.29,7.97,23-Dec-18,4
2018,358,0,0.94,87.94,25.96,23.66,30,23.14,9.03,24-Dec-18,4
2018,359,0,1.16,86.5,25.58,23.03,29.23,23.54,7.73,25-Dec-18,4
2018,360,0,1.11,86.69,25.69,23.2,29.36,23.39,7.45,26-Dec-18,4
2018,361,0,0.92,86.31,25.6,22.98,29.57,22.94,7.84,27-Dec-18,4
2018,362,0,0.96,87.5,25.74,23.33,29.91,22.91,8.27,28-Dec-18,5
2018,363,0,0.98,87.75,25.69,23.33,29.95,22.91,8.63,29-Dec-18,5
2018,364,0,1.01,87.56,25.65,23.26,29.83,23.1,8.63,30-Dec-18,5
2018,365,0,0.97,87.38,25.59,23.16,29.65,23.07,8.41,31-Dec-18,5
2019,1,0,0.88,86.25,25.8,23.15,30.26,22.83,8.63,01-Jan-19,5
2019,2,0,0.87,87.44,25.68,23.25,30.09,22.73,8.21,02-Jan-19,5
2019,3,0,0.84,87.44,25.93,23.51,30.54,22.8,8.75,03-Jan-19,5
2019,4,0,0.76,87.12,26.25,23.75,30.76,23.12,8.64,04-Jan-19,5
2019,5,0,0.91,88.44,25.83,23.65,29.77,23.38,7.18,05-Jan-19,5
2019,6,0,1.33,87.75,25.44,23.15,29.08,23.25,6.78,06-Jan-19,5
2019,7,0,1.01,87.44,25.44,23.11,28.84,23.26,7,07-Jan-19,5
2019,8,0,0.88,89,25.03,23.01,28.55,23.08,8.57,08-Jan-19,5
2019,9,0,0.87,87.69,24.78,22.48,28.53,22.44,6.38,09-Jan-19,5
2019,10,0,0.97,87.25,24.01,21.63,27.92,21.47,8.35,10-Jan-19,5
2019,11,0,1.12,86.19,23.7,21.08,27.86,20.93,9.49,11-Jan-19,5
2019,12,0,1.08,86.25,24.31,21.75,28.35,21.41,8.42,12-Jan-19,5
2019,13,0,1.08,87.19,24.87,22.48,28.55,22.48,8.76,13-Jan-19,5
2019,14,0,1.14,86.12,25.08,22.45,29.02,22.37,5.85,14-Jan-19,5
2019,15,0,1.23,85.75,25.32,22.64,29.44,22.65,6.07,15-Jan-19,5
2019,16,0,1.41,84.81,25.43,22.58,29.24,23.22,5.84,16-Jan-19,5
2019,17,0,1.42,87,25.22,22.79,29.37,22.71,7,17-Jan-19,5
2019,18,0,1.46,86.88,25.41,22.97,29.26,23.02,6.29,18-Jan-19,5
2019,19,0,1.19,86.38,25.76,23.19,29.91,23.01,7.75,19-Jan-19,5
2019,20,0,1.13,86.88,25.81,23.37,29.59,23.52,6.77,20-Jan-19,5
2019,21,0,1.51,86.94,25.31,22.9,28.6,23.34,6.85,21-Jan-19,5
2019,22,0,1.45,85.38,25.84,23.09,29.93,23.39,6.84,22-Jan-19,5
2019,23,0,1.08,84.56,25.99,23,30.45,23.11,7.93,23-Jan-19,5
2019,24,0,0.63,86.75,26.11,23.58,29.9,23.06,8.39,24-Jan-19,5
2019,25,0,0.84,87.94,25.76,23.49,29.07,23.46,6.81,25-Jan-19,5
2019,26,0,0.79,84.88,26.15,23.19,30.78,23.23,7.3,26-Jan-19,5
2019,27,0,0.88,87.19,25.54,23.1,29.62,23.23,7.29,27-Jan-19,5
2019,28,0,1.1,86.12,25.32,22.69,29.53,22.69,6.75,28-Jan-19,5
2019,29,0,1.09,84.44,25.45,22.49,30.14,22.71,8.43,29-Jan-19,5
2019,30,0,1.29,82.88,24.57,21.31,28.73,22.03,6.48,30-Jan-19,5
2019,31,0,1.23,85.44,24.62,21.92,27.83,22.43,6.64,31-Jan-19,5
2019,32,0,0.83,85,25.74,22.87,29.94,22.74,7.12,01-Feb-19,5
2019,33,0,1.02,84.75,25.37,22.45,29.34,22.9,7.4,02-Feb-19,5
2019,34,0,1.06,83.38,25.35,22.18,29.31,22.44,8.27,03-Feb-19,5
2019,35,0,1.08,82.31,25.46,22.05,29.87,22.67,7.73,04-Feb-19,5
2019,36,0,1.31,84.56,25.62,22.64,30.35,22.86,7.56,05-Feb-19,5
2019,37,0,1.43,81.75,25.55,22.05,29.98,23.01,8.14,06-Feb-19,5
2019,38,0,1.33,83.19,25.76,22.51,30.53,22.93,7.89,07-Feb-19,5
2019,39,0,1.19,82.31,25.94,22.5,30.8,22.98,8.35,08-Feb-19,5
2019,40,0,1.62,80.12,25.65,21.78,30.67,22.9,7.73,09-Feb-19,5
2019,41,0,1.23,80.12,25.81,21.96,30.2,22.86,7.23,10-Feb-19,5
2019,42,0,0.82,82,26.24,22.7,30.57,23.25,6.4,11-Feb-19,5
2019,43,0,0.49,80.62,26.9,23,31.73,23.41,7.09,12-Feb-19,5
2019,44,0,0.86,83.12,26.23,22.9,31.01,23.2,5.04,13-Feb-19,5
2019,45,0,1.04,81.12,26.13,22.39,30.88,23.08,7.59,14-Feb-19,5
2019,46,0,1.16,81.94,25.91,22.37,30.55,22.84,6.87,15-Feb-19,5
2019,47,0,1.04,80.5,26.09,22.2,31.33,22.94,9.25,16-Feb-19,5
2019,48,0,0.78,83.38,26.13,22.87,31.16,22.58,7.51,17-Feb-19,5
2019,49,0,0.68,84.12,26.22,23.13,30.56,23.58,7.97,18-Feb-19,5
2019,50,0,0.85,82.06,26.48,22.97,30.7,23.67,5.92,19-Feb-19,5
2019,51,0,0.45,81.38,26.69,23.01,31.12,23.53,7.58,20-Feb-19,5
2019,52,0,0.73,79.62,27.46,23.26,32.57,23.64,9.94,21-Feb-19,5
2019,53,0,0.67,79.12,27.43,23.16,32.33,24.12,8.17,22-Feb-19,5
2019,54,0,0.41,80.62,27.11,23.19,31.4,23.9,4.78,23-Feb-19,5
2019,55,0,0.59,79.31,27.14,22.93,32.06,23.76,8.07,24-Feb-19,5
2019,56,0,0.82,77.12,27.31,22.41,33.37,23.47,7.42,25-Feb-19,5
2019,57,0,0.98,78.5,26.67,22.25,32.24,23.4,8,26-Feb-19,5
2019,58,0,0.59,76.94,27.33,22.38,33.08,23.05,7.6,27-Feb-19,5
2019,59,0,0.65,73.44,27.9,22.17,33.52,23.6,8.75,28-Feb-19,5
2019,60,0,0.7,78.94,27.12,22.81,32.06,23.74,8.02,01-Mar-19,5
2019,61,0,0.45,76.88,27.47,22.59,32.76,23.75,8.58,02-Mar-19,5
2019,62,0,0.74,78.06,26.85,22.42,31.33,23.67,7.52,03-Mar-19,5
2019,63,0,0.7,76.44,27.26,22.36,33.01,23.37,6.26,04-Mar-19,5
2019,64,0,1.13,75.44,27.07,21.96,32.44,23.55,6.48,05-Mar-19,5
2019,65,0,1.55,77.56,26.58,22.04,31.75,23.51,6.23,06-Mar-19,5
2019,66,0,1.66,78,26.44,22.04,31.59,23.81,6.58,07-Mar-19,5
2019,67,0,1.74,77.5,26.72,22.12,32.19,23.35,7.14,08-Mar-19,5
2019,68,0,1.45,75.25,27.78,22.49,34.42,23.92,6.73,09-Mar-19,5
2019,69,0,0.98,81.62,27.15,23.49,31.35,23.96,6.27,10-Mar-19,5
2019,70,0,0.91,74.31,28.41,22.8,35.01,24.1,7.83,11-Mar-19,5
2019,71,0,1.49,73.5,27.67,22.08,33.74,24.12,8.27,12-Mar-19,5
2019,72,0,1.57,74.81,26.71,21.51,32.65,23.17,7.26,13-Mar-19,5
2019,73,0,1.24,74.12,27.32,21.81,33.49,23.22,6.6,14-Mar-19,5
2019,74,0,1.25,74.69,27.54,22.23,33.38,23.74,7.83,15-Mar-19,5
2019,75,0,1.49,75.12,27.76,22.55,33.7,24.33,7.53,16-Mar-19,5
2019,76,0,1.48,72.88,27.76,21.94,34.26,23.86,6.47,17-Mar-19,5
2019,77,5.27,1.31,79,27.15,22.86,32.39,24.23,5.06,18-Mar-19,5
2019,78,21.09,0.69,87.44,25.73,23.36,29.36,23.73,3.74,19-Mar-19,5
2019,79,5.27,0.91,82.69,26.55,23.08,31.37,23.38,8.09,20-Mar-19,5
2019,80,0,1.49,78.5,26.37,21.99,31.58,23.33,7.23,21-Mar-19,5
2019,81,0,1.52,74.56,25.91,20.71,30.83,23.05,6.85,22-Mar-19,5
2019,82,0,1.46,76.88,26.22,21.51,31.88,22.37,6.06,23-Mar-19,5
2019,83,0,1.34,76,27.51,22.51,33.15,24.06,5.96,24-Mar-19,5
2019,84,0,0.97,76.69,27.5,22.62,33.09,23.64,7.11,25-Mar-19,5
2019,85,0,1.41,77.69,26.87,22.3,31.81,23.83,6.26,26-Mar-19,5
2019,86,0,1.81,75.56,26.47,21.53,30.76,23.65,6.99,27-Mar-19,5
2019,87,0,1.59,79.56,25.73,21.82,29.33,23.69,4.14,28-Mar-19,5
2019,88,5.27,1.28,77.44,26.31,21.71,31.04,23.13,6.63,29-Mar-19,5
2019,89,0,1.3,77.31,26.77,22.17,32.14,23.49,7.23,30-Mar-19,5
2019,90,0,1.23,80.69,26.98,23.08,32.31,23.68,5.66,31-Mar-19,6
2019,91,58.01,1.05,92.69,25.26,23.98,27.53,24.16,5.75,01-Apr-19,6
2019,92,26.37,0.96,90.44,25.73,23.98,29.16,23.93,4.99,02-Apr-19,6
2019,93,0,1.27,84.38,26.11,23.08,30.6,23.59,9.34,03-Apr-19,6
2019,94,0,0.95,82.38,26.45,22.91,31.55,23.01,6.96,04-Apr-19,6
2019,95,0,0.82,84.12,26.33,23.2,30.65,23.21,6.17,05-Apr-19,6
2019,96,0,0.69,82.5,26.62,23.13,31.47,23.35,8.28,06-Apr-19,6
2019,97,0,0.66,81.5,27.01,23.31,31.54,23.54,6.95,07-Apr-19,6
2019,98,0,0.62,81.69,27.09,23.38,31.47,23.95,6.61,08-Apr-19,6
2019,99,5.27,0.54,82.06,27.3,23.69,31.78,24,6.61,09-Apr-19,6
2019,100,5.27,0.66,82.69,27.19,23.7,31.78,24,7.46,10-Apr-19,6
2019,101,0,0.54,83.12,26.34,23.04,29.87,23.87,8.55,11-Apr-19,6
2019,102,0,0.8,81.06,27.32,23.48,32.39,23.8,6.98,12-Apr-19,6
2019,103,5.27,0.65,84.88,27,24.1,30.27,24.62,5.79,13-Apr-19,6
2019,104,0,0.5,90,25.82,24.02,27.82,24.42,4.33,14-Apr-19,6
2019,105,0,0.51,80.88,27.54,23.66,32.08,24.03,6.46,15-Apr-19,6
2019,106,0,1.22,81.19,27.11,23.37,31.68,24.28,7.09,16-Apr-19,6
2019,107,42.19,1.08,85.94,26.58,23.92,30.35,24.37,6.32,17-Apr-19,6
2019,108,36.91,0.77,88.25,26.48,24.25,30.06,23.94,6.72,18-Apr-19,6
2019,109,10.55,0.64,87.88,26.71,24.4,30.22,23.98,6.84,19-Apr-19,6
2019,110,94.92,0.73,92.44,25.8,24.45,28.21,24.3,3.1,20-Apr-19,6
2019,111,15.82,0.77,89,26.13,24.08,29.44,23.8,7.49,21-Apr-19,6
2019,112,5.27,0.62,91.12,25.64,24.03,28.15,23.98,7.15,22-Apr-19,6
2019,113,42.19,0.91,91.44,25.57,24.01,28.78,23.76,8.27,23-Apr-19,6
2019,114,0,0.87,85.44,25.57,22.76,29.44,22.92,9.06,24-Apr-19,6
2019,115,0,0.97,88.12,25.98,23.76,29.58,23.47,7.38,25-Apr-19,6
2019,116,0,0.91,89.69,26.31,24.42,29.35,24.41,6.76,26-Apr-19,6
2019,117,0,0.87,92.62,26.05,24.75,28.16,24.37,7.48,27-Apr-19,6
2019,118,79.1,0.8,91.56,27.03,25.48,30.34,24.84,9.4,28-Apr-19,6
2019,119,36.91,0.8,90.62,27.11,25.37,30.07,24.76,6.93,29-Apr-19,6
2019,120,0,0.65,91.12,26.88,25.24,29.8,25.12,5.95,30-Apr-19,6
2019,121,0,0.62,88.5,27.32,25.14,30.65,24.84,8.5,01-May-19,6
2019,122,0,0.63,89.62,26.78,24.87,29.15,24.82,8.34,02-May-19,6
2019,123,5.27,0.62,91.62,26.44,24.92,28.64,24.46,7.62,03-May-19,6
2019,124,31.64,0.67,92.25,26.08,24.69,27.88,24.87,6.92,04-May-19,6
2019,125,0,0.57,90,26.87,25.01,29.98,24.83,7.66,05-May-19,6
2019,126,0,0.52,90.75,27.19,25.48,29.99,25.29,6.31,06-May-19,6
2019,127,26.37,0.8,93.38,26.9,25.72,29.05,25.48,6.41,07-May-19,6
2019,128,58.01,0.63,93.31,26.53,25.33,28.88,25.23,7.28,08-May-19,6
2019,129,68.55,0.59,94.81,25.78,24.9,27.62,24.58,7.71,09-May-19,6
2019,130,47.46,0.53,89.56,25.87,23.92,29.12,23.87,6.05,10-May-19,6
2019,131,0,0.62,85.81,26.29,23.62,29.67,24.2,9.27,11-May-19,6
2019,132,0,0.59,89.44,26.14,24.19,29.23,23.59,9.48,12-May-19,6
2019,133,0,0.63,92.12,26.1,24.68,28.38,24.48,4.05,13-May-19,6
2019,134,0,0.59,91.06,26.19,24.58,28.35,24.43,8.48,14-May-19,6
2019,135,10.55,0.45,90,26.54,24.73,28.87,24.87,6.4,15-May-19,6
2019,136,15.82,0.66,92.81,25.8,24.54,27.52,24.05,7.92,16-May-19,6
2019,137,15.82,0.66,89.81,26.29,24.4,29.01,24.33,8.31,17-May-19,6
2019,138,52.73,0.67,94.94,25.41,24.55,26.79,24.16,8.14,18-May-19,6
2019,139,5.27,0.69,93.44,25.29,24.15,27.26,23.92,8.49,19-May-19,6
2019,140,0,0.53,85.06,26.42,23.54,29.94,23.14,9.17,20-May-19,6
2019,141,10.55,0.62,88.62,25.98,23.88,28.9,23.93,8.45,21-May-19,6
2019,142,5.27,0.54,88.5,26.06,23.9,29.1,23.69,7.35,22-May-19,6
2019,143,10.55,0.53,89.25,26.18,24.21,28.39,24.3,7.78,23-May-19,6
2019,144,21.09,0.67,91.12,25.82,24.23,28.28,23.77,8.27,24-May-19,6
2019,145,10.55,0.73,90.69,25.79,24.1,27.93,24.07,7.12,25-May-19,6
2019,146,26.37,0.68,92.81,25.53,24.26,27.76,24.04,8.51,26-May-19,6
2019,147,21.09,0.52,91.19,25.9,24.3,28.63,24.1,9.24,27-May-19,6
2019,148,5.27,0.59,93.88,25.17,24.12,26.65,23.83,6.42,28-May-19,6
2019,149,10.55,0.71,94.94,25.1,24.24,26.53,23.77,8.85,29-May-19,6
2019,150,5.27,0.59,91.5,24.65,23.15,26.8,22.86,7.55,30-May-19,6
2019,151,0,0.59,87,26.08,23.58,30.03,22.51,8.85,31-May-19,6
2019,152,0,0.46,88.19,26.11,23.9,29.13,23.7,8.96,01-Jun-19,6
2019,153,0,0.55,86.94,26.19,23.76,28.95,24.05,9.03,02-Jun-19,6
2019,154,0,0.69,89.81,26.22,24.36,29.34,23.85,7.37,03-Jun-19,6
2019,155,5.27,0.66,93.5,26.19,25.04,28.3,24.68,8.55,04-Jun-19,6
2019,156,0,0.58,90.88,26.69,25.02,29.29,24.72,7.74,05-Jun-19,6
2019,157,10.55,0.55,92.25,25.91,24.56,27.47,24.44,7.67,06-Jun-19,6
2019,158,0,0.61,90.69,25.23,23.56,27.14,23.82,6.62,07-Jun-19,6
2019,159,0,0.71,87.12,26.18,23.77,29.65,23.21,8.54,08-Jun-19,6
2019,160,10.55,0.53,90.38,26.28,24.54,28.65,24.26,7.5,09-Jun-19,6
2019,161,21.09,0.8,92.94,25.96,24.7,28.33,24.37,7.37,10-Jun-19,6
2019,162,58.01,0.76,94.38,25.76,24.8,27.68,24.8,7.95,11-Jun-19,6
2019,163,21.09,0.72,91.25,25.8,24.23,28,24.42,8.27,12-Jun-19,6
2019,164,0,0.47,87.69,26.3,23.98,29.53,23.35,7.35,13-Jun-19,6
2019,165,5.27,0.59,91.94,26.29,24.84,28.56,24.51,5.53,14-Jun-19,6
2019,166,5.27,0.55,92.81,25.87,24.6,27.91,24.48,7.49,15-Jun-19,6
2019,167,0,0.63,90.38,26.01,24.3,28.33,23.93,8.38,16-Jun-19,6
2019,168,5.27,0.77,88.44,27.05,24.83,30.78,24.19,8.79,17-Jun-19,6
2019,169,5.27,0.55,88.12,27.89,25.64,30.77,24.89,8.16,18-Jun-19,6
2019,170,15.82,0.58,89.81,27.47,25.58,30.05,25.48,7.76,19-Jun-19,6
2019,171,5.27,0.47,88.5,27.64,25.49,30.17,25.48,7.14,20-Jun-19,6
2019,172,21.09,0.53,91.81,26.88,25.4,29.23,25.08,8.75,21-Jun-19,6
2019,173,10.55,0.55,90.5,27.08,25.32,29.87,25.35,7.94,22-Jun-19,6
2019,174,5.27,0.55,87.56,26.96,24.6,30.06,25.21,5.74,23-Jun-19,6
2019,175,5.27,0.59,91.38,26.04,24.48,28.3,24.41,5.91,24-Jun-19,6
2019,176,0,0.84,92.69,25.7,24.41,27.73,24.15,6.96,25-Jun-19,6
2019,177,0,0.77,89.19,26.76,24.73,30.19,23.88,8.04,26-Jun-19,6
2019,178,0,0.64,90.88,26.83,25.14,29.51,24.67,7.99,27-Jun-19,6
2019,179,0,0.49,88.75,27.04,24.96,29.78,25.07,6.1,28-Jun-19,6
2019,180,5.27,0.52,89.5,26.73,24.83,28.92,24.65,7.16,29-Jun-19,7
2019,181,0,0.59,92.06,26.23,24.81,28.5,24.65,7.24,30-Jun-19,7
2019,182,26.37,0.59,90.06,26.36,24.55,29.12,23.96,7.26,01-Jul-19,7
2019,183,10.55,0.52,87.44,26.38,24.03,29.51,24.31,8,02-Jul-19,7
2019,184,0,0.8,93.62,25.71,24.58,27.86,24.2,8.92,03-Jul-19,7
2019,185,26.37,0.69,92.12,26.26,24.83,28.63,24.58,7.45,04-Jul-19,7
2019,186,47.46,0.51,86.38,26.99,24.4,29.85,24.77,8.2,05-Jul-19,7
2019,187,5.27,0.55,88.44,27.12,24.95,30.26,24.71,8.25,06-Jul-19,7
2019,188,15.82,0.68,93.75,26.41,25.31,28.75,24.45,9.19,07-Jul-19,7
2019,189,58.01,0.54,88.94,25.34,23.3,27.95,23.01,7.98,08-Jul-19,7
2019,190,15.82,0.39,87.06,25.69,23.32,28.17,23.45,7.02,09-Jul-19,7
2019,191,5.27,0.73,91,25.52,23.9,28.26,23.22,7.64,10-Jul-19,7
2019,192,0,0.62,91.88,25.73,24.27,28.12,24.09,8.93,11-Jul-19,7
2019,193,5.27,0.84,93,25.86,24.61,28.34,23.8,8.68,12-Jul-19,7
2019,194,0,0.61,91.69,26.09,24.58,28.37,24.52,8.61,13-Jul-19,7
2019,195,0,0.61,91.12,26.01,24.4,28.14,24.57,7.55,14-Jul-19,7
2019,196,5.27,0.8,92.44,25.05,23.73,27.66,23.26,6.99,15-Jul-19,7
2019,197,0,0.6,85.75,25.51,22.79,29.01,22.44,10.93,16-Jul-19,7
2019,198,0,0.54,87.88,26.77,24.47,30.45,23.94,9.57,17-Jul-19,7
2019,199,5.27,0.55,88.06,27.26,25.02,30.3,24.73,9.02,18-Jul-19,7
2019,200,5.27,0.46,88.12,27.23,25.04,29.68,25.27,8.99,19-Jul-19,7
2019,201,5.27,0.51,88.75,27.12,25.05,29.8,25.23,9.18,20-Jul-19,7
2019,202,15.82,0.51,86.31,27.3,24.68,30.26,24.89,7.97,21-Jul-19,7
2019,203,10.55,0.7,93.94,25.83,24.78,27.33,24.65,6.67,22-Jul-19,7
2019,204,10.55,0.71,94.75,24.62,23.74,25.67,23.96,8.14,23-Jul-19,7
2019,205,5.27,0.7,89.38,25.68,23.73,28.58,23.32,7.71,24-Jul-19,7
2019,206,0,0.55,89.25,25.86,23.89,28.48,23.83,8.05,25-Jul-19,7
2019,207,0,0.49,87.94,25.98,23.75,28.89,23.44,9.02,26-Jul-19,7
2019,208,0,0.77,88.75,25.98,23.86,29.43,24.11,9.12,27-Jul-19,7
2019,209,0,0.53,84.31,27.21,24.07,31.39,24.5,8.93,28-Jul-19,7
2019,210,5.27,0.6,92,26.39,24.94,29.05,24.74,8.13,29-Jul-19,7
2019,211,10.55,0.43,88.38,26.7,24.54,29.41,24.81,7.93,30-Jul-19,7
2019,212,5.27,0.62,91.75,26.37,24.87,28.87,24.49,8.85,31-Jul-19,7
2019,213,0,0.55,93,26.28,25.05,27.95,24.59,7.11,01-Aug-19,7
2019,214,0,0.55,91.62,25.75,24.27,27.11,24.52,7.48,02-Aug-19,7
2019,215,5.27,0.69,94.69,25.28,24.37,27.1,23.9,7.81,03-Aug-19,7
2019,216,0,0.65,87.88,26.01,23.74,29.35,23.24,8.78,04-Aug-19,7
2019,217,31.64,0.52,89.69,26.62,24.75,29.23,24.14,8,05-Aug-19,7
2019,218,47.46,0.58,93.44,25.44,24.3,27.06,24.44,8.09,06-Aug-19,7
2019,219,0,0.62,92.81,25.38,24.14,26.81,24,8.95,07-Aug-19,7
2019,220,0,0.56,87.88,26.39,24.12,29.55,24.03,7.97,08-Aug-19,7
2019,221,0,0.59,90.31,26.4,24.63,28.96,24.22,8.48,09-Aug-19,7
2019,222,5.27,0.55,88.75,26.8,24.73,29.49,24.29,8.18,10-Aug-19,7
2019,223,5.27,0.5,88.75,27.14,25.06,29.48,25.34,8.53,11-Aug-19,7
2019,224,5.27,0.58,92.25,26.65,25.26,28.8,25.04,8.89,12-Aug-19,7
2019,225,10.55,0.61,92.88,26.2,24.95,28.05,24.74,5.63,13-Aug-19,7
2019,226,21.09,0.56,90.75,26.26,24.57,29.15,24.09,8.32,14-Aug-19,7
2019,227,52.73,0.79,94.88,25.2,24.32,26.63,23.78,7.12,15-Aug-19,7
2019,228,31.64,0.76,94.25,23.94,22.97,25.42,22.39,7.02,16-Aug-19,7
2019,229,0,0.59,84.12,25.26,22.14,29.79,21.65,9.13,17-Aug-19,7
2019,230,0,0.54,87.94,26.05,23.83,28.89,23.86,8.58,18-Aug-19,7
2019,231,5.27,0.48,87.88,26.33,24.08,29.05,23.94,7.08,19-Aug-19,7
2019,232,15.82,0.47,88,26.55,24.33,29.4,24.44,10.16,20-Aug-19,7
2019,233,5.27,0.65,91.56,26.25,24.74,28.49,23.95,8.27,21-Aug-19,7
2019,234,0,0.48,86.62,26.98,24.41,30.51,24.49,8.87,22-Aug-19,7
2019,235,0,0.47,87.56,27.18,24.83,30.09,24.77,7.9,23-Aug-19,7
2019,236,5.27,0.61,92.25,26.49,25.1,28.8,24.87,7.36,24-Aug-19,7
2019,237,5.27,0.52,89.25,26.4,24.44,28.76,24.39,8.26,25-Aug-19,7
2019,238,0,0.46,88.56,26.4,24.28,29.12,24.29,8.79,26-Aug-19,7
2019,239,0,0.45,87.06,27.23,24.73,30.51,24.47,9.37,27-Aug-19,7
2019,240,0,0.59,90.69,26.73,25.05,28.83,24.81,4.28,28-Aug-19,7
2019,241,5.27,0.63,90.69,25.43,23.76,27,23.69,9.21,29-Aug-19,7
2019,242,5.27,0.48,90.12,26.12,24.32,28.71,23.62,8.72,30-Aug-19,7
2019,243,5.27,0.57,91.19,26.29,24.69,28.85,24.23,6.19,31-Aug-19,7
2019,244,5.27,0.69,92.62,25.67,24.37,28.22,24.13,8.64,01-Sep-19,7
2019,245,0,0.49,88.75,26.31,24.25,29.33,23.93,5.28,02-Sep-19,7
2019,246,0,0.5,88.94,25.99,23.97,28.67,24.01,7.86,03-Sep-19,7
2019,247,0,0.56,89.75,26.5,24.61,29.23,24.01,5.92,04-Sep-19,7
2019,248,5.27,0.48,90.56,25.65,23.96,27.27,24.4,9.14,05-Sep-19,7
2019,249,0,0.54,90.56,25.83,24.12,28.44,23.88,7.13,06-Sep-19,7
2019,250,52.73,0.52,92.56,25.81,24.51,27.35,24.17,8.71,07-Sep-19,7
2019,251,5.27,0.59,90.81,26.22,24.57,28.62,24.02,6.89,08-Sep-19,7
2019,252,0,0.51,89.69,26.51,24.6,29.23,24.71,9.22,09-Sep-19,7
2019,253,0,0.8,91.88,26.64,25.15,29.59,24.49,8.47,10-Sep-19,7
2019,254,5.27,0.55,91.06,26.94,25.3,29.37,25.09,8.13,11-Sep-19,7
2019,255,5.27,0.62,92.25,26.45,25.05,29.14,24.38,7.86,12-Sep-19,7
2019,256,5.27,0.87,94.06,25.54,24.51,27.42,24.05,9.13,13-Sep-19,7
2019,257,5.27,0.6,94.06,25.36,24.33,27.19,23.81,5.22,14-Sep-19,7
2019,258,5.27,0.63,92.81,25.94,24.66,28.26,24.46,6.2,15-Sep-19,7
2019,259,0,0.56,94.5,25.52,24.58,27.32,24.4,8.1,16-Sep-19,7
2019,260,0,0.77,89.38,26.23,24.24,29.87,23.62,7.59,17-Sep-19,7
2019,261,5.27,0.55,90.69,25.15,23.47,26.73,23.54,7.83,18-Sep-19,7
2019,262,0,0.66,88.81,25.01,22.94,27.76,22.79,7.19,19-Sep-19,7
2019,263,5.27,0.67,86.12,25.51,22.87,29.33,22.02,8.39,20-Sep-19,7
2019,264,0,0.61,91.88,24.91,23.47,26.83,23.48,6.81,21-Sep-19,7
2019,265,52.73,0.65,90.12,25.22,23.41,28.37,22.97,8.25,22-Sep-19,7
2019,266,15.82,0.54,87.38,26.08,23.7,29.39,23.49,9.17,23-Sep-19,7
2019,267,0,0.6,90,25.62,23.8,28.48,23.61,9.87,24-Sep-19,7
2019,268,15.82,0.62,88.88,25.89,23.82,29.07,23.21,8.79,25-Sep-19,7
2019,269,10.55,0.71,89.88,25.66,23.82,28.38,23.17,8.18,26-Sep-19,7
2019,270,10.55,0.35,87.81,26.09,23.83,29.3,23.87,8.54,27-Sep-19,7
2019,271,5.27,0.62,89.81,26.23,24.33,29.51,23.64,7.46,28-Sep-19,7
2019,272,5.27,0.84,92.69,25.97,24.67,28.26,24.31,5.83,29-Sep-19,7
2019,273,10.55,0.88,92.25,25.2,23.81,27.53,23.62,9.25,30-Sep-19,8
2019,274,0,0.87,88.56,25.58,23.44,28.96,22.88,9.57,01-Oct-19,8
2019,275,0,0.67,89.19,25.65,23.66,28.69,23.48,5.88,02-Oct-19,8
2019,276,0,0.48,87.94,25.52,23.3,28.29,23.29,7.47,03-Oct-19,8
2019,277,15.82,0.68,92.75,25.38,24.11,27.54,23.7,8.02,04-Oct-19,8
2019,278,5.27,0.56,90.62,26.05,24.33,28.8,24.26,9.18,05-Oct-19,8
2019,279,0,0.6,89.81,25.69,23.83,28.57,23.65,7.9,06-Oct-19,8
2019,280,0,0.49,89.25,25.68,23.7,28.28,23.08,8.53,07-Oct-19,8
2019,281,0,0.66,90.94,25.81,24.18,28.41,23.92,7.73,08-Oct-19,8
2019,282,79.1,0.55,92.19,25.54,24.14,27.96,23.97,8.34,09-Oct-19,8
2019,283,31.64,0.56,89.62,25.31,23.42,27.5,23.43,8.17,10-Oct-19,8
2019,284,0,0.59,86.44,26.02,23.44,29.71,22.77,6,11-Oct-19,8
2019,285,5.27,0.56,89.44,25.71,23.76,28.65,23.59,9.37,12-Oct-19,8
2019,286,5.27,0.82,91.69,25.51,24.01,28.29,23.7,7.76,13-Oct-19,8
2019,287,0,0.64,93.19,24.92,23.73,26.98,23.59,7.61,14-Oct-19,8
2019,288,15.82,0.8,94.19,24.99,23.98,27.26,23.3,7.25,15-Oct-19,8
2019,289,10.55,0.7,94.44,25.37,24.4,27.51,24.13,8.17,16-Oct-19,8
2019,290,0,0.55,91.38,25.05,23.49,27.26,23.69,8.03,17-Oct-19,8
2019,291,5.27,0.62,92.38,24.87,23.55,26.89,23.12,7.48,18-Oct-19,8
2019,292,0,0.55,89,25.26,23.23,28.14,22.95,6.58,19-Oct-19,8
2019,293,5.27,0.43,88.12,24.94,22.77,27.33,23.16,8.33,20-Oct-19,8
2019,294,26.37,0.63,87.56,25.27,22.94,28.83,22.81,7.3,21-Oct-19,8
2019,295,10.55,0.7,92.5,24.65,23.33,27.13,22.73,8.27,22-Oct-19,8
2019,296,0,0.57,87.94,25.33,23.12,28.37,22.92,8.73,23-Oct-19,8
2019,297,10.55,0.53,89.12,25.37,23.4,27.92,23.05,8.69,24-Oct-19,8
2019,298,10.55,0.37,85,26.55,23.66,30.44,23.64,9.07,25-Oct-19,8
2019,299,10.55,0.52,89.56,26.11,24.19,29.31,24.22,8.02,26-Oct-19,8
2019,300,5.27,0.7,93.44,25.73,24.58,28.04,24.1,8.37,27-Oct-19,8
2019,301,5.27,0.59,92.81,25.95,24.65,28.21,24.37,8.13,28-Oct-19,8
2019,302,5.27,0.62,93.38,25.76,24.59,27.98,24.48,8.31,29-Oct-19,8
2019,303,10.55,0.63,91.56,25.77,24.23,28.8,23.48,8.02,30-Oct-19,8
2019,304,31.64,0.54,89.38,26.48,24.49,29.61,24.25,8.02,31-Oct-19,8
2019,305,21.09,0.71,93.5,25.8,24.65,28.19,24.31,8.05,01-Nov-19,8
2019,306,5.27,0.62,93.06,25.65,24.43,27.65,24.07,8.4,02-Nov-19,8
2019,307,5.27,0.68,93.75,25.73,24.64,28.03,24.33,7.04,03-Nov-19,8
2019,308,21.09,0.66,93.19,25.85,24.63,28.49,24.13,7.45,04-Nov-19,8
2019,309,10.55,0.79,94.94,25.51,24.64,27.1,24.46,4.82,05-Nov-19,8
2019,310,10.55,0.74,93.88,25.83,24.75,28.12,24.32,7.77,06-Nov-19,8
2019,311,5.27,0.49,89.31,26.76,24.76,29.76,24.65,7.69,07-Nov-19,8
2019,312,0,0.48,88.12,26.98,24.77,29.99,24.87,4.68,08-Nov-19,8
2019,313,0,0.55,92,26.34,24.91,28.45,24.75,3.43,09-Nov-19,8
2019,314,0,0.68,91.44,25.85,24.31,28.43,23.99,8.36,10-Nov-19,8
2019,315,63.28,0.66,90.62,25.76,24.03,29.37,22.82,8.09,11-Nov-19,8
2019,316,26.37,0.59,90,25.88,24.02,28.99,23.4,4.86,12-Nov-19,8
2019,317,0,0.59,90.06,25.57,23.77,27.75,23.89,7.77,13-Nov-19,8
2019,318,15.82,0.52,88.81,25.77,23.66,29.26,23.07,7.81,14-Nov-19,8
2019,319,68.55,0.7,89.94,25.82,23.94,29.32,23.64,8.06,15-Nov-19,8
2019,320,10.55,0.66,89.5,25.77,23.8,29.27,23.29,8.21,16-Nov-19,8
2019,321,0,0.72,88.88,25.65,23.58,29.14,23.34,6.73,17-Nov-19,8
2019,322,5.27,0.72,88.06,25.48,23.23,29.17,22.77,7.67,18-Nov-19,8
2019,323,0,0.8,88.12,25.37,23.13,28.77,23.12,7.78,19-Nov-19,8
2019,324,0,0.78,87.44,25.44,23.07,29.17,22.93,8.17,20-Nov-19,8
2019,325,0,0.99,88.25,25.42,23.21,29.13,22.77,7.74,21-Nov-19,8
2019,326,0,0.76,87.19,25.53,23.09,29.35,23.02,8.73,22-Nov-19,8
2019,327,0,0.67,86.88,25.68,23.16,29.65,22.58,8.64,23-Nov-19,8
2019,328,5.27,0.91,89.56,25.83,23.9,29.23,23.59,7.84,24-Nov-19,8
2019,329,5.27,0.89,90.56,26.26,24.51,29.06,24.08,6.15,25-Nov-19,8
2019,330,0,0.87,89.75,27.09,25.17,30.22,24.92,6.27,26-Nov-19,8
2019,331,0,0.6,91.94,26.89,25.44,29.26,25.13,7.47,27-Nov-19,8
2019,332,0,0.52,90.62,26.16,24.48,28.87,24.68,6.65,28-Nov-19,8
2019,333,0,0.73,94.06,25.47,24.44,27.29,24.37,5.68,29-Nov-19,8
2019,334,0,0.91,90.81,25.76,24.1,28.6,23.9,7.56,30-Nov-19,8
2019,335,0,0.94,88.44,26.19,24.02,29.69,23.64,7.11,01-Dec-19,8
2019,336,0,0.96,89,26.4,24.37,29.44,24.39,6.73,02-Dec-19,8
2019,337,21.09,0.91,95.38,25.51,24.73,26.87,24.69,3.66,03-Dec-19,8
2019,338,10.55,0.88,93.62,25.73,24.6,28.23,24.08,7.29,04-Dec-19,8
2019,339,5.27,0.7,94.5,25.59,24.64,27.37,24.5,6.64,05-Dec-19,8
2019,340,5.27,0.88,93.62,25.99,24.86,28.65,24.14,6.7,06-Dec-19,8
2019,341,0,0.91,92.06,25.45,24.05,27.65,23.37,7.09,07-Dec-19,8
2019,342,0,0.57,86.31,25.26,22.65,29.6,22.22,8.52,08-Dec-19,8
2019,343,0,0.91,87.56,25.9,23.52,29.73,22.98,8.25,09-Dec-19,8
2019,344,0,0.73,89.06,26.12,24.11,29.05,24.15,5.77,10-Dec-19,8
2019,345,0,0.73,92.38,25.6,24.23,28.14,23.87,7.53,11-Dec-19,8
2019,346,0,0.75,88.44,26.08,23.88,29.83,23.62,8.25,12-Dec-19,8
2019,347,0,0.48,84.75,26.49,23.54,30.27,23.65,7.03,13-Dec-19,8
2019,348,0,0.48,88.19,26.05,23.85,29.22,23.68,8.25,14-Dec-19,8
2019,349,0,0.82,89.31,25.77,23.8,28.83,23.55,6.74,15-Dec-19,8
2019,350,15.82,0.72,92.75,25.94,24.65,28.24,24.33,7.45,16-Dec-19,8
2019,351,5.27,0.6,91.75,26.08,24.58,28.75,24.15,6.05,17-Dec-19,8
2019,352,0,0.55,92.62,25.69,24.39,27.51,24.3,6.82,18-Dec-19,8
2019,353,0,0.81,89.94,26.14,24.28,29.62,23.77,7.03,19-Dec-19,8
2019,354,5.27,0.81,90.69,26.57,24.85,29.87,24.22,6.78,20-Dec-19,8
2019,355,31.64,0.77,91.75,26.69,25.18,29.9,24.61,7,21-Dec-19,8
2019,356,21.09,0.52,93.12,26.21,25,28.19,25.21,4.76,22-Dec-19,8
2019,357,0,0.44,93.06,25.8,24.58,27.62,24.33,6.01,23-Dec-19,8
2019,358,0,0.77,90.62,26.35,24.63,29.34,24.31,5.74,24-Dec-19,8
2019,359,0,0.86,92.06,26.16,24.74,28.69,24.6,3.46,25-Dec-19,8
2019,360,0,1.1,92.06,26.05,24.63,28.2,24.76,5.8,26-Dec-19,8
2019,361,5.27,0.91,95.31,25.88,25.09,27.2,25.04,5.22,27-Dec-19,8
2019,362,5.27,0.82,95.56,25.93,25.17,27.64,24.87,6.4,28-Dec-19,8
2019,363,26.37,0.77,94.81,25.98,25.08,28.07,24.76,5.79,29-Dec-19,8
2019,364,42.19,0.88,95.94,25.54,24.85,27.21,24.29,2.21,30-Dec-19,8
2019,365,21.09,0.73,92.44,25.56,24.22,28.12,23.87,6.8,31-Dec-19,8
2020,1,42.19,0.78,93.44,25.3,24.15,27.57,23.76,8.32,01-Jan-20,9
2020,2,10.55,0.96,89.81,25.81,23.91,29.5,23.42,7.35,02-Jan-20,9
2020,3,0,0.72,87.38,26.35,23.93,30.33,23.75,8.07,03-Jan-20,9
2020,4,0,0.66,87.94,26.45,24.13,30.31,23.77,9.05,04-Jan-20,9
2020,5,0,1.36,88,25.69,23.49,28.84,23.9,9.23,05-Jan-20,9
2020,6,0,1.23,87.5,25.51,23.21,29.02,23.41,8.97,06-Jan-20,9
2020,7,0,1.18,86.88,25.63,23.17,29.48,22.98,9.27,07-Jan-20,9
2020,8,0,1.23,88,25.96,23.71,29.66,23.35,9.72,08-Jan-20,9
2020,9,0,1.06,87.44,26.3,23.91,30.31,23.83,9.79,09-Jan-20,9
2020,10,0,1.14,85.94,25.53,22.81,29.45,22.87,9.9,10-Jan-20,9
2020,11,0,0.85,86.69,25.98,23.34,30.26,23,9.32,11-Jan-20,9
2020,12,0,1.1,87.25,26.15,23.69,30.26,23.48,9.54,12-Jan-20,9
2020,13,0,1.05,86.81,26.01,23.44,29.89,23.4,9.23,13-Jan-20,9
2020,14,0,1.21,86.19,26,23.32,29.98,23.73,9.52,14-Jan-20,9
2020,15,0,1.09,86.31,26.22,23.6,30.19,23.76,8.26,15-Jan-20,9
2020,16,0,0.98,87.5,26.58,24.19,30.73,23.8,8.53,16-Jan-20,9
2020,17,0,1.07,87.5,27.23,24.83,31.45,24.46,8.07,17-Jan-20,9
2020,18,0,0.95,86.62,27.4,24.83,31.88,24.42,8.13,18-Jan-20,9
2020,19,0,0.8,89.06,26.9,24.84,30.59,24.64,8.05,19-Jan-20,9
2020,20,5.27,0.91,90.44,26.44,24.66,30.11,24.37,5.15,20-Jan-20,9
2020,21,5.27,1.05,89.94,25.8,23.94,29.33,23.55,7.03,21-Jan-20,9
2020,22,0,0.66,89.19,25.39,23.37,28.65,23.48,7.94,22-Jan-20,9
2020,23,0,0.78,86.62,25.37,22.8,29.51,22.5,9.41,23-Jan-20,9
2020,24,0,1.23,87.56,25.3,22.98,29.31,22.8,7.25,24-Jan-20,9
2020,25,0,1.22,87.75,25.16,22.9,28.92,22.86,5.91,25-Jan-20,9
2020,26,0,1.15,86.06,25.16,22.55,28.98,22.83,7.45,26-Jan-20,9
2020,27,0,0.73,87.06,24.94,22.52,28.73,22.39,8.1,27-Jan-20,9
2020,28,0,0.84,86.94,24.98,22.47,29.33,22.01,7.69,28-Jan-20,9
2020,29,0,1,86.88,25.27,22.76,29.89,22.29,9.42,29-Jan-20,9
2020,30,0,0.95,85.31,25.81,22.98,30.31,22.55,9.71,30-Jan-20,9
2020,31,0,1.05,86.56,26.16,23.62,30.11,23.45,7.37,31-Jan-20,9
2020,32,0,0.74,88.38,26.48,24.29,29.99,23.93,7.31,01-Feb-20,9
2020,33,0,1.13,89.62,26.04,24.14,28.72,24.47,6.37,02-Feb-20,9
2020,34,0,1.24,86.75,26.53,24.03,30.73,24.12,7.34,03-Feb-20,9
2020,35,0,0.89,87.75,26.66,24.32,31.08,23.87,8.6,04-Feb-20,9
2020,36,0,0.74,86.62,26.56,23.97,31.12,23.41,8.7,05-Feb-20,9
2020,37,0,0.55,83.81,26.77,23.55,31.43,23.36,9.5,06-Feb-20,9
2020,38,0,0.81,83.75,26.66,23.43,31.35,23.28,9.97,07-Feb-20,9
2020,39,0,1.2,83.75,26.15,23.02,30.25,23.51,8.84,08-Feb-20,9
2020,40,0,1.12,84.31,25.94,22.9,30.52,22.94,9.88,09-Feb-20,9
2020,41,0,1.03,84.44,26.21,23.13,30.87,23.33,10.21,10-Feb-20,9
2020,42,0,0.73,84.69,26.99,23.92,32.21,23.4,9.27,11-Feb-20,9
2020,43,0,0.74,84.94,26.9,23.91,31.83,23.69,8.44,12-Feb-20,9
2020,44,0,0.86,84.5,27.01,23.94,31.94,23.64,9.46,13-Feb-20,9
2020,45,0,1.15,85.5,26.58,23.76,30.96,23.73,7.86,14-Feb-20,9
2020,46,0,1.22,83.38,27.05,23.76,31.77,24.06,8.51,15-Feb-20,9
2020,47,0,1.05,83.5,27.06,23.83,31.83,23.98,6.84,16-Feb-20,9
2020,48,0,1.15,84.06,27.26,24.13,31.94,24.35,7.11,17-Feb-20,9
2020,49,0,1.02,84.25,27.27,24.15,32.27,24.23,8.67,18-Feb-20,9
2020,50,0,0.98,84.44,27.33,24.22,32.6,24.02,8.46,19-Feb-20,9
2020,51,5.27,1.12,85.38,27.07,24.18,32.23,24.12,8.6,20-Feb-20,9
2020,52,5.27,1.41,86.62,26.01,23.44,30.39,23.58,7.36,21-Feb-20,9
2020,53,5.27,1.41,83.56,25.49,22.36,29.44,23.06,7.39,22-Feb-20,9
2020,54,0,1.41,80.69,25.19,21.4,29.47,22.37,8.72,23-Feb-20,9
2020,55,0,1.21,79.06,25.22,21.1,29.94,22.13,6.61,24-Feb-20,9
2020,56,0,0.75,83.38,25.63,22.37,30.55,21.67,5.43,25-Feb-20,9
2020,57,5.27,0.7,84.25,26.29,23.13,31.33,22.85,9.82,26-Feb-20,9
2020,58,0,1.05,83.44,25.83,22.55,30.46,22.9,7.35,27-Feb-20,9
2020,59,0,1.41,82.5,25.7,22.3,30.32,22.79,9.89,28-Feb-20,9
2020,60,0,1.55,81.38,26.12,22.51,30.71,23.61,7.22,29-Feb-20,9
2020,61,0,1.43,79.62,26.09,22.1,31.09,22.98,8.36,01-Mar-20,9
2020,62,0,1.02,80.06,26.8,22.82,31.94,23.46,6.52,02-Mar-20,9
2020,63,0,0.91,79.19,27.01,22.78,32.19,23.63,7.33,03-Mar-20,9
2020,64,0,0.88,77.88,27.33,22.77,33.06,23.33,8.24,04-Mar-20,9
2020,65,0,0.87,78.44,27.35,22.94,32.64,23.69,8.09,05-Mar-20,9
2020,66,0,1.09,77.69,27.16,22.57,32.62,23.77,7.79,06-Mar-20,9
2020,67,0,1.5,78.06,26.33,21.94,30.85,23.68,7.34,07-Mar-20,9
2020,68,0,1.81,78,26.21,21.88,30.98,23.36,8.06,08-Mar-20,9
2020,69,0,1.68,76.81,26.98,22.21,32.8,23.76,8.7,09-Mar-20,9
2020,70,0,1.35,79.62,26.94,22.76,32.46,23.58,7.35,10-Mar-20,9
2020,71,0,1.46,78,26.62,22.19,31.26,23.62,4.48,11-Mar-20,9
2020,72,0,1.43,78.06,26.05,21.67,30.71,23.04,5.57,12-Mar-20,9
2020,73,0,1.4,77.38,26.18,21.57,31.74,22.92,7.79,13-Mar-20,9
2020,74,0,1.45,76.44,26.44,21.69,31.63,23.27,8.63,14-Mar-20,9
2020,75,0,1.38,76.94,26.68,21.87,32.43,22.98,8.38,15-Mar-20,9
2020,76,0,1.58,75.56,27.18,22.12,32.81,23.65,9.7,16-Mar-20,9
2020,77,0,1.38,78.06,26.76,22.19,32.49,23.05,9.62,17-Mar-20,9
2020,78,0,1.37,77.19,26.57,21.88,31.99,23.12,9.24,18-Mar-20,9
2020,79,31.64,1.23,82.12,26.37,22.83,31.53,23.48,8.96,19-Mar-20,9
2020,80,21.09,1.22,84.62,25.66,22.66,30.15,22.98,8.21,20-Mar-20,9
2020,81,0,0.93,82.19,25.75,22.17,30.8,22.17,10.61,21-Mar-20,9
2020,82,0,1.01,80.31,26.36,22.31,31.86,22.67,9.8,22-Mar-20,9
2020,83,0,0.96,79.75,26.84,22.63,32.47,22.91,9.68,23-Mar-20,9
2020,84,0,1.03,78.88,27.1,22.74,32.49,23.69,7.84,24-Mar-20,9
2020,85,0,1.09,80.31,26.76,22.75,31.93,23.44,8.59,25-Mar-20,9
2020,86,0,1.34,80.06,26.39,22.4,31.15,23.6,7.32,26-Mar-20,9
2020,87,0,1.29,77.31,26.4,21.73,32.06,22.94,9.64,27-Mar-20,9
2020,88,0,1.16,76.88,26.85,22.08,32.23,23.12,9.84,28-Mar-20,9
2020,89,5.27,1.01,81.44,26.65,22.92,31.32,23.52,6.38,29-Mar-20,9
2020,90,5.27,0.87,82.12,26.91,23.27,32.19,23.5,7.44,30-Mar-20,9
2020,91,5.27,0.91,83.31,26.8,23.46,31.56,23.94,5.87,31-Mar-20,10
2020,92,5.27,0.8,82.38,26.75,23.17,31.89,23.58,4.51,01-Apr-20,10
2020,93,0,1.03,79.88,26.93,22.8,32.4,23.32,6.82,02-Apr-20,10
2020,94,0,1.22,80.25,26.84,22.9,31.56,23.77,5.95,03-Apr-20,10
2020,95,0,1.45,81.5,26.69,23.05,30.76,23.95,6.69,04-Apr-20,10
2020,96,0,1.27,82.44,27.29,23.83,31.66,24.49,6.59,05-Apr-20,10
2020,97,0,0.99,84.94,27.16,24.26,30.28,24.8,4.19,06-Apr-20,10
2020,98,0,0.84,85,27.28,24.4,30.37,25.41,7.89,07-Apr-20,10
2020,99,0,0.95,85.94,27.05,24.38,29.69,25.04,7.32,08-Apr-20,10
2020,100,0,0.95,85.12,27.01,24.15,30.81,24.63,4.98,09-Apr-20,10
2020,101,0,0.92,82.75,27.35,23.94,31.52,24.76,6.05,10-Apr-20,10
2020,102,10.55,1.15,83.56,27.43,24.19,31.81,24.77,5.83,11-Apr-20,10
2020,103,15.82,0.49,82.56,28.07,24.51,32.91,24.91,6.47,12-Apr-20,10
2020,104,0,0.62,80.5,27.79,23.82,32.59,24.13,7.76,13-Apr-20,10
2020,105,0,0.62,80.69,27.48,23.57,31.76,24.47,7.59,14-Apr-20,10
2020,106,0,0.41,77.94,27.58,22.98,32.87,23.62,10.5,15-Apr-20,10
2020,107,0,0.65,75.38,27.8,22.6,32.9,23.83,8.74,16-Apr-20,10
2020,108,0,0.95,76.5,27.46,22.52,32.72,23.61,8.79,17-Apr-20,10
2020,109,5.27,0.81,81.69,27.06,23.42,31.72,24.08,6.39,18-Apr-20,10
2020,110,5.27,0.59,85.62,25.8,23.08,28.66,24.07,9.2,19-Apr-20,10
2020,111,0,0.64,78.62,27.55,23.1,32.73,23.56,8.46,20-Apr-20,10
2020,112,36.91,0.34,84.81,26.85,23.88,30.86,24.2,6.34,21-Apr-20,10
2020,113,15.82,0.74,91.5,25.55,24.01,27.9,23.89,7.43,22-Apr-20,10
2020,114,5.27,0.64,86.62,25.83,23.3,29.14,23.55,6.78,23-Apr-20,10
2020,115,0,0.56,87.88,26.44,24.14,30.45,23.57,7.63,24-Apr-20,10
2020,116,5.27,0.42,85.94,27.14,24.4,30.87,24.29,9.1,25-Apr-20,10
2020,117,5.27,0.45,90.88,26.15,24.52,27.9,24.45,7.22,26-Apr-20,10
2020,118,5.27,0.6,88.38,26.69,24.51,29.76,24.87,6.96,27-Apr-20,10
2020,119,5.27,0.94,89.81,26.23,24.35,29.17,24.35,6.37,28-Apr-20,10
2020,120,5.27,0.93,88.12,26.58,24.34,30.03,24.43,6.83,29-Apr-20,10
2020,121,10.55,0.72,91,26.01,24.38,28.69,24.44,5.79,30-Apr-20,10
2020,122,5.27,0.86,89.94,26.35,24.51,29.04,24.4,6.1,01-May-20,10
2020,123,0,1.2,86.31,27,24.4,30.73,24.89,7.04,02-May-20,10
2020,124,5.27,0.98,89.12,26.78,24.76,30.19,24.9,6.35,03-May-20,10
2020,125,31.64,0.84,93.31,26.2,25.01,28.76,24.76,6.1,04-May-20,10
2020,126,15.82,0.84,92.62,26.37,25.06,28.54,24.79,7.61,05-May-20,10
2020,127,5.27,0.7,92.62,26.15,24.84,28.3,24.96,7.7,06-May-20,10
2020,128,0,0.8,90.81,26.58,24.88,29.83,24.61,7.78,07-May-20,10
2020,129,10.55,0.59,90.88,26.73,25.08,28.65,24.94,7.24,08-May-20,10
2020,130,5.27,0.62,91.25,27.07,25.46,29.92,24.96,7.51,09-May-20,10
2020,131,21.09,0.51,88.38,27.83,25.61,31.41,25.55,8.34,10-May-20,10
2020,132,5.27,0.9,90.88,26.9,25.23,29.85,25.14,6.91,11-May-20,10
2020,133,5.27,0.81,90.81,26.13,24.47,28.83,24.47,5.99,12-May-20,10
2020,134,0,0.6,87.44,25.86,23.52,28.84,23.87,7.82,13-May-20,10
2020,135,0,0.58,84.94,26.6,23.67,30.99,23.05,7.86,14-May-20,10
2020,136,10.55,0.44,90.12,26.16,24.37,28.55,24.44,8.43,15-May-20,10
2020,137,47.46,0.43,85.88,27.58,24.82,31.62,24.33,6.5,16-May-20,10
2020,138,36.91,0.69,94.38,26.34,25.37,28.1,25.01,5.33,17-May-20,10
2020,139,5.27,0.52,89.62,26.83,24.88,29.87,24.86,7.31,18-May-20,10
2020,140,5.27,0.62,94.19,25.64,24.63,27.13,24.46,6.42,19-May-20,10
2020,141,0,0.5,87.75,26.4,24.11,29.3,24.26,9.31,20-May-20,10
2020,142,5.27,0.65,91.38,26.3,24.73,28.89,24.26,6.32,21-May-20,10
2020,143,5.27,0.72,92.88,26.48,25.23,28.28,24.84,7.79,22-May-20,10
2020,144,0,0.66,89.5,26.9,24.97,30.05,24.84,8.52,23-May-20,10
2020,145,5.27,0.52,90.44,26.7,24.95,29.22,24.74,7.65,24-May-20,10
2020,146,0,0.45,89.5,26.64,24.74,28.47,24.48,6.5,25-May-20,10
2020,147,15.82,0.48,90.31,26.77,24.99,29.94,24.23,7.76,26-May-20,10
2020,148,5.27,0.73,94.06,26.05,25.01,28.3,24.63,5.55,27-May-20,10
2020,149,0,0.51,91.25,25.55,23.98,27.83,23.94,6.58,28-May-20,10
2020,150,0,0.58,87.56,26.03,23.68,29.38,23.29,8.81,29-May-20,10
2020,151,0,0.73,93.75,25.02,23.94,26.79,23.5,5.88,30-May-20,10
2020,152,42.19,0.54,90.06,24.65,22.89,26.57,22.62,8.71,31-May-20,10
2020,153,21.09,0.7,87.81,25.97,23.7,29.44,23.69,7.22,01-Jun-20,10
2020,154,5.27,0.71,95.38,25.38,24.6,26.94,24.11,4.09,02-Jun-20,10
2020,155,0,0.73,93.5,25.5,24.37,27.18,24.25,7.41,03-Jun-20,10
2020,156,5.27,0.52,88.44,26.03,23.86,29.58,23.09,8.01,04-Jun-20,10
2020,157,0,0.57,89.94,26.08,24.23,28.73,23.8,6.86,05-Jun-20,10
2020,158,0,0.45,89.88,26.15,24.29,28.51,24.03,5.45,06-Jun-20,10
2020,159,0,0.55,87.38,26.33,23.98,29.43,24.4,9.36,07-Jun-20,10
2020,160,15.82,0.55,86.62,26.87,24.35,30.19,24.13,8.3,08-Jun-20,10
2020,161,26.37,0.62,94.69,26.06,25.14,27.88,24.68,6.95,09-Jun-20,10
2020,162,21.09,0.91,92.75,24.72,23.43,27.05,22.73,6.28,10-Jun-20,10
2020,163,0,0.71,87.19,25.43,23.01,28.98,22.24,8.83,11-Jun-20,10
2020,164,0,0.66,88.06,25.83,23.58,29.36,23.16,9,12-Jun-20,10
2020,165,21.09,0.54,89.88,25.98,24.12,28.64,23.52,8.47,13-Jun-20,10
2020,166,21.09,0.58,92.94,25.43,24.2,26.86,24.32,7.46,14-Jun-20,10
2020,167,5.27,0.52,89,25.64,23.65,27.98,23.31,7.1,15-Jun-20,10
2020,168,0,0.59,89.38,26.07,24.12,29.36,23.48,6.72,16-Jun-20,10
2020,169,0,0.62,90.81,26.26,24.61,28.95,24,6.82,17-Jun-20,10
2020,170,5.27,0.67,89.88,25.82,23.98,28.28,24.37,8.36,18-Jun-20,10
2020,171,5.27,0.49,87.56,26.33,23.98,29.71,23.73,7.89,19-Jun-20,10
2020,172,5.27,0.55,92.5,26.15,24.8,28.43,24.1,8.53,20-Jun-20,10
2020,173,0,0.77,94.62,25.77,24.85,27.05,24.8,8.17,21-Jun-20,10
2020,174,10.55,0.56,89.56,26.62,24.69,29.69,24.36,7.85,22-Jun-20,10
2020,175,15.82,0.6,90.88,26.77,25.1,29.31,24.97,7.04,23-Jun-20,10
2020,176,5.27,0.57,88.06,26.48,24.22,29.8,23.86,8.12,24-Jun-20,10
2020,177,0,0.73,90.56,26.66,24.94,29.47,24.55,6.96,25-Jun-20,10
2020,178,0,0.49,89.81,26.15,24.32,28.05,24.87,7.85,26-Jun-20,10
2020,179,5.27,0.59,90.94,26.1,24.46,28.96,24.14,8.62,27-Jun-20,10
2020,180,15.82,0.73,95.5,25.22,24.46,26.71,24.23,8.3,28-Jun-20,10
2020,181,0,0.6,86.94,26.3,23.81,29.8,23.46,7.34,29-Jun-20,10
2020,182,10.55,0.74,92.75,25.84,24.52,28.53,24.09,7.75,30-Jun-20,10
2020,183,5.27,0.64,90.56,25.83,24.1,28.46,23.85,8.3,01-Jul-20,10
2020,184,26.37,0.68,92.62,25.58,24.27,28.11,23.96,7.89,02-Jul-20,11
2020,185,10.55,0.66,92.5,25.82,24.47,28.53,24.19,8.53,03-Jul-20,11
2020,186,5.27,0.89,93.38,25.33,24.18,27.29,24.17,7.09,04-Jul-20,11
2020,187,0,0.59,89.19,25.59,23.64,28.07,23.96,6.56,05-Jul-20,11
2020,188,10.55,0.6,89.94,26.3,24.43,29.55,23.86,8.83,06-Jul-20,11
2020,189,10.55,0.83,91.38,26.31,24.72,29.54,24.2,7.56,07-Jul-20,11
2020,190,5.27,0.92,94.88,25.28,24.4,27.22,23.71,9.67,08-Jul-20,11
2020,191,0,0.73,88.38,26.12,23.92,30.03,23.08,8.25,09-Jul-20,11
2020,192,5.27,0.65,92.31,25.65,24.28,27.86,24.09,6.33,10-Jul-20,11
2020,193,10.55,0.71,96.5,24.97,24.4,26.31,23.58,8.29,11-Jul-20,11
2020,194,0,0.58,90.12,25.23,23.43,28.16,23.02,8.61,12-Jul-20,11
2020,195,5.27,0.58,88.5,26.32,24.14,29.93,23.3,8.86,13-Jul-20,11
2020,196,5.27,0.63,94.25,25.2,24.21,26.53,24.14,8.81,14-Jul-20,11
2020,197,0,0.53,86.25,26.44,23.83,30.05,23.73,8.99,15-Jul-20,11
2020,198,0,0.68,93,25.73,24.49,27.74,24.26,6.65,16-Jul-20,11
2020,199,5.27,0.61,87.38,26.76,24.32,30.58,24.31,8.93,17-Jul-20,11
2020,200,0,0.55,89.38,26.69,24.69,29.7,24.45,8.07,18-Jul-20,11
2020,201,0,0.55,90.62,26.08,24.41,27.71,24.88,8.71,19-Jul-20,11
2020,202,5.27,0.5,90.44,26.01,24.25,28.55,24.21,5.82,20-Jul-20,11
2020,203,10.55,0.89,95.62,24.9,24.15,26.11,23.4,8.62,21-Jul-20,11
2020,204,10.55,0.64,93,25.01,23.79,27.46,23.03,7.46,22-Jul-20,11
2020,205,5.27,0.78,92.5,25.29,23.94,28.4,23.3,7.61,23-Jul-20,11
2020,206,10.55,0.93,95.25,24.67,23.87,26.35,23.4,8.43,24-Jul-20,11
2020,207,26.37,0.54,88.5,25.14,23.04,27.26,23.08,8.13,25-Jul-20,11
2020,208,0,0.72,88.56,25.69,23.57,29,23.51,8.14,26-Jul-20,11
2020,209,36.91,0.54,91.19,25.45,23.87,27.79,23.68,8.66,27-Jul-20,11
2020,210,21.09,0.59,87.56,26.35,24,30.09,23.58,9.04,28-Jul-20,11
2020,211,0,0.61,88.75,26.83,24.69,30.44,24.26,8.13,29-Jul-20,11
2020,212,0,0.73,92.31,26.69,25.3,29.4,24.69,8.08,30-Jul-20,11
2020,213,5.27,0.47,87.81,26.75,24.46,29.4,24.89,8.53,31-Jul-20,11
2020,214,21.09,0.62,89.62,26.48,24.56,29.59,24.24,9.69,01-Aug-20,11
2020,215,15.82,0.57,86.69,27.36,24.74,31.53,24.26,8.87,02-Aug-20,11
2020,216,15.82,0.48,89.12,26.77,24.76,29.36,24.48,7.22,03-Aug-20,11
2020,217,21.09,0.66,94.31,25.62,24.65,26.88,24.58,8.24,04-Aug-20,11
2020,218,15.82,0.59,92.56,25.55,24.24,27.51,24.08,7.35,05-Aug-20,11
2020,219,15.82,0.59,95.06,25.07,24.24,26.4,24.14,6.7,06-Aug-20,11
2020,220,0,0.41,90.31,26.08,24.3,29.12,23.95,7.89,07-Aug-20,11
2020,221,0,0.52,86.56,27.28,24.69,31,24.12,9,08-Aug-20,11
2020,222,5.27,0.59,93.38,26.26,25.12,27.75,24.9,9.08,09-Aug-20,11
2020,223,15.82,0.58,93.06,25.95,24.73,28.41,24.24,7.88,10-Aug-20,11
2020,224,5.27,0.51,91.19,26.4,24.83,28.99,24.29,5.41,11-Aug-20,11
2020,225,0,0.45,88.94,26.81,24.79,29.3,24.89,8.19,12-Aug-20,11
2020,226,5.27,0.52,92.69,26.45,25.15,28.47,24.83,6.86,13-Aug-20,11
2020,227,5.27,0.74,92.25,25.91,24.51,29.33,23.98,8.83,14-Aug-20,11
2020,228,0,0.73,93.56,24.94,23.83,26.73,23.41,7.93,15-Aug-20,11
2020,229,5.27,0.52,91.19,25.75,24.16,28.44,23.89,6.69,16-Aug-20,11
2020,230,0,0.7,90.56,26.32,24.58,29.62,23.89,7.12,17-Aug-20,11
2020,231,0,0.62,88.69,25.15,23.11,27.68,22.97,8.3,18-Aug-20,11
2020,232,5.27,1.05,95.56,24.83,24.08,26.85,23.33,8.68,19-Aug-20,11
2020,233,0,0.67,89.44,25.34,23.4,28.49,22.67,8.22,20-Aug-20,11
2020,234,0,0.45,89.69,25.57,23.69,28.33,23.83,8.18,21-Aug-20,11
2020,235,26.37,0.7,91.69,25.65,24.18,28.23,23.64,9.31,22-Aug-20,11
2020,236,15.82,0.41,85.94,25.98,23.34,28.44,23.9,8.99,23-Aug-20,11
2020,237,26.37,0.45,88.19,26.05,23.83,29.83,23.05,9.52,24-Aug-20,11
2020,238,26.37,0.76,90.94,25.51,23.9,27.54,23.67,6.72,25-Aug-20,11
2020,239,0,0.89,89.5,24.99,23.11,27.43,23.23,7.56,26-Aug-20,11
2020,240,0,0.6,88.12,25.48,23.27,29.27,22.65,5.63,27-Aug-20,11
2020,241,0,0.58,92.75,25.44,24.17,27.55,23.7,7.34,28-Aug-20,11
2020,242,0,0.64,93,25.07,23.84,27.69,23.64,7.55,29-Aug-20,11
2020,243,0,0.66,87,25.84,23.44,28.88,23.5,9.98,30-Aug-20,11
2020,244,10.55,0.41,86.06,26.42,23.79,29.9,23.58,8.14,31-Aug-20,11
2020,245,36.91,0.49,89.88,26.07,24.19,28.76,24.21,8.9,01-Sep-20,11
2020,246,31.64,0.55,89,25.7,23.65,28.5,23.6,7.27,02-Sep-20,11
2020,247,5.27,0.67,89.06,25.68,23.63,29.26,22.43,8.19,03-Sep-20,11
2020,248,15.82,0.44,88.19,25.95,23.75,29.04,23.83,7.66,04-Sep-20,11
2020,249,10.55,0.55,87.94,26.58,24.3,30.42,23.98,9.04,05-Sep-20,11
2020,250,5.27,0.67,94.31,25.74,24.75,27.65,24.21,7.36,06-Sep-20,11
2020,251,5.27,0.71,94.94,25.1,24.24,26.26,23.83,8.58,07-Sep-20,11
2020,252,5.27,0.77,94.25,24.55,23.55,26.44,23.35,6.29,08-Sep-20,11
2020,253,10.55,0.67,90.19,25.23,23.42,28.62,22.79,8.97,09-Sep-20,11
2020,254,5.27,0.62,90.19,25.5,23.73,28.27,23.94,8.88,10-Sep-20,11
2020,255,0,0.64,90.94,26.01,24.36,28.79,23.9,8.03,11-Sep-20,11
2020,256,0,0.58,91.94,25.74,24.31,27.87,24.11,9.66,12-Sep-20,11
2020,257,79.1,0.67,93.75,25.33,24.26,26.88,23.79,8.09,13-Sep-20,11
2020,258,5.27,0.52,89.06,26.48,24.44,29.87,24.24,8.81,14-Sep-20,11
2020,259,5.27,0.83,93.75,25.84,24.76,27.79,24.45,6.48,15-Sep-20,11
2020,260,5.27,0.63,90.06,25.81,23.97,29.04,23.58,8.6,16-Sep-20,11
2020,261,26.37,0.86,90,25.37,23.53,28.78,22.73,9.55,17-Sep-20,11
2020,262,10.55,0.75,92.88,24.69,23.44,26.88,22.65,8.59,18-Sep-20,11
2020,263,15.82,0.56,88.31,26.01,23.85,29.26,23,9.83,19-Sep-20,11
2020,264,31.64,0.33,89.94,26.27,24.42,29.14,24.37,8.61,20-Sep-20,11
2020,265,21.09,0.74,95,25.31,24.45,27.11,24.23,7.79,21-Sep-20,11
2020,266,0,0.52,88.62,25.87,23.8,28.49,23.6,8.79,22-Sep-20,11
2020,267,5.27,0.61,92.12,25.73,24.33,28.15,23.93,7.88,23-Sep-20,11
2020,268,31.64,0.68,95.5,25.33,24.56,26.93,24.22,7.86,24-Sep-20,11
2020,269,26.37,0.62,94.12,24.89,23.88,26.3,23.55,6.45,25-Sep-20,11
2020,270,0,0.56,88.12,25.82,23.57,29.4,23.08,8.78,26-Sep-20,11
2020,271,0,0.57,90.69,25.39,23.72,27.51,23.73,8.75,27-Sep-20,11
2020,272,0,0.62,90.31,25.37,23.62,27.66,23.74,8.3,28-Sep-20,11
2020,273,0,0.8,91.62,25.87,24.35,28.72,23.66,8.03,29-Sep-20,11
2020,274,0,0.84,93.31,24.48,23.31,25.65,23.17,8.58,30-Sep-20,12
2020,275,0,0.53,86.31,25.76,23.13,30.02,22.28,8.99,01-Oct-20,12
2020,276,0,0.72,90.25,25.82,24.03,28.94,23.71,8.51,02-Oct-20,12
2020,277,5.27,0.73,93.69,25.3,24.19,27.54,23.44,7.88,03-Oct-20,12
2020,278,0,0.77,92.25,25.34,23.96,28.02,23.37,9.49,04-Oct-20,12
2020,279,0,0.76,88.25,25.62,23.43,29.01,23.16,10.3,05-Oct-20,12
2020,280,0,0.55,87.5,25.55,23.27,28.19,24.08,5.62,06-Oct-20,12
2020,281,0,0.61,88.69,25.49,23.4,28.62,22.94,6.36,07-Oct-20,12
2020,282,5.27,0.59,93.38,25.15,24,26.9,23.7,9.37,08-Oct-20,12
2020,283,0,0.41,85.88,25.92,23.29,28.83,23.89,8.17,09-Oct-20,12
2020,284,0,0.7,87.62,26.12,23.79,30.12,23.58,9.03,10-Oct-20,12
2020,285,21.09,0.52,89.44,26.33,24.36,29.51,24.12,9.62,11-Oct-20,12
2020,286,21.09,0.56,92.06,26,24.58,28.15,24.77,9.92,12-Oct-20,12
2020,287,10.55,0.83,95.88,25.06,24.37,26.49,23.65,8.42,13-Oct-20,12
2020,288,0,0.6,87.75,25.79,23.45,29.44,23.34,9.65,14-Oct-20,12
2020,289,5.27,0.51,89.75,25.4,23.55,27.93,23.23,7.73,15-Oct-20,12
2020,290,5.27,0.57,88.31,26.71,24.49,30.62,24.08,8.19,16-Oct-20,12
2020,291,15.82,0.59,94.25,26.15,25.15,27.99,24.64,5.56,17-Oct-20,12
2020,292,15.82,0.49,90.44,26.62,24.88,29.19,24.73,9.05,18-Oct-20,12
2020,293,5.27,0.66,92.94,25.67,24.42,28.06,24.02,8.05,19-Oct-20,12
2020,294,0,0.7,91.12,25.65,24.06,28,23.65,9.02,20-Oct-20,12
2020,295,0,0.7,89.06,26.23,24.19,29.59,23.49,9.26,21-Oct-20,12
2020,296,10.55,0.63,93.38,25.57,24.42,27.23,24.19,9.1,22-Oct-20,12
2020,297,15.82,0.62,91.62,25.73,24.2,28.75,23.99,8.32,23-Oct-20,12
2020,298,5.27,0.75,93.88,25.11,24.05,27.18,23.65,6.74,24-Oct-20,12
2020,299,5.27,0.59,93.19,25.19,24,27.23,23.5,9.57,25-Oct-20,12
2020,300,0,0.55,87.44,26.17,23.81,29.59,23.4,9.41,26-Oct-20,12
2020,301,5.27,0.69,89.56,26.35,24.39,29.8,23.74,8.91,27-Oct-20,12
2020,302,10.55,0.65,91.62,26.1,24.58,29.54,23.66,7.99,28-Oct-20,12
2020,303,5.27,0.72,91.25,25.86,24.27,28.75,23.6,10.5,29-Oct-20,12
2020,304,21.09,0.72,90.69,25.88,24.17,29.05,23.38,9.85,30-Oct-20,12
2020,305,10.55,0.73,94.56,24.77,23.84,26.47,23.46,9.09,31-Oct-20,12
2020,306,36.91,0.9,92.25,25.23,23.83,28.16,23.31,8.21,01-Nov-20,12
2020,307,36.91,1.11,91.81,25.09,23.61,28.54,22.84,9.46,02-Nov-20,12
2020,308,15.82,1,89.56,25.03,23.08,28.76,22.4,9.65,03-Nov-20,12
2020,309,0,0.77,88.62,25.4,23.28,29.34,22.22,7.96,04-Nov-20,12
2020,310,0,0.73,88.75,25.21,23.14,28.08,22.87,7.75,05-Nov-20,12
2020,311,0,0.79,89,24.74,22.71,28.08,22.2,7.21,06-Nov-20,12
2020,312,0,0.8,88.31,24.23,22.05,28.23,20.69,8.18,07-Nov-20,12
2020,313,0,0.8,86.88,24.94,22.47,28.89,21.7,7.57,08-Nov-20,12
2020,314,0,0.66,85.75,25.08,22.36,28.73,21.62,6.74,09-Nov-20,12
2020,315,5.27,0.79,91.5,23.58,22.08,25.75,21.98,7.32,10-Nov-20,12
2020,316,5.27,0.62,89.81,24.37,22.52,27.38,21.02,6.4,11-Nov-20,12
2020,317,42.19,0.66,94.5,25.15,24.2,27.26,23.3,8.75,12-Nov-20,12
2020,318,10.55,0.74,94.81,25.02,24.12,27.24,23.4,8.83,13-Nov-20,12
2020,319,10.55,1.25,93.38,24.67,23.51,27.55,22.91,7.12,14-Nov-20,12
2020,320,15.82,1.09,94.31,24.35,23.37,26.45,22.8,7.84,15-Nov-20,12
2020,321,5.27,0.9,91.44,25.12,23.56,28.25,22.84,7.75,16-Nov-20,12
2020,322,0,0.83,90.06,25.23,23.42,28.57,22.84,7.56,17-Nov-20,12
2020,323,0,0.64,88.75,25.55,23.47,28.72,22.73,7.46,18-Nov-20,12
2020,324,10.55,0.51,88.88,25.72,23.65,28.82,23.65,7.93,19-Nov-20,12
2020,325,15.82,0.73,93.69,24.77,23.67,26.87,23.42,7,20-Nov-20,12
2020,326,10.55,0.62,95.62,24.55,23.82,26.31,23.44,8.12,21-Nov-20,12
2020,327,10.55,0.62,89.94,25.52,23.66,29.08,22.49,8.16,22-Nov-20,12
2020,328,5.27,0.73,89.31,25.94,23.94,29.65,23.53,7.19,23-Nov-20,12
2020,329,0,0.64,92.69,25.9,24.61,28.09,24,6.45,24-Nov-20,12
2020,330,5.27,0.62,94.25,25.95,24.95,27.57,24.91,7.23,25-Nov-20,12
2020,331,5.27,0.75,94.31,25.8,24.8,27.86,24.51,7.34,26-Nov-20,12
2020,332,5.27,0.73,93.62,25.54,24.42,27.88,23.98,6.9,27-Nov-20,12
2020,333,5.27,0.61,91.38,25.44,23.9,28.03,23.83,8.12,28-Nov-20,12
2020,334,5.27,0.59,90.62,26,24.26,29.24,24,7.72,29-Nov-20,12
2020,335,5.27,0.58,93.69,25.49,24.37,27.2,24.34,6.76,30-Nov-20,12
2020,336,10.55,0.64,92.88,25.76,24.48,28.4,24.25,7.57,01-Dec-20,12
2020,337,21.09,0.5,92.31,25.64,24.26,27.9,23.69,7.43,02-Dec-20,12
2020,338,5.27,0.57,90.88,25.51,23.84,28.2,23.37,7.4,03-Dec-20,12
2020,339,0,0.84,89.69,25.99,24.08,29.4,23.94,7.59,04-Dec-20,12
2020,340,0,0.73,90,25.63,23.81,28.68,24.02,6.64,05-Dec-20,12
2020,341,0,0.77,91.25,25.58,24.01,27.97,23.96,6.33,06-Dec-20,12
2020,342,0,0.74,94.06,25.58,24.55,27.7,24.08,6.52,07-Dec-20,12
2020,343,0,0.86,91.62,25.99,24.46,28.98,24.11,6.28,08-Dec-20,12
2020,344,0,1.02,92.06,25.48,24.08,27.4,24.06,5.98,09-Dec-20,12
2020,345,0,0.96,90.12,25.87,24.09,28.62,24.23,7.67,10-Dec-20,12
2020,346,0,0.84,89.38,25.57,23.64,28.43,23.96,7.04,11-Dec-20,12
2020,347,0,0.98,88.56,25.57,23.44,28.87,23.58,7.16,12-Dec-20,12
2020,348,0,0.88,89.75,25.87,23.95,29.48,23.69,7.82,13-Dec-20,12
2020,349,0,0.91,89.56,25.7,23.75,29.42,23.62,7.01,14-Dec-20,12
2020,350,5.27,0.8,88.94,25.69,23.64,29.23,23.55,7.51,15-Dec-20,12
2020,351,5.27,0.6,88,25.78,23.53,28.99,23.05,7.32,16-Dec-20,12
2020,352,0,0.91,90.31,25.8,24.01,28.99,23.58,6.84,17-Dec-20,12
2020,353,0,1.02,88.75,26.05,23.94,29.45,23.84,6.74,18-Dec-20,12
2020,354,0,0.96,88.12,26.3,24.07,29.96,23.77,6.56,19-Dec-20,12
2020,355,0,0.98,87.62,26.17,23.84,29.7,23.74,6.38,20-Dec-20,12
2020,356,0,0.89,88.5,25.75,23.63,28.7,23.6,6.8,21-Dec-20,12
2020,357,0,0.91,89.69,25.93,24.04,28.99,24.12,7.57,22-Dec-20,12
2020,358,0,0.82,88.69,26.22,24.09,29.8,23.92,6.82,23-Dec-20,12
2020,359,0,0.81,89.19,26.06,24.08,28.97,24.22,6.96,24-Dec-20,12
2020,360,0,0.94,88.88,25.51,23.47,28.79,23.26,7.48,25-Dec-20,12
2020,361,0,0.9,87.88,25.19,22.9,28.79,22.67,7,26-Dec-20,12
2020,362,0,0.88,88.31,24.9,22.69,28.69,22.51,6.13,27-Dec-20,12
2020,363,0,0.66,86.69,24.95,22.37,29.13,21.98,8.35,28-Dec-20,12
2020,364,0,0.7,88.62,25.27,23.1,29.29,22.41,7.85,29-Dec-20,12
2020,365,5.27,0.73,89.56,25.31,23.37,28.65,22.94,7.53,30-Dec-20,12
2020,366,5.27,0.74,87.69,25.58,23.23,29.73,23,7.39,31-Dec-20,12
